캐릭터,파일,스킨,원래경로,길이차초
Daniel,Daniel_PlaySkill1037100seq0_1_ko.wav,S001,Assets/Addressables/Sound/VOICE/Daniel/S001/ko/Daniel_PlaySkill1037100seq0_1_ko.wav,0.000
Daniel,Daniel_PlaySkill1037100seq0_1_ko_0.wav,S000,Assets/Addressables/Sound/VOICE/Daniel/S000/ko/Daniel_PlaySkill1037100seq0_1_ko.wav,0.010
Daniel,Daniel_PlaySkill1037100seq0_2_ko.wav,S001,Assets/Addressables/Sound/VOICE/Daniel/S001/ko/Daniel_PlaySkill1037100seq0_2_ko.wav,0.000
Daniel,Daniel_PlaySkill1037100seq0_2_ko_0.wav,S000,Assets/Addressables/Sound/VOICE/Daniel/S000/ko/Daniel_PlaySkill1037100seq0_2_ko.wav,0.000
Daniel,Daniel_PlaySkill1037100seq0_3_ko.wav,S001,Assets/Addressables/Sound/VOICE/Daniel/S001/ko/Daniel_PlaySkill1037100seq0_3_ko.wav,0.000
Daniel,Daniel_PlaySkill1037100seq0_3_ko_0.wav,S000,Assets/Addressables/Sound/VOICE/Daniel/S000/ko/Daniel_PlaySkill1037100seq0_3_ko.wav,0.000
Daniel,Daniel_PlaySkill1037200seq0_1_ko.wav,S001,Assets/Addressables/Sound/VOICE/Daniel/S001/ko/Daniel_PlaySkill1037200seq0_1_ko.wav,0.000
Daniel,Daniel_PlaySkill1037200seq0_1_ko_0.wav,S000,Assets/Addressables/Sound/VOICE/Daniel/S000/ko/Daniel_PlaySkill1037200seq0_1_ko.wav,0.000
Daniel,Daniel_PlaySkill1037200seq0_2_ko.wav,S001,Assets/Addressables/Sound/VOICE/Daniel/S001/ko/Daniel_PlaySkill1037200seq0_2_ko.wav,0.000
Daniel,Daniel_PlaySkill1037200seq0_2_ko_0.wav,S000,Assets/Addressables/Sound/VOICE/Daniel/S000/ko/Daniel_PlaySkill1037200seq0_2_ko.wav,0.000
Daniel,Daniel_PlaySkill1037200seq0_3_ko.wav,S001,Assets/Addressables/Sound/VOICE/Daniel/S001/ko/Daniel_PlaySkill1037200seq0_3_ko.wav,0.000
Daniel,Daniel_PlaySkill1037200seq0_3_ko_0.wav,S000,Assets/Addressables/Sound/VOICE/Daniel/S000/ko/Daniel_PlaySkill1037200seq0_3_ko.wav,0.000
Daniel,Daniel_PlaySkill1037300seq0_1_ko.wav,S001,Assets/Addressables/Sound/VOICE/Daniel/S001/ko/Daniel_PlaySkill1037300seq0_1_ko.wav,0.000
Daniel,Daniel_PlaySkill1037300seq0_1_ko_0.wav,S000,Assets/Addressables/Sound/VOICE/Daniel/S000/ko/Daniel_PlaySkill1037300seq0_1_ko.wav,0.010
Daniel,Daniel_PlaySkill1037300seq0_2_ko.wav,S000,Assets/Addressables/Sound/VOICE/Daniel/S000/ko/Daniel_PlaySkill1037300seq0_2_ko.wav,0.000
Daniel,Daniel_PlaySkill1037300seq0_2_ko_0.wav,S001,Assets/Addressables/Sound/VOICE/Daniel/S001/ko/Daniel_PlaySkill1037300seq0_2_ko.wav,0.000
Daniel,Daniel_PlaySkill1037300seq0_3_ko.wav,S000,Assets/Addressables/Sound/VOICE/Daniel/S000/ko/Daniel_PlaySkill1037300seq0_3_ko.wav,0.000
Daniel,Daniel_PlaySkill1037300seq0_3_ko_0.wav,S001,Assets/Addressables/Sound/VOICE/Daniel/S001/ko/Daniel_PlaySkill1037300seq0_3_ko.wav,0.010
Daniel,Daniel_PlaySkill1037400seq0_1_ko.wav,S000,Assets/Addressables/Sound/VOICE/Daniel/S000/ko/Daniel_PlaySkill1037400seq0_1_ko.wav,0.000
Daniel,Daniel_PlaySkill1037400seq0_1_ko_0.wav,S001,Assets/Addressables/Sound/VOICE/Daniel/S001/ko/Daniel_PlaySkill1037400seq0_1_ko.wav,0.000
Daniel,Daniel_PlaySkill1037400seq0_2_ko.wav,S001,Assets/Addressables/Sound/VOICE/Daniel/S001/ko/Daniel_PlaySkill1037400seq0_2_ko.wav,0.000
Daniel,Daniel_PlaySkill1037400seq0_2_ko_0.wav,S000,Assets/Addressables/Sound/VOICE/Daniel/S000/ko/Daniel_PlaySkill1037400seq0_2_ko.wav,0.000
Daniel,Daniel_PlaySkill1037400seq0_3_ko.wav,S001,Assets/Addressables/Sound/VOICE/Daniel/S001/ko/Daniel_PlaySkill1037400seq0_3_ko.wav,0.000
Daniel,Daniel_PlaySkill1037400seq0_3_ko_0.wav,S000,Assets/Addressables/Sound/VOICE/Daniel/S000/ko/Daniel_PlaySkill1037400seq0_3_ko.wav,0.000
Daniel,Daniel_PlaySkill1037500seq0_1_ko.wav,S000,Assets/Addressables/Sound/VOICE/Daniel/S000/ko/Daniel_PlaySkill1037500seq0_1_ko.wav,0.010
Daniel,Daniel_PlaySkill1037500seq0_1_ko_0.wav,S001,Assets/Addressables/Sound/VOICE/Daniel/S001/ko/Daniel_PlaySkill1037500seq0_1_ko.wav,0.000
Daniel,Daniel_PlaySkill1037500seq0_2_ko.wav,S001,Assets/Addressables/Sound/VOICE/Daniel/S001/ko/Daniel_PlaySkill1037500seq0_2_ko.wav,0.000
Daniel,Daniel_PlaySkill1037500seq0_2_ko_0.wav,S000,Assets/Addressables/Sound/VOICE/Daniel/S000/ko/Daniel_PlaySkill1037500seq0_2_ko.wav,0.000
Daniel,Daniel_PlaySkill1037500seq0_3_ko.wav,S000,Assets/Addressables/Sound/VOICE/Daniel/S000/ko/Daniel_PlaySkill1037500seq0_3_ko.wav,0.000
Daniel,Daniel_PlaySkill1037500seq0_3_ko_0.wav,S001,Assets/Addressables/Sound/VOICE/Daniel/S001/ko/Daniel_PlaySkill1037500seq0_3_ko.wav,0.000
Daniel,Daniel_VictoryCutscene_ko.wav,S001,Assets/Addressables/Sound/VOICE/Daniel/S001/ko/Daniel_VictoryCutscene_ko.wav,0.000
Daniel,Daniel_VictoryCutscene_ko_0.wav,S000,Assets/Addressables/Sound/VOICE/Daniel/S000/ko/Daniel_VictoryCutscene_ko.wav,0.000
Daniel,Daniel_airSupply_1_ko.wav,S001,Assets/Addressables/Sound/VOICE/Daniel/S001/ko/Daniel_airSupply_1_ko.wav,0.000
Daniel,Daniel_airSupply_1_ko_0.wav,S000,Assets/Addressables/Sound/VOICE/Daniel/S000/ko/Daniel_airSupply_1_ko.wav,0.000
Daniel,Daniel_airSupply_2_ko.wav,S000,Assets/Addressables/Sound/VOICE/Daniel/S000/ko/Daniel_airSupply_2_ko.wav,0.000
Daniel,Daniel_airSupply_2_ko_0.wav,S001,Assets/Addressables/Sound/VOICE/Daniel/S001/ko/Daniel_airSupply_2_ko.wav,0.001
Daniel,Daniel_airSupply_3_ko.wav,S001,Assets/Addressables/Sound/VOICE/Daniel/S001/ko/Daniel_airSupply_3_ko.wav,0.000
Daniel,Daniel_airSupply_3_ko_0.wav,S000,Assets/Addressables/Sound/VOICE/Daniel/S000/ko/Daniel_airSupply_3_ko.wav,0.000
Daniel,Daniel_box_1_ko.wav,S001,Assets/Addressables/Sound/VOICE/Daniel/S001/ko/Daniel_box_1_ko.wav,0.000
Daniel,Daniel_box_1_ko_0.wav,S000,Assets/Addressables/Sound/VOICE/Daniel/S000/ko/Daniel_box_1_ko.wav,0.000
Daniel,Daniel_box_2_ko.wav,S001,Assets/Addressables/Sound/VOICE/Daniel/S001/ko/Daniel_box_2_ko.wav,0.000
Daniel,Daniel_box_2_ko_0.wav,S000,Assets/Addressables/Sound/VOICE/Daniel/S000/ko/Daniel_box_2_ko.wav,0.010
Daniel,Daniel_box_3_ko.wav,S001,Assets/Addressables/Sound/VOICE/Daniel/S001/ko/Daniel_box_3_ko.wav,0.000
Daniel,Daniel_box_3_ko_0.wav,S000,Assets/Addressables/Sound/VOICE/Daniel/S000/ko/Daniel_box_3_ko.wav,0.000
Daniel,Daniel_callRemoteDrone_1_ko.wav,S001,Assets/Addressables/Sound/VOICE/Daniel/S001/ko/Daniel_callRemoteDrone_1_ko.wav,0.000
Daniel,Daniel_callRemoteDrone_1_ko_0.wav,S000,Assets/Addressables/Sound/VOICE/Daniel/S000/ko/Daniel_callRemoteDrone_1_ko.wav,0.010
Daniel,Daniel_callRemoteDrone_2_ko.wav,S000,Assets/Addressables/Sound/VOICE/Daniel/S000/ko/Daniel_callRemoteDrone_2_ko.wav,0.000
Daniel,Daniel_callRemoteDrone_2_ko_0.wav,S001,Assets/Addressables/Sound/VOICE/Daniel/S001/ko/Daniel_callRemoteDrone_2_ko.wav,0.000
Daniel,Daniel_cctv_1_ko.wav,S001,Assets/Addressables/Sound/VOICE/Daniel/S001/ko/Daniel_cctv_1_ko.wav,0.000
Daniel,Daniel_cctv_1_ko_0.wav,S000,Assets/Addressables/Sound/VOICE/Daniel/S000/ko/Daniel_cctv_1_ko.wav,0.000
Daniel,Daniel_cctv_2_ko.wav,S001,Assets/Addressables/Sound/VOICE/Daniel/S001/ko/Daniel_cctv_2_ko.wav,0.000
Daniel,Daniel_cctv_2_ko_0.wav,S000,Assets/Addressables/Sound/VOICE/Daniel/S000/ko/Daniel_cctv_2_ko.wav,0.000
Daniel,Daniel_clutchActivate_1_ko.wav,S001,Assets/Addressables/Sound/VOICE/Daniel/S001/ko/Daniel_clutchActivate_1_ko.wav,0.000
Daniel,Daniel_clutchActivate_1_ko_0.wav,S000,Assets/Addressables/Sound/VOICE/Daniel/S000/ko/Daniel_clutchActivate_1_ko.wav,0.000
Daniel,Daniel_cobaltOccupation_1_ko.wav,S000,Assets/Addressables/Sound/VOICE/Daniel/S000/ko/Daniel_cobaltOccupation_1_ko.wav,0.000
Daniel,Daniel_cobaltOccupation_1_ko_0.wav,S001,Assets/Addressables/Sound/VOICE/Daniel/S001/ko/Daniel_cobaltOccupation_1_ko.wav,0.000
Daniel,Daniel_collectbrunch_1_ko.wav,S000,Assets/Addressables/Sound/VOICE/Daniel/S000/ko/Daniel_collectbrunch_1_ko.wav,0.000
Daniel,Daniel_collectbrunch_1_ko_0.wav,S001,Assets/Addressables/Sound/VOICE/Daniel/S001/ko/Daniel_collectbrunch_1_ko.wav,0.000
Daniel,Daniel_collectfishRiver_1_ko.wav,S001,Assets/Addressables/Sound/VOICE/Daniel/S001/ko/Daniel_collectfishRiver_1_ko.wav,0.000
Daniel,Daniel_collectfishRiver_1_ko_0.wav,S000,Assets/Addressables/Sound/VOICE/Daniel/S000/ko/Daniel_collectfishRiver_1_ko.wav,0.000
Daniel,Daniel_collectfishSea_1_ko.wav,S001,Assets/Addressables/Sound/VOICE/Daniel/S001/ko/Daniel_collectfishSea_1_ko.wav,0.000
Daniel,Daniel_collectfishSea_1_ko_0.wav,S000,Assets/Addressables/Sound/VOICE/Daniel/S000/ko/Daniel_collectfishSea_1_ko.wav,0.000
Daniel,Daniel_collectflower_1_ko.wav,S001,Assets/Addressables/Sound/VOICE/Daniel/S001/ko/Daniel_collectflower_1_ko.wav,0.000
Daniel,Daniel_collectflower_1_ko_0.wav,S000,Assets/Addressables/Sound/VOICE/Daniel/S000/ko/Daniel_collectflower_1_ko.wav,0.000
Daniel,Daniel_collectpotato_1_ko.wav,S001,Assets/Addressables/Sound/VOICE/Daniel/S001/ko/Daniel_collectpotato_1_ko.wav,0.010
Daniel,Daniel_collectpotato_1_ko_0.wav,S000,Assets/Addressables/Sound/VOICE/Daniel/S000/ko/Daniel_collectpotato_1_ko.wav,0.000
Daniel,Daniel_collectstone_1_ko.wav,S001,Assets/Addressables/Sound/VOICE/Daniel/S001/ko/Daniel_collectstone_1_ko.wav,0.000
Daniel,Daniel_collectstone_1_ko_0.wav,S000,Assets/Addressables/Sound/VOICE/Daniel/S000/ko/Daniel_collectstone_1_ko.wav,0.000
Daniel,Daniel_collectwater_1_ko.wav,S001,Assets/Addressables/Sound/VOICE/Daniel/S001/ko/Daniel_collectwater_1_ko.wav,0.000
Daniel,Daniel_collectwater_1_ko_0.wav,S000,Assets/Addressables/Sound/VOICE/Daniel/S000/ko/Daniel_collectwater_1_ko.wav,0.000
Daniel,Daniel_communicationPing_food_1_ko.wav,S000,Assets/Addressables/Sound/VOICE/Daniel/S000/ko/Daniel_communicationPing_food_1_ko.wav,0.000
Daniel,Daniel_communicationPing_goal_1_ko.wav,S000,Assets/Addressables/Sound/VOICE/Daniel/S000/ko/Daniel_communicationPing_goal_1_ko.wav,0.000
Daniel,Daniel_communicationPing_goodjob_1_ko.wav,S000,Assets/Addressables/Sound/VOICE/Daniel/S000/ko/Daniel_communicationPing_goodjob_1_ko.wav,0.000
Daniel,Daniel_communicationPing_ok_1_ko.wav,S000,Assets/Addressables/Sound/VOICE/Daniel/S000/ko/Daniel_communicationPing_ok_1_ko.wav,0.000
Daniel,Daniel_communicationPing_sorry_1_ko.wav,S000,Assets/Addressables/Sound/VOICE/Daniel/S000/ko/Daniel_communicationPing_sorry_1_ko.wav,0.000
Daniel,Daniel_communicationPing_thankyou_1_ko.wav,S000,Assets/Addressables/Sound/VOICE/Daniel/S000/ko/Daniel_communicationPing_thankyou_1_ko.wav,0.000
Daniel,Daniel_communicationPing_waiting_1_ko.wav,S000,Assets/Addressables/Sound/VOICE/Daniel/S000/ko/Daniel_communicationPing_waiting_1_ko.wav,0.000
Daniel,Daniel_communicationping_drink_1_ko.wav,S000,Assets/Addressables/Sound/VOICE/Daniel/S000/ko/Daniel_communicationping_drink_1_ko.wav,0.000
Daniel,Daniel_communicationping_gathering_1_ko.wav,S000,Assets/Addressables/Sound/VOICE/Daniel/S000/ko/Daniel_communicationping_gathering_1_ko.wav,0.000
Daniel,Daniel_craftEpic_1_ko.wav,S001,Assets/Addressables/Sound/VOICE/Daniel/S001/ko/Daniel_craftEpic_1_ko.wav,0.000
Daniel,Daniel_craftEpic_1_ko_0.wav,S000,Assets/Addressables/Sound/VOICE/Daniel/S000/ko/Daniel_craftEpic_1_ko.wav,0.000
Daniel,Daniel_craftEpic_2_ko.wav,S000,Assets/Addressables/Sound/VOICE/Daniel/S000/ko/Daniel_craftEpic_2_ko.wav,0.000
Daniel,Daniel_craftEpic_2_ko_0.wav,S001,Assets/Addressables/Sound/VOICE/Daniel/S001/ko/Daniel_craftEpic_2_ko.wav,0.000
Daniel,Daniel_craftEpic_3_ko.wav,S001,Assets/Addressables/Sound/VOICE/Daniel/S001/ko/Daniel_craftEpic_3_ko.wav,0.000
Daniel,Daniel_craftEpic_3_ko_0.wav,S000,Assets/Addressables/Sound/VOICE/Daniel/S000/ko/Daniel_craftEpic_3_ko.wav,0.000
Daniel,Daniel_craftLegend_1_ko.wav,S001,Assets/Addressables/Sound/VOICE/Daniel/S001/ko/Daniel_craftLegend_1_ko.wav,0.000
Daniel,Daniel_craftLegend_1_ko_0.wav,S000,Assets/Addressables/Sound/VOICE/Daniel/S000/ko/Daniel_craftLegend_1_ko.wav,0.000
Daniel,Daniel_craftLegend_2_ko.wav,S000,Assets/Addressables/Sound/VOICE/Daniel/S000/ko/Daniel_craftLegend_2_ko.wav,0.000
Daniel,Daniel_craftLegend_2_ko_0.wav,S001,Assets/Addressables/Sound/VOICE/Daniel/S001/ko/Daniel_craftLegend_2_ko.wav,0.000
Daniel,Daniel_craftLegend_3_ko.wav,S000,Assets/Addressables/Sound/VOICE/Daniel/S000/ko/Daniel_craftLegend_3_ko.wav,0.000
Daniel,Daniel_craftLegend_3_ko_0.wav,S001,Assets/Addressables/Sound/VOICE/Daniel/S001/ko/Daniel_craftLegend_3_ko.wav,0.000
Daniel,Daniel_craftRare_1_ko.wav,S001,Assets/Addressables/Sound/VOICE/Daniel/S001/ko/Daniel_craftRare_1_ko.wav,0.000
Daniel,Daniel_craftRare_1_ko_0.wav,S000,Assets/Addressables/Sound/VOICE/Daniel/S000/ko/Daniel_craftRare_1_ko.wav,0.000
Daniel,Daniel_craftRare_2_ko.wav,S001,Assets/Addressables/Sound/VOICE/Daniel/S001/ko/Daniel_craftRare_2_ko.wav,0.000
Daniel,Daniel_craftRare_2_ko_0.wav,S000,Assets/Addressables/Sound/VOICE/Daniel/S000/ko/Daniel_craftRare_2_ko.wav,0.000
Daniel,Daniel_craftRare_3_ko.wav,S001,Assets/Addressables/Sound/VOICE/Daniel/S001/ko/Daniel_craftRare_3_ko.wav,0.000
Daniel,Daniel_craftRare_3_ko_0.wav,S000,Assets/Addressables/Sound/VOICE/Daniel/S000/ko/Daniel_craftRare_3_ko.wav,0.000
Daniel,Daniel_craftUncommon_1_ko.wav,S000,Assets/Addressables/Sound/VOICE/Daniel/S000/ko/Daniel_craftUncommon_1_ko.wav,0.000
Daniel,Daniel_craftUncommon_1_ko_0.wav,S001,Assets/Addressables/Sound/VOICE/Daniel/S001/ko/Daniel_craftUncommon_1_ko.wav,0.000
Daniel,Daniel_craftUncommon_2_ko.wav,S001,Assets/Addressables/Sound/VOICE/Daniel/S001/ko/Daniel_craftUncommon_2_ko.wav,0.000
Daniel,Daniel_craftUncommon_2_ko_0.wav,S000,Assets/Addressables/Sound/VOICE/Daniel/S000/ko/Daniel_craftUncommon_2_ko.wav,0.000
Daniel,Daniel_craftUncommon_3_ko.wav,S000,Assets/Addressables/Sound/VOICE/Daniel/S000/ko/Daniel_craftUncommon_3_ko.wav,0.000
Daniel,Daniel_craftUncommon_3_ko_0.wav,S001,Assets/Addressables/Sound/VOICE/Daniel/S001/ko/Daniel_craftUncommon_3_ko.wav,0.000
Daniel,Daniel_dead_1_ko.wav,S001,Assets/Addressables/Sound/VOICE/Daniel/S001/ko/Daniel_dead_1_ko.wav,0.000
Daniel,Daniel_dead_1_ko_0.wav,S000,Assets/Addressables/Sound/VOICE/Daniel/S000/ko/Daniel_dead_1_ko.wav,0.000
Daniel,Daniel_dead_2_ko.wav,S001,Assets/Addressables/Sound/VOICE/Daniel/S001/ko/Daniel_dead_2_ko.wav,0.000
Daniel,Daniel_dead_2_ko_0.wav,S000,Assets/Addressables/Sound/VOICE/Daniel/S000/ko/Daniel_dead_2_ko.wav,0.000
Daniel,Daniel_dead_3_ko.wav,S000,Assets/Addressables/Sound/VOICE/Daniel/S000/ko/Daniel_dead_3_ko.wav,0.000
Daniel,Daniel_dead_3_ko_0.wav,S001,Assets/Addressables/Sound/VOICE/Daniel/S001/ko/Daniel_dead_3_ko.wav,0.000
Daniel,Daniel_findCorpsEnemyKill_1_ko.wav,S001,Assets/Addressables/Sound/VOICE/Daniel/S001/ko/Daniel_findCorpsEnemyKill_1_ko.wav,0.000
Daniel,Daniel_findCorpsEnemyKill_1_ko_0.wav,S000,Assets/Addressables/Sound/VOICE/Daniel/S000/ko/Daniel_findCorpsEnemyKill_1_ko.wav,0.000
Daniel,Daniel_firstMove_1_ko.wav,S000,Assets/Addressables/Sound/VOICE/Daniel/S000/ko/Daniel_firstMove_1_ko.wav,0.000
Daniel,Daniel_firstMove_1_ko_0.wav,S001,Assets/Addressables/Sound/VOICE/Daniel/S001/ko/Daniel_firstMove_1_ko.wav,0.000
Daniel,Daniel_firstMove_2_ko.wav,S001,Assets/Addressables/Sound/VOICE/Daniel/S001/ko/Daniel_firstMove_2_ko.wav,0.000
Daniel,Daniel_firstMove_2_ko_0.wav,S000,Assets/Addressables/Sound/VOICE/Daniel/S000/ko/Daniel_firstMove_2_ko.wav,0.000
Daniel,Daniel_firstMove_3_ko.wav,S001,Assets/Addressables/Sound/VOICE/Daniel/S001/ko/Daniel_firstMove_3_ko.wav,0.000
Daniel,Daniel_firstMove_3_ko_0.wav,S000,Assets/Addressables/Sound/VOICE/Daniel/S000/ko/Daniel_firstMove_3_ko.wav,0.000
Daniel,Daniel_hacking_1_ko.wav,S000,Assets/Addressables/Sound/VOICE/Daniel/S000/ko/Daniel_hacking_1_ko.wav,0.000
Daniel,Daniel_hacking_1_ko_0.wav,S001,Assets/Addressables/Sound/VOICE/Daniel/S001/ko/Daniel_hacking_1_ko.wav,0.000
Daniel,Daniel_hacking_2_ko.wav,S000,Assets/Addressables/Sound/VOICE/Daniel/S000/ko/Daniel_hacking_2_ko.wav,0.000
Daniel,Daniel_hacking_2_ko_0.wav,S001,Assets/Addressables/Sound/VOICE/Daniel/S001/ko/Daniel_hacking_2_ko.wav,0.000
Daniel,Daniel_hacking_lost_1_ko.wav,S000,Assets/Addressables/Sound/VOICE/Daniel/S000/ko/Daniel_hacking_lost_1_ko.wav,0.000
Daniel,Daniel_hacking_lost_1_ko_0.wav,S001,Assets/Addressables/Sound/VOICE/Daniel/S001/ko/Daniel_hacking_lost_1_ko.wav,0.003
Daniel,Daniel_highlyPlaced_1_ko.wav,S000,Assets/Addressables/Sound/VOICE/Daniel/S000/ko/Daniel_highlyPlaced_1_ko.wav,0.000
Daniel,Daniel_highlyPlaced_1_ko_0.wav,S001,Assets/Addressables/Sound/VOICE/Daniel/S001/ko/Daniel_highlyPlaced_1_ko.wav,0.007
Daniel,Daniel_highlyPlaced_2_ko.wav,S000,Assets/Addressables/Sound/VOICE/Daniel/S000/ko/Daniel_highlyPlaced_2_ko.wav,0.000
Daniel,Daniel_highlyPlaced_2_ko_0.wav,S001,Assets/Addressables/Sound/VOICE/Daniel/S001/ko/Daniel_highlyPlaced_2_ko.wav,0.000
Daniel,Daniel_hyperloopAlly_1_ko.wav,S001,Assets/Addressables/Sound/VOICE/Daniel/S001/ko/Daniel_hyperloopAlly_1_ko.wav,0.000
Daniel,Daniel_hyperloopAlly_1_ko_0.wav,S000,Assets/Addressables/Sound/VOICE/Daniel/S000/ko/Daniel_hyperloopAlly_1_ko.wav,0.000
Daniel,Daniel_hyperloopAlly_2_ko.wav,S000,Assets/Addressables/Sound/VOICE/Daniel/S000/ko/Daniel_hyperloopAlly_2_ko.wav,0.000
Daniel,Daniel_hyperloopAlly_2_ko_0.wav,S001,Assets/Addressables/Sound/VOICE/Daniel/S001/ko/Daniel_hyperloopAlly_2_ko.wav,0.000
Daniel,Daniel_hyperloop_1_ko.wav,S001,Assets/Addressables/Sound/VOICE/Daniel/S001/ko/Daniel_hyperloop_1_ko.wav,0.000
Daniel,Daniel_hyperloop_1_ko_0.wav,S000,Assets/Addressables/Sound/VOICE/Daniel/S000/ko/Daniel_hyperloop_1_ko.wav,0.000
Daniel,Daniel_hyperloop_2_ko.wav,S000,Assets/Addressables/Sound/VOICE/Daniel/S000/ko/Daniel_hyperloop_2_ko.wav,0.000
Daniel,Daniel_hyperloop_2_ko_0.wav,S001,Assets/Addressables/Sound/VOICE/Daniel/S001/ko/Daniel_hyperloop_2_ko.wav,0.000
Daniel,Daniel_kill10Player_1_ko.wav,S001,Assets/Addressables/Sound/VOICE/Daniel/S001/ko/Daniel_kill10Player_1_ko.wav,0.000
Daniel,Daniel_kill10Player_1_ko_0.wav,S000,Assets/Addressables/Sound/VOICE/Daniel/S000/ko/Daniel_kill10Player_1_ko.wav,0.000
Daniel,Daniel_kill11Player_1_ko.wav,S001,Assets/Addressables/Sound/VOICE/Daniel/S001/ko/Daniel_kill11Player_1_ko.wav,0.000
Daniel,Daniel_kill11Player_1_ko_0.wav,S000,Assets/Addressables/Sound/VOICE/Daniel/S000/ko/Daniel_kill11Player_1_ko.wav,0.000
Daniel,Daniel_kill12Player_1_ko.wav,S001,Assets/Addressables/Sound/VOICE/Daniel/S001/ko/Daniel_kill12Player_1_ko.wav,0.000
Daniel,Daniel_kill12Player_1_ko_0.wav,S000,Assets/Addressables/Sound/VOICE/Daniel/S000/ko/Daniel_kill12Player_1_ko.wav,0.000
Daniel,Daniel_kill13Player_1_ko.wav,S000,Assets/Addressables/Sound/VOICE/Daniel/S000/ko/Daniel_kill13Player_1_ko.wav,0.000
Daniel,Daniel_kill13Player_1_ko_0.wav,S001,Assets/Addressables/Sound/VOICE/Daniel/S001/ko/Daniel_kill13Player_1_ko.wav,0.000
Daniel,Daniel_kill14Player_1_ko.wav,S000,Assets/Addressables/Sound/VOICE/Daniel/S000/ko/Daniel_kill14Player_1_ko.wav,0.000
Daniel,Daniel_kill14Player_1_ko_0.wav,S001,Assets/Addressables/Sound/VOICE/Daniel/S001/ko/Daniel_kill14Player_1_ko.wav,0.010
Daniel,Daniel_kill1Player_1_ko.wav,S001,Assets/Addressables/Sound/VOICE/Daniel/S001/ko/Daniel_kill1Player_1_ko.wav,0.000
Daniel,Daniel_kill1Player_1_ko_0.wav,S000,Assets/Addressables/Sound/VOICE/Daniel/S000/ko/Daniel_kill1Player_1_ko.wav,0.000
Daniel,Daniel_kill1Player_2_ko.wav,S000,Assets/Addressables/Sound/VOICE/Daniel/S000/ko/Daniel_kill1Player_2_ko.wav,0.000
Daniel,Daniel_kill1Player_2_ko_0.wav,S001,Assets/Addressables/Sound/VOICE/Daniel/S001/ko/Daniel_kill1Player_2_ko.wav,0.000
Daniel,Daniel_kill2Player_1_ko.wav,S001,Assets/Addressables/Sound/VOICE/Daniel/S001/ko/Daniel_kill2Player_1_ko.wav,0.000
Daniel,Daniel_kill2Player_1_ko_0.wav,S000,Assets/Addressables/Sound/VOICE/Daniel/S000/ko/Daniel_kill2Player_1_ko.wav,0.000
Daniel,Daniel_kill3Player_1_ko.wav,S001,Assets/Addressables/Sound/VOICE/Daniel/S001/ko/Daniel_kill3Player_1_ko.wav,0.000
Daniel,Daniel_kill3Player_1_ko_0.wav,S000,Assets/Addressables/Sound/VOICE/Daniel/S000/ko/Daniel_kill3Player_1_ko.wav,0.010
Daniel,Daniel_kill4Player_1_ko.wav,S000,Assets/Addressables/Sound/VOICE/Daniel/S000/ko/Daniel_kill4Player_1_ko.wav,0.000
Daniel,Daniel_kill4Player_1_ko_0.wav,S001,Assets/Addressables/Sound/VOICE/Daniel/S001/ko/Daniel_kill4Player_1_ko.wav,0.000
Daniel,Daniel_kill5Player_1_ko.wav,S000,Assets/Addressables/Sound/VOICE/Daniel/S000/ko/Daniel_kill5Player_1_ko.wav,0.000
Daniel,Daniel_kill5Player_1_ko_0.wav,S001,Assets/Addressables/Sound/VOICE/Daniel/S001/ko/Daniel_kill5Player_1_ko.wav,0.000
Daniel,Daniel_kill6Player_1_ko.wav,S001,Assets/Addressables/Sound/VOICE/Daniel/S001/ko/Daniel_kill6Player_1_ko.wav,0.000
Daniel,Daniel_kill6Player_1_ko_0.wav,S000,Assets/Addressables/Sound/VOICE/Daniel/S000/ko/Daniel_kill6Player_1_ko.wav,0.000
Daniel,Daniel_kill7Player_1_ko.wav,S001,Assets/Addressables/Sound/VOICE/Daniel/S001/ko/Daniel_kill7Player_1_ko.wav,0.000
Daniel,Daniel_kill7Player_1_ko_0.wav,S000,Assets/Addressables/Sound/VOICE/Daniel/S000/ko/Daniel_kill7Player_1_ko.wav,0.000
Daniel,Daniel_kill8Player_1_ko.wav,S001,Assets/Addressables/Sound/VOICE/Daniel/S001/ko/Daniel_kill8Player_1_ko.wav,0.000
Daniel,Daniel_kill8Player_1_ko_0.wav,S000,Assets/Addressables/Sound/VOICE/Daniel/S000/ko/Daniel_kill8Player_1_ko.wav,0.000
Daniel,Daniel_kill9Player_1_ko.wav,S000,Assets/Addressables/Sound/VOICE/Daniel/S000/ko/Daniel_kill9Player_1_ko.wav,0.000
Daniel,Daniel_kill9Player_1_ko_0.wav,S001,Assets/Addressables/Sound/VOICE/Daniel/S001/ko/Daniel_kill9Player_1_ko.wav,0.000
Daniel,Daniel_killMonster_1_ko.wav,S000,Assets/Addressables/Sound/VOICE/Daniel/S000/ko/Daniel_killMonster_1_ko.wav,0.000
Daniel,Daniel_killMonster_1_ko_0.wav,S001,Assets/Addressables/Sound/VOICE/Daniel/S001/ko/Daniel_killMonster_1_ko.wav,0.000
Daniel,Daniel_killMonster_2_ko.wav,S001,Assets/Addressables/Sound/VOICE/Daniel/S001/ko/Daniel_killMonster_2_ko.wav,0.000
Daniel,Daniel_killMonster_2_ko_0.wav,S000,Assets/Addressables/Sound/VOICE/Daniel/S000/ko/Daniel_killMonster_2_ko.wav,0.000
Daniel,Daniel_killMonster_3_ko.wav,S001,Assets/Addressables/Sound/VOICE/Daniel/S001/ko/Daniel_killMonster_3_ko.wav,0.000
Daniel,Daniel_killMonster_3_ko_0.wav,S000,Assets/Addressables/Sound/VOICE/Daniel/S000/ko/Daniel_killMonster_3_ko.wav,0.000
Daniel,Daniel_learnweaponskill_OneHandSword_1_ko.wav,S000,Assets/Addressables/Sound/VOICE/Daniel/S000/ko/Daniel_learnweaponskill_OneHandSword_1_ko.wav,0.000
Daniel,Daniel_learnweaponskill_OneHandSword_1_ko_0.wav,S001,Assets/Addressables/Sound/VOICE/Daniel/S001/ko/Daniel_learnweaponskill_OneHandSword_1_ko.wav,0.000
Daniel,Daniel_learnweaponskill_OneHandSword_2_ko.wav,S000,Assets/Addressables/Sound/VOICE/Daniel/S000/ko/Daniel_learnweaponskill_OneHandSword_2_ko.wav,0.010
Daniel,Daniel_learnweaponskill_OneHandSword_2_ko_0.wav,S001,Assets/Addressables/Sound/VOICE/Daniel/S001/ko/Daniel_learnweaponskill_OneHandSword_2_ko.wav,0.000
Daniel,Daniel_learnweaponskill_Rapier_1_ko.wav,S000,Assets/Addressables/Sound/VOICE/Daniel/S000/ko/Daniel_learnweaponskill_Rapier_1_ko.wav,파형상관 1.0000
Daniel,Daniel_learnweaponskill_Rapier_1_ko_0.wav,S001,Assets/Addressables/Sound/VOICE/Daniel/S001/ko/Daniel_learnweaponskill_Rapier_1_ko.wav,파형상관 1.0000
Daniel,Daniel_learnweaponskillnextlvl_Rapier_1_ko.wav,S001,Assets/Addressables/Sound/VOICE/Daniel/S001/ko/Daniel_learnweaponskillnextlvl_Rapier_1_ko.wav,파형상관 1.0000
Daniel,Daniel_learnweaponskillnextlvl_Rapier_1_ko_0.wav,S000,Assets/Addressables/Sound/VOICE/Daniel/S000/ko/Daniel_learnweaponskillnextlvl_Rapier_1_ko.wav,파형상관 1.0000
Daniel,Daniel_lootCorpsEnemyKill_1_ko.wav,S001,Assets/Addressables/Sound/VOICE/Daniel/S001/ko/Daniel_lootCorpsEnemyKill_1_ko.wav,0.000
Daniel,Daniel_lootCorpsEnemyKill_1_ko_0.wav,S000,Assets/Addressables/Sound/VOICE/Daniel/S000/ko/Daniel_lootCorpsEnemyKill_1_ko.wav,0.000
Daniel,Daniel_lootCorpsSelfKill_1_ko.wav,S001,Assets/Addressables/Sound/VOICE/Daniel/S001/ko/Daniel_lootCorpsSelfKill_1_ko.wav,0.000
Daniel,Daniel_lootCorpsSelfKill_1_ko_0.wav,S000,Assets/Addressables/Sound/VOICE/Daniel/S000/ko/Daniel_lootCorpsSelfKill_1_ko.wav,0.000
Daniel,Daniel_lost_1_ko.wav,S001,Assets/Addressables/Sound/VOICE/Daniel/S001/ko/Daniel_lost_1_ko.wav,0.000
Daniel,Daniel_lost_1_ko_0.wav,S000,Assets/Addressables/Sound/VOICE/Daniel/S000/ko/Daniel_lost_1_ko.wav,0.000
Daniel,Daniel_lost_2_ko.wav,S001,Assets/Addressables/Sound/VOICE/Daniel/S001/ko/Daniel_lost_2_ko.wav,0.000
Daniel,Daniel_lost_2_ko_0.wav,S000,Assets/Addressables/Sound/VOICE/Daniel/S000/ko/Daniel_lost_2_ko.wav,0.000
Daniel,Daniel_makeFood_1_ko.wav,S000,Assets/Addressables/Sound/VOICE/Daniel/S000/ko/Daniel_makeFood_1_ko.wav,0.000
Daniel,Daniel_makeFood_1_ko_0.wav,S001,Assets/Addressables/Sound/VOICE/Daniel/S001/ko/Daniel_makeFood_1_ko.wav,0.000
Daniel,Daniel_makeFood_2_ko.wav,S001,Assets/Addressables/Sound/VOICE/Daniel/S001/ko/Daniel_makeFood_2_ko.wav,0.000
Daniel,Daniel_makeFood_2_ko_0.wav,S000,Assets/Addressables/Sound/VOICE/Daniel/S000/ko/Daniel_makeFood_2_ko.wav,0.000
Daniel,Daniel_makeFood_3_ko.wav,S001,Assets/Addressables/Sound/VOICE/Daniel/S001/ko/Daniel_makeFood_3_ko.wav,0.000
Daniel,Daniel_makeFood_3_ko_0.wav,S000,Assets/Addressables/Sound/VOICE/Daniel/S000/ko/Daniel_makeFood_3_ko.wav,0.000
Daniel,Daniel_moveInAlley_1_ko.wav,S000,Assets/Addressables/Sound/VOICE/Daniel/S000/ko/Daniel_moveInAlley_1_ko.wav,0.000
Daniel,Daniel_moveInAlley_1_ko_0.wav,S001,Assets/Addressables/Sound/VOICE/Daniel/S001/ko/Daniel_moveInAlley_1_ko.wav,0.000
Daniel,Daniel_moveInAlley_2_ko.wav,S001,Assets/Addressables/Sound/VOICE/Daniel/S001/ko/Daniel_moveInAlley_2_ko.wav,0.000
Daniel,Daniel_moveInAlley_2_ko_0.wav,S000,Assets/Addressables/Sound/VOICE/Daniel/S000/ko/Daniel_moveInAlley_2_ko.wav,0.000
Daniel,Daniel_moveInAlley_3_ko.wav,S000,Assets/Addressables/Sound/VOICE/Daniel/S000/ko/Daniel_moveInAlley_3_ko.wav,0.000
Daniel,Daniel_moveInAlley_3_ko_0.wav,S001,Assets/Addressables/Sound/VOICE/Daniel/S001/ko/Daniel_moveInAlley_3_ko.wav,0.000
Daniel,Daniel_moveInArchery_1_ko.wav,S000,Assets/Addressables/Sound/VOICE/Daniel/S000/ko/Daniel_moveInArchery_1_ko.wav,0.010
Daniel,Daniel_moveInArchery_1_ko_0.wav,S001,Assets/Addressables/Sound/VOICE/Daniel/S001/ko/Daniel_moveInArchery_1_ko.wav,0.000
Daniel,Daniel_moveInArchery_2_ko.wav,S000,Assets/Addressables/Sound/VOICE/Daniel/S000/ko/Daniel_moveInArchery_2_ko.wav,0.000
Daniel,Daniel_moveInArchery_2_ko_0.wav,S001,Assets/Addressables/Sound/VOICE/Daniel/S001/ko/Daniel_moveInArchery_2_ko.wav,0.000
Daniel,Daniel_moveInArchery_3_ko.wav,S001,Assets/Addressables/Sound/VOICE/Daniel/S001/ko/Daniel_moveInArchery_3_ko.wav,0.000
Daniel,Daniel_moveInArchery_3_ko_0.wav,S000,Assets/Addressables/Sound/VOICE/Daniel/S000/ko/Daniel_moveInArchery_3_ko.wav,0.000
Daniel,Daniel_moveInCemetery_1_ko.wav,S000,Assets/Addressables/Sound/VOICE/Daniel/S000/ko/Daniel_moveInCemetery_1_ko.wav,0.000
Daniel,Daniel_moveInCemetery_1_ko_0.wav,S001,Assets/Addressables/Sound/VOICE/Daniel/S001/ko/Daniel_moveInCemetery_1_ko.wav,0.000
Daniel,Daniel_moveInCemetery_2_ko.wav,S000,Assets/Addressables/Sound/VOICE/Daniel/S000/ko/Daniel_moveInCemetery_2_ko.wav,0.000
Daniel,Daniel_moveInCemetery_2_ko_0.wav,S001,Assets/Addressables/Sound/VOICE/Daniel/S001/ko/Daniel_moveInCemetery_2_ko.wav,0.000
Daniel,Daniel_moveInCemetery_3_ko.wav,S001,Assets/Addressables/Sound/VOICE/Daniel/S001/ko/Daniel_moveInCemetery_3_ko.wav,0.000
Daniel,Daniel_moveInCemetery_3_ko_0.wav,S000,Assets/Addressables/Sound/VOICE/Daniel/S000/ko/Daniel_moveInCemetery_3_ko.wav,0.000
Daniel,Daniel_moveInChurch_1_ko.wav,S001,Assets/Addressables/Sound/VOICE/Daniel/S001/ko/Daniel_moveInChurch_1_ko.wav,0.000
Daniel,Daniel_moveInChurch_1_ko_0.wav,S000,Assets/Addressables/Sound/VOICE/Daniel/S000/ko/Daniel_moveInChurch_1_ko.wav,0.000
Daniel,Daniel_moveInChurch_2_ko.wav,S001,Assets/Addressables/Sound/VOICE/Daniel/S001/ko/Daniel_moveInChurch_2_ko.wav,0.000
Daniel,Daniel_moveInChurch_2_ko_0.wav,S000,Assets/Addressables/Sound/VOICE/Daniel/S000/ko/Daniel_moveInChurch_2_ko.wav,0.000
Daniel,Daniel_moveInChurch_3_ko.wav,S000,Assets/Addressables/Sound/VOICE/Daniel/S000/ko/Daniel_moveInChurch_3_ko.wav,0.000
Daniel,Daniel_moveInChurch_3_ko_0.wav,S001,Assets/Addressables/Sound/VOICE/Daniel/S001/ko/Daniel_moveInChurch_3_ko.wav,0.000
Daniel,Daniel_moveInFactory_1_ko.wav,S000,Assets/Addressables/Sound/VOICE/Daniel/S000/ko/Daniel_moveInFactory_1_ko.wav,0.000
Daniel,Daniel_moveInFactory_1_ko_0.wav,S001,Assets/Addressables/Sound/VOICE/Daniel/S001/ko/Daniel_moveInFactory_1_ko.wav,0.000
Daniel,Daniel_moveInFactory_2_ko.wav,S001,Assets/Addressables/Sound/VOICE/Daniel/S001/ko/Daniel_moveInFactory_2_ko.wav,0.000
Daniel,Daniel_moveInFactory_2_ko_0.wav,S000,Assets/Addressables/Sound/VOICE/Daniel/S000/ko/Daniel_moveInFactory_2_ko.wav,0.000
Daniel,Daniel_moveInFactory_3_ko.wav,S000,Assets/Addressables/Sound/VOICE/Daniel/S000/ko/Daniel_moveInFactory_3_ko.wav,0.000
Daniel,Daniel_moveInFactory_3_ko_0.wav,S001,Assets/Addressables/Sound/VOICE/Daniel/S001/ko/Daniel_moveInFactory_3_ko.wav,0.010
Daniel,Daniel_moveInFireStation_1_ko.wav,S000,Assets/Addressables/Sound/VOICE/Daniel/S000/ko/Daniel_moveInFireStation_1_ko.wav,0.000
Daniel,Daniel_moveInFireStation_1_ko_0.wav,S001,Assets/Addressables/Sound/VOICE/Daniel/S001/ko/Daniel_moveInFireStation_1_ko.wav,0.000
Daniel,Daniel_moveInFireStation_2_ko.wav,S000,Assets/Addressables/Sound/VOICE/Daniel/S000/ko/Daniel_moveInFireStation_2_ko.wav,0.000
Daniel,Daniel_moveInFireStation_2_ko_0.wav,S001,Assets/Addressables/Sound/VOICE/Daniel/S001/ko/Daniel_moveInFireStation_2_ko.wav,0.000
Daniel,Daniel_moveInFireStation_3_ko.wav,S001,Assets/Addressables/Sound/VOICE/Daniel/S001/ko/Daniel_moveInFireStation_3_ko.wav,0.000
Daniel,Daniel_moveInFireStation_3_ko_0.wav,S000,Assets/Addressables/Sound/VOICE/Daniel/S000/ko/Daniel_moveInFireStation_3_ko.wav,0.010
Daniel,Daniel_moveInForest_1_ko.wav,S000,Assets/Addressables/Sound/VOICE/Daniel/S000/ko/Daniel_moveInForest_1_ko.wav,0.000
Daniel,Daniel_moveInForest_1_ko_0.wav,S001,Assets/Addressables/Sound/VOICE/Daniel/S001/ko/Daniel_moveInForest_1_ko.wav,0.000
Daniel,Daniel_moveInForest_2_ko.wav,S001,Assets/Addressables/Sound/VOICE/Daniel/S001/ko/Daniel_moveInForest_2_ko.wav,0.000
Daniel,Daniel_moveInForest_2_ko_0.wav,S000,Assets/Addressables/Sound/VOICE/Daniel/S000/ko/Daniel_moveInForest_2_ko.wav,0.000
Daniel,Daniel_moveInForest_3_ko.wav,S000,Assets/Addressables/Sound/VOICE/Daniel/S000/ko/Daniel_moveInForest_3_ko.wav,0.000
Daniel,Daniel_moveInForest_3_ko_0.wav,S001,Assets/Addressables/Sound/VOICE/Daniel/S001/ko/Daniel_moveInForest_3_ko.wav,0.000
Daniel,Daniel_moveInGasStation_1_ko.wav,S001,Assets/Addressables/Sound/VOICE/Daniel/S001/ko/Daniel_moveInGasStation_1_ko.wav,0.000
Daniel,Daniel_moveInGasStation_1_ko_0.wav,S000,Assets/Addressables/Sound/VOICE/Daniel/S000/ko/Daniel_moveInGasStation_1_ko.wav,0.000
Daniel,Daniel_moveInGasStation_2_ko.wav,S000,Assets/Addressables/Sound/VOICE/Daniel/S000/ko/Daniel_moveInGasStation_2_ko.wav,0.000
Daniel,Daniel_moveInGasStation_2_ko_0.wav,S001,Assets/Addressables/Sound/VOICE/Daniel/S001/ko/Daniel_moveInGasStation_2_ko.wav,0.000
Daniel,Daniel_moveInGasStation_3_ko.wav,S001,Assets/Addressables/Sound/VOICE/Daniel/S001/ko/Daniel_moveInGasStation_3_ko.wav,0.000
Daniel,Daniel_moveInGasStation_3_ko_0.wav,S000,Assets/Addressables/Sound/VOICE/Daniel/S000/ko/Daniel_moveInGasStation_3_ko.wav,0.000
Daniel,Daniel_moveInHarbor_1_ko.wav,S000,Assets/Addressables/Sound/VOICE/Daniel/S000/ko/Daniel_moveInHarbor_1_ko.wav,0.000
Daniel,Daniel_moveInHarbor_1_ko_0.wav,S001,Assets/Addressables/Sound/VOICE/Daniel/S001/ko/Daniel_moveInHarbor_1_ko.wav,0.000
Daniel,Daniel_moveInHarbor_2_ko.wav,S001,Assets/Addressables/Sound/VOICE/Daniel/S001/ko/Daniel_moveInHarbor_2_ko.wav,0.000
Daniel,Daniel_moveInHarbor_2_ko_0.wav,S000,Assets/Addressables/Sound/VOICE/Daniel/S000/ko/Daniel_moveInHarbor_2_ko.wav,0.000
Daniel,Daniel_moveInHarbor_3_ko.wav,S001,Assets/Addressables/Sound/VOICE/Daniel/S001/ko/Daniel_moveInHarbor_3_ko.wav,0.000
Daniel,Daniel_moveInHarbor_3_ko_0.wav,S000,Assets/Addressables/Sound/VOICE/Daniel/S000/ko/Daniel_moveInHarbor_3_ko.wav,0.000
Daniel,Daniel_moveInHospital_1_ko.wav,S000,Assets/Addressables/Sound/VOICE/Daniel/S000/ko/Daniel_moveInHospital_1_ko.wav,0.000
Daniel,Daniel_moveInHospital_1_ko_0.wav,S001,Assets/Addressables/Sound/VOICE/Daniel/S001/ko/Daniel_moveInHospital_1_ko.wav,0.000
Daniel,Daniel_moveInHospital_2_ko.wav,S000,Assets/Addressables/Sound/VOICE/Daniel/S000/ko/Daniel_moveInHospital_2_ko.wav,0.000
Daniel,Daniel_moveInHospital_2_ko_0.wav,S001,Assets/Addressables/Sound/VOICE/Daniel/S001/ko/Daniel_moveInHospital_2_ko.wav,0.000
Daniel,Daniel_moveInHospital_3_ko.wav,S001,Assets/Addressables/Sound/VOICE/Daniel/S001/ko/Daniel_moveInHospital_3_ko.wav,0.000
Daniel,Daniel_moveInHospital_3_ko_0.wav,S000,Assets/Addressables/Sound/VOICE/Daniel/S000/ko/Daniel_moveInHospital_3_ko.wav,0.000
Daniel,Daniel_moveInHotel_1_ko.wav,S000,Assets/Addressables/Sound/VOICE/Daniel/S000/ko/Daniel_moveInHotel_1_ko.wav,0.000
Daniel,Daniel_moveInHotel_1_ko_0.wav,S001,Assets/Addressables/Sound/VOICE/Daniel/S001/ko/Daniel_moveInHotel_1_ko.wav,0.000
Daniel,Daniel_moveInHotel_2_ko.wav,S000,Assets/Addressables/Sound/VOICE/Daniel/S000/ko/Daniel_moveInHotel_2_ko.wav,0.000
Daniel,Daniel_moveInHotel_2_ko_0.wav,S001,Assets/Addressables/Sound/VOICE/Daniel/S001/ko/Daniel_moveInHotel_2_ko.wav,0.000
Daniel,Daniel_moveInHotel_3_ko.wav,S000,Assets/Addressables/Sound/VOICE/Daniel/S000/ko/Daniel_moveInHotel_3_ko.wav,0.010
Daniel,Daniel_moveInHotel_3_ko_0.wav,S001,Assets/Addressables/Sound/VOICE/Daniel/S001/ko/Daniel_moveInHotel_3_ko.wav,0.000
Daniel,Daniel_moveInLaboratoryOutside_1_ko.wav,S000,Assets/Addressables/Sound/VOICE/Daniel/S000/ko/Daniel_moveInLaboratoryOutside_1_ko.wav,0.000
Daniel,Daniel_moveInLaboratoryOutside_1_ko_0.wav,S001,Assets/Addressables/Sound/VOICE/Daniel/S001/ko/Daniel_moveInLaboratoryOutside_1_ko.wav,0.000
Daniel,Daniel_moveInLaboratoryOutside_2_ko.wav,S000,Assets/Addressables/Sound/VOICE/Daniel/S000/ko/Daniel_moveInLaboratoryOutside_2_ko.wav,0.000
Daniel,Daniel_moveInLaboratoryOutside_2_ko_0.wav,S001,Assets/Addressables/Sound/VOICE/Daniel/S001/ko/Daniel_moveInLaboratoryOutside_2_ko.wav,0.000
Daniel,Daniel_moveInLaboratoryOutside_3_ko.wav,S001,Assets/Addressables/Sound/VOICE/Daniel/S001/ko/Daniel_moveInLaboratoryOutside_3_ko.wav,0.000
Daniel,Daniel_moveInLaboratoryOutside_3_ko_0.wav,S000,Assets/Addressables/Sound/VOICE/Daniel/S000/ko/Daniel_moveInLaboratoryOutside_3_ko.wav,0.000
Daniel,Daniel_moveInLaboratory_1_ko.wav,S000,Assets/Addressables/Sound/VOICE/Daniel/S000/ko/Daniel_moveInLaboratory_1_ko.wav,0.000
Daniel,Daniel_moveInLaboratory_1_ko_0.wav,S001,Assets/Addressables/Sound/VOICE/Daniel/S001/ko/Daniel_moveInLaboratory_1_ko.wav,0.000
Daniel,Daniel_moveInLaboratory_2_ko.wav,S000,Assets/Addressables/Sound/VOICE/Daniel/S000/ko/Daniel_moveInLaboratory_2_ko.wav,0.010
Daniel,Daniel_moveInLaboratory_2_ko_0.wav,S001,Assets/Addressables/Sound/VOICE/Daniel/S001/ko/Daniel_moveInLaboratory_2_ko.wav,0.000
Daniel,Daniel_moveInLaboratory_3_ko.wav,S001,Assets/Addressables/Sound/VOICE/Daniel/S001/ko/Daniel_moveInLaboratory_3_ko.wav,0.000
Daniel,Daniel_moveInLaboratory_3_ko_0.wav,S000,Assets/Addressables/Sound/VOICE/Daniel/S000/ko/Daniel_moveInLaboratory_3_ko.wav,0.000
Daniel,Daniel_moveInPoliceStation_1_ko.wav,S001,Assets/Addressables/Sound/VOICE/Daniel/S001/ko/Daniel_moveInPoliceStation_1_ko.wav,0.010
Daniel,Daniel_moveInPoliceStation_1_ko_0.wav,S000,Assets/Addressables/Sound/VOICE/Daniel/S000/ko/Daniel_moveInPoliceStation_1_ko.wav,0.000
Daniel,Daniel_moveInPoliceStation_2_ko.wav,S001,Assets/Addressables/Sound/VOICE/Daniel/S001/ko/Daniel_moveInPoliceStation_2_ko.wav,0.000
Daniel,Daniel_moveInPoliceStation_2_ko_0.wav,S000,Assets/Addressables/Sound/VOICE/Daniel/S000/ko/Daniel_moveInPoliceStation_2_ko.wav,0.000
Daniel,Daniel_moveInPoliceStation_3_ko.wav,S001,Assets/Addressables/Sound/VOICE/Daniel/S001/ko/Daniel_moveInPoliceStation_3_ko.wav,0.000
Daniel,Daniel_moveInPoliceStation_3_ko_0.wav,S000,Assets/Addressables/Sound/VOICE/Daniel/S000/ko/Daniel_moveInPoliceStation_3_ko.wav,0.000
Daniel,Daniel_moveInPond_1_ko.wav,S001,Assets/Addressables/Sound/VOICE/Daniel/S001/ko/Daniel_moveInPond_1_ko.wav,0.000
Daniel,Daniel_moveInPond_1_ko_0.wav,S000,Assets/Addressables/Sound/VOICE/Daniel/S000/ko/Daniel_moveInPond_1_ko.wav,0.000
Daniel,Daniel_moveInPond_2_ko.wav,S000,Assets/Addressables/Sound/VOICE/Daniel/S000/ko/Daniel_moveInPond_2_ko.wav,0.000
Daniel,Daniel_moveInPond_2_ko_0.wav,S001,Assets/Addressables/Sound/VOICE/Daniel/S001/ko/Daniel_moveInPond_2_ko.wav,0.000
Daniel,Daniel_moveInPond_3_ko.wav,S000,Assets/Addressables/Sound/VOICE/Daniel/S000/ko/Daniel_moveInPond_3_ko.wav,0.000
Daniel,Daniel_moveInPond_3_ko_0.wav,S001,Assets/Addressables/Sound/VOICE/Daniel/S001/ko/Daniel_moveInPond_3_ko.wav,0.000
Daniel,Daniel_moveInSandyBeach_1_ko.wav,S001,Assets/Addressables/Sound/VOICE/Daniel/S001/ko/Daniel_moveInSandyBeach_1_ko.wav,0.000
Daniel,Daniel_moveInSandyBeach_1_ko_0.wav,S000,Assets/Addressables/Sound/VOICE/Daniel/S000/ko/Daniel_moveInSandyBeach_1_ko.wav,0.000
Daniel,Daniel_moveInSandyBeach_2_ko.wav,S000,Assets/Addressables/Sound/VOICE/Daniel/S000/ko/Daniel_moveInSandyBeach_2_ko.wav,0.000
Daniel,Daniel_moveInSandyBeach_2_ko_0.wav,S001,Assets/Addressables/Sound/VOICE/Daniel/S001/ko/Daniel_moveInSandyBeach_2_ko.wav,0.000
Daniel,Daniel_moveInSandyBeach_3_ko.wav,S000,Assets/Addressables/Sound/VOICE/Daniel/S000/ko/Daniel_moveInSandyBeach_3_ko.wav,0.000
Daniel,Daniel_moveInSandyBeach_3_ko_0.wav,S001,Assets/Addressables/Sound/VOICE/Daniel/S001/ko/Daniel_moveInSandyBeach_3_ko.wav,0.000
Daniel,Daniel_moveInSchool_1_ko.wav,S001,Assets/Addressables/Sound/VOICE/Daniel/S001/ko/Daniel_moveInSchool_1_ko.wav,0.000
Daniel,Daniel_moveInSchool_1_ko_0.wav,S000,Assets/Addressables/Sound/VOICE/Daniel/S000/ko/Daniel_moveInSchool_1_ko.wav,0.000
Daniel,Daniel_moveInSchool_2_ko.wav,S001,Assets/Addressables/Sound/VOICE/Daniel/S001/ko/Daniel_moveInSchool_2_ko.wav,0.000
Daniel,Daniel_moveInSchool_2_ko_0.wav,S000,Assets/Addressables/Sound/VOICE/Daniel/S000/ko/Daniel_moveInSchool_2_ko.wav,0.010
Daniel,Daniel_moveInSchool_3_ko.wav,S000,Assets/Addressables/Sound/VOICE/Daniel/S000/ko/Daniel_moveInSchool_3_ko.wav,0.000
Daniel,Daniel_moveInSchool_3_ko_0.wav,S001,Assets/Addressables/Sound/VOICE/Daniel/S001/ko/Daniel_moveInSchool_3_ko.wav,0.000
Daniel,Daniel_moveInStream_1_ko.wav,S001,Assets/Addressables/Sound/VOICE/Daniel/S001/ko/Daniel_moveInStream_1_ko.wav,0.000
Daniel,Daniel_moveInStream_1_ko_0.wav,S000,Assets/Addressables/Sound/VOICE/Daniel/S000/ko/Daniel_moveInStream_1_ko.wav,0.000
Daniel,Daniel_moveInStream_2_ko.wav,S000,Assets/Addressables/Sound/VOICE/Daniel/S000/ko/Daniel_moveInStream_2_ko.wav,0.000
Daniel,Daniel_moveInStream_2_ko_0.wav,S001,Assets/Addressables/Sound/VOICE/Daniel/S001/ko/Daniel_moveInStream_2_ko.wav,0.000
Daniel,Daniel_moveInStream_3_ko.wav,S001,Assets/Addressables/Sound/VOICE/Daniel/S001/ko/Daniel_moveInStream_3_ko.wav,0.000
Daniel,Daniel_moveInStream_3_ko_0.wav,S000,Assets/Addressables/Sound/VOICE/Daniel/S000/ko/Daniel_moveInStream_3_ko.wav,0.000
Daniel,Daniel_moveInTemple_1_ko.wav,S000,Assets/Addressables/Sound/VOICE/Daniel/S000/ko/Daniel_moveInTemple_1_ko.wav,0.000
Daniel,Daniel_moveInTemple_1_ko_0.wav,S001,Assets/Addressables/Sound/VOICE/Daniel/S001/ko/Daniel_moveInTemple_1_ko.wav,0.000
Daniel,Daniel_moveInTemple_2_ko.wav,S001,Assets/Addressables/Sound/VOICE/Daniel/S001/ko/Daniel_moveInTemple_2_ko.wav,0.000
Daniel,Daniel_moveInTemple_2_ko_0.wav,S000,Assets/Addressables/Sound/VOICE/Daniel/S000/ko/Daniel_moveInTemple_2_ko.wav,0.000
Daniel,Daniel_moveInTemple_3_ko.wav,S001,Assets/Addressables/Sound/VOICE/Daniel/S001/ko/Daniel_moveInTemple_3_ko.wav,0.000
Daniel,Daniel_moveInTemple_3_ko_0.wav,S000,Assets/Addressables/Sound/VOICE/Daniel/S000/ko/Daniel_moveInTemple_3_ko.wav,0.000
Daniel,Daniel_moveInUptown_1_ko.wav,S001,Assets/Addressables/Sound/VOICE/Daniel/S001/ko/Daniel_moveInUptown_1_ko.wav,0.000
Daniel,Daniel_moveInUptown_1_ko_0.wav,S000,Assets/Addressables/Sound/VOICE/Daniel/S000/ko/Daniel_moveInUptown_1_ko.wav,0.000
Daniel,Daniel_moveInUptown_2_ko.wav,S001,Assets/Addressables/Sound/VOICE/Daniel/S001/ko/Daniel_moveInUptown_2_ko.wav,0.000
Daniel,Daniel_moveInUptown_2_ko_0.wav,S000,Assets/Addressables/Sound/VOICE/Daniel/S000/ko/Daniel_moveInUptown_2_ko.wav,0.000
Daniel,Daniel_moveInUptown_3_ko.wav,S001,Assets/Addressables/Sound/VOICE/Daniel/S001/ko/Daniel_moveInUptown_3_ko.wav,0.000
Daniel,Daniel_moveInUptown_3_ko_0.wav,S000,Assets/Addressables/Sound/VOICE/Daniel/S000/ko/Daniel_moveInUptown_3_ko.wav,0.000
Daniel,Daniel_moveInWarehouse_1_ko.wav,S001,Assets/Addressables/Sound/VOICE/Daniel/S001/ko/Daniel_moveInWarehouse_1_ko.wav,0.000
Daniel,Daniel_moveInWarehouse_1_ko_0.wav,S000,Assets/Addressables/Sound/VOICE/Daniel/S000/ko/Daniel_moveInWarehouse_1_ko.wav,0.000
Daniel,Daniel_moveInWarehouse_2_ko.wav,S000,Assets/Addressables/Sound/VOICE/Daniel/S000/ko/Daniel_moveInWarehouse_2_ko.wav,0.000
Daniel,Daniel_moveInWarehouse_2_ko_0.wav,S001,Assets/Addressables/Sound/VOICE/Daniel/S001/ko/Daniel_moveInWarehouse_2_ko.wav,0.000
Daniel,Daniel_moveInWarehouse_3_ko.wav,S001,Assets/Addressables/Sound/VOICE/Daniel/S001/ko/Daniel_moveInWarehouse_3_ko.wav,0.000
Daniel,Daniel_moveInWarehouse_3_ko_0.wav,S000,Assets/Addressables/Sound/VOICE/Daniel/S000/ko/Daniel_moveInWarehouse_3_ko.wav,0.000
Daniel,Daniel_moveRestrictedArea_1_ko.wav,S001,Assets/Addressables/Sound/VOICE/Daniel/S001/ko/Daniel_moveRestrictedArea_1_ko.wav,0.000
Daniel,Daniel_moveRestrictedArea_1_ko_0.wav,S000,Assets/Addressables/Sound/VOICE/Daniel/S000/ko/Daniel_moveRestrictedArea_1_ko.wav,0.000
Daniel,Daniel_moveRestrictedArea_2_ko.wav,S000,Assets/Addressables/Sound/VOICE/Daniel/S000/ko/Daniel_moveRestrictedArea_2_ko.wav,0.000
Daniel,Daniel_moveRestrictedArea_2_ko_0.wav,S001,Assets/Addressables/Sound/VOICE/Daniel/S001/ko/Daniel_moveRestrictedArea_2_ko.wav,0.010
Daniel,Daniel_moveRestrictedArea_3_ko.wav,S001,Assets/Addressables/Sound/VOICE/Daniel/S001/ko/Daniel_moveRestrictedArea_3_ko.wav,0.000
Daniel,Daniel_moveRestrictedArea_3_ko_0.wav,S000,Assets/Addressables/Sound/VOICE/Daniel/S000/ko/Daniel_moveRestrictedArea_3_ko.wav,0.000
Daniel,Daniel_moveinBargeship_1_ko.wav,S001,Assets/Addressables/Sound/VOICE/Daniel/S001/ko/Daniel_moveinBargeship_1_ko.wav,0.000
Daniel,Daniel_moveinBargeship_1_ko_0.wav,S000,Assets/Addressables/Sound/VOICE/Daniel/S000/ko/Daniel_moveinBargeship_1_ko.wav,0.000
Daniel,Daniel_moveinBargeship_2_ko.wav,S001,Assets/Addressables/Sound/VOICE/Daniel/S001/ko/Daniel_moveinBargeship_2_ko.wav,0.000
Daniel,Daniel_moveinBargeship_2_ko_0.wav,S000,Assets/Addressables/Sound/VOICE/Daniel/S000/ko/Daniel_moveinBargeship_2_ko.wav,0.000
Daniel,Daniel_moveinBargeship_3_ko.wav,S001,Assets/Addressables/Sound/VOICE/Daniel/S001/ko/Daniel_moveinBargeship_3_ko.wav,0.000
Daniel,Daniel_moveinBargeship_3_ko_0.wav,S000,Assets/Addressables/Sound/VOICE/Daniel/S000/ko/Daniel_moveinBargeship_3_ko.wav,0.000
Daniel,Daniel_requestItem_1_ko.wav,S000,Assets/Addressables/Sound/VOICE/Daniel/S000/ko/Daniel_requestItem_1_ko.wav,0.000
Daniel,Daniel_requestItem_1_ko_0.wav,S001,Assets/Addressables/Sound/VOICE/Daniel/S001/ko/Daniel_requestItem_1_ko.wav,0.000
Daniel,Daniel_rest_1_ko.wav,S000,Assets/Addressables/Sound/VOICE/Daniel/S000/ko/Daniel_rest_1_ko.wav,0.000
Daniel,Daniel_rest_1_ko_0.wav,S001,Assets/Addressables/Sound/VOICE/Daniel/S001/ko/Daniel_rest_1_ko.wav,0.000
Daniel,Daniel_resurrection_1_ko.wav,S001,Assets/Addressables/Sound/VOICE/Daniel/S001/ko/Daniel_resurrection_1_ko.wav,0.000
Daniel,Daniel_resurrection_1_ko_0.wav,S000,Assets/Addressables/Sound/VOICE/Daniel/S000/ko/Daniel_resurrection_1_ko.wav,0.000
Daniel,Daniel_resurrection_2_ko.wav,S001,Assets/Addressables/Sound/VOICE/Daniel/S001/ko/Daniel_resurrection_2_ko.wav,0.000
Daniel,Daniel_resurrection_2_ko_0.wav,S000,Assets/Addressables/Sound/VOICE/Daniel/S000/ko/Daniel_resurrection_2_ko.wav,0.000
Daniel,Daniel_resurrection_3_ko.wav,S000,Assets/Addressables/Sound/VOICE/Daniel/S000/ko/Daniel_resurrection_3_ko.wav,0.000
Daniel,Daniel_resurrection_3_ko_0.wav,S001,Assets/Addressables/Sound/VOICE/Daniel/S001/ko/Daniel_resurrection_3_ko.wav,0.000
Daniel,Daniel_revive_1_ko.wav,S000,Assets/Addressables/Sound/VOICE/Daniel/S000/ko/Daniel_revive_1_ko.wav,0.000
Daniel,Daniel_revive_1_ko_0.wav,S001,Assets/Addressables/Sound/VOICE/Daniel/S001/ko/Daniel_revive_1_ko.wav,0.000
Daniel,Daniel_revive_2_ko.wav,S000,Assets/Addressables/Sound/VOICE/Daniel/S000/ko/Daniel_revive_2_ko.wav,0.000
Daniel,Daniel_revive_2_ko_0.wav,S001,Assets/Addressables/Sound/VOICE/Daniel/S001/ko/Daniel_revive_2_ko.wav,0.010
Daniel,Daniel_save_1_ko.wav,S001,Assets/Addressables/Sound/VOICE/Daniel/S001/ko/Daniel_save_1_ko.wav,0.000
Daniel,Daniel_save_1_ko_0.wav,S000,Assets/Addressables/Sound/VOICE/Daniel/S000/ko/Daniel_save_1_ko.wav,0.000
Daniel,Daniel_selected2_1_ko.wav,S000,Assets/Addressables/Sound/VOICE/Daniel/S000/ko/Daniel_selected2_1_ko.wav,0.000
Daniel,Daniel_selected2_1_ko_0.wav,S001,Assets/Addressables/Sound/VOICE/Daniel/S001/ko/Daniel_selected2_1_ko.wav,0.000
Daniel,Daniel_selected_1_ko.wav,S001,Assets/Addressables/Sound/VOICE/Daniel/S001/ko/Daniel_selected_1_ko.wav,0.000
Daniel,Daniel_selected_1_ko_0.wav,S000,Assets/Addressables/Sound/VOICE/Daniel/S000/ko/Daniel_selected_1_ko.wav,0.000
Daniel,Daniel_setting1_1_ko.wav,S001,Assets/Addressables/Sound/VOICE/Daniel/S001/ko/Daniel_setting1_1_ko.wav,0.000
Daniel,Daniel_setting1_1_ko_0.wav,S000,Assets/Addressables/Sound/VOICE/Daniel/S000/ko/Daniel_setting1_1_ko.wav,0.000
Daniel,Daniel_setting2_1_ko.wav,S000,Assets/Addressables/Sound/VOICE/Daniel/S000/ko/Daniel_setting2_1_ko.wav,0.000
Daniel,Daniel_setting2_1_ko_0.wav,S001,Assets/Addressables/Sound/VOICE/Daniel/S001/ko/Daniel_setting2_1_ko.wav,0.000
Daniel,Daniel_setting3_1_ko.wav,S000,Assets/Addressables/Sound/VOICE/Daniel/S000/ko/Daniel_setting3_1_ko.wav,0.010
Daniel,Daniel_setting3_1_ko_0.wav,S001,Assets/Addressables/Sound/VOICE/Daniel/S001/ko/Daniel_setting3_1_ko.wav,0.000
Daniel,Daniel_setting4_1_ko.wav,S001,Assets/Addressables/Sound/VOICE/Daniel/S001/ko/Daniel_setting4_1_ko.wav,0.000
Daniel,Daniel_setting4_1_ko_0.wav,S000,Assets/Addressables/Sound/VOICE/Daniel/S000/ko/Daniel_setting4_1_ko.wav,0.010
Daniel,Daniel_setting5_1_ko.wav,S000,Assets/Addressables/Sound/VOICE/Daniel/S000/ko/Daniel_setting5_1_ko.wav,0.000
Daniel,Daniel_setting5_1_ko_0.wav,S001,Assets/Addressables/Sound/VOICE/Daniel/S001/ko/Daniel_setting5_1_ko.wav,0.000
Daniel,Daniel_setting6_1_ko.wav,S000,Assets/Addressables/Sound/VOICE/Daniel/S000/ko/Daniel_setting6_1_ko.wav,0.000
Daniel,Daniel_setting6_1_ko_0.wav,S001,Assets/Addressables/Sound/VOICE/Daniel/S001/ko/Daniel_setting6_1_ko.wav,0.000
Daniel,Daniel_targetOn_1_ko.wav,S001,Assets/Addressables/Sound/VOICE/Daniel/S001/ko/Daniel_targetOn_1_ko.wav,0.000
Daniel,Daniel_targetOn_1_ko_0.wav,S000,Assets/Addressables/Sound/VOICE/Daniel/S000/ko/Daniel_targetOn_1_ko.wav,0.000
Daniel,Daniel_targetOn_2_ko.wav,S001,Assets/Addressables/Sound/VOICE/Daniel/S001/ko/Daniel_targetOn_2_ko.wav,0.000
Daniel,Daniel_targetOn_2_ko_0.wav,S000,Assets/Addressables/Sound/VOICE/Daniel/S000/ko/Daniel_targetOn_2_ko.wav,0.000
Daniel,Daniel_terminateActivate_1_ko.wav,S000,Assets/Addressables/Sound/VOICE/Daniel/S000/ko/Daniel_terminateActivate_1_ko.wav,0.003
Daniel,Daniel_terminateActivate_1_ko_0.wav,S001,Assets/Addressables/Sound/VOICE/Daniel/S001/ko/Daniel_terminateActivate_1_ko.wav,0.000
Daniel,Daniel_trap_1_ko.wav,S001,Assets/Addressables/Sound/VOICE/Daniel/S001/ko/Daniel_trap_1_ko.wav,0.000
Daniel,Daniel_trap_1_ko_0.wav,S000,Assets/Addressables/Sound/VOICE/Daniel/S000/ko/Daniel_trap_1_ko.wav,0.000
Daniel,Daniel_trap_2_ko.wav,S000,Assets/Addressables/Sound/VOICE/Daniel/S000/ko/Daniel_trap_2_ko.wav,0.000
Daniel,Daniel_trap_2_ko_0.wav,S001,Assets/Addressables/Sound/VOICE/Daniel/S001/ko/Daniel_trap_2_ko.wav,0.000
Daniel,Daniel_victory_1_ko.wav,S001,Assets/Addressables/Sound/VOICE/Daniel/S001/ko/Daniel_victory_1_ko.wav,0.000
Daniel,Daniel_victory_1_ko_0.wav,S000,Assets/Addressables/Sound/VOICE/Daniel/S000/ko/Daniel_victory_1_ko.wav,0.000
Daniel,Daniel_victory_2_ko.wav,S000,Assets/Addressables/Sound/VOICE/Daniel/S000/ko/Daniel_victory_2_ko.wav,0.000
Daniel,Daniel_victory_2_ko_0.wav,S001,Assets/Addressables/Sound/VOICE/Daniel/S001/ko/Daniel_victory_2_ko.wav,0.000
Jackie,Jackie_PlaySkill1001100_1_ko.wav,S000,Assets/Addressables/Sound/VOICE/Jackie/S000/ko/Jackie_PlaySkill1001100_1_ko.wav,0.000
Jackie,Jackie_PlaySkill1001100_1_ko_0.wav,S003,Assets/Addressables/Sound/VOICE/Jackie/S003/ko/Jackie_PlaySkill1001100_1_ko.wav,0.000
Jackie,Jackie_PlaySkill1001100_2_ko.wav,S003,Assets/Addressables/Sound/VOICE/Jackie/S003/ko/Jackie_PlaySkill1001100_2_ko.wav,0.000
Jackie,Jackie_PlaySkill1001100_3_ko.wav,S003,Assets/Addressables/Sound/VOICE/Jackie/S003/ko/Jackie_PlaySkill1001100_3_ko.wav,0.000
Jackie,Jackie_PlaySkill1001100_3_ko_0.wav,S000,Assets/Addressables/Sound/VOICE/Jackie/S000/ko/Jackie_PlaySkill1001100_3_ko.wav,0.000
Jackie,Jackie_PlaySkill1001200seq0_1_ko.wav,S003,Assets/Addressables/Sound/VOICE/Jackie/S003/ko/Jackie_PlaySkill1001200seq0_1_ko.wav,0.000
Jackie,Jackie_PlaySkill1001200seq0_1_ko_0.wav,S000,Assets/Addressables/Sound/VOICE/Jackie/S000/ko/Jackie_PlaySkill1001200seq0_1_ko.wav,0.000
Jackie,Jackie_PlaySkill1001200seq0_2_ko.wav,S003,Assets/Addressables/Sound/VOICE/Jackie/S003/ko/Jackie_PlaySkill1001200seq0_2_ko.wav,0.000
Jackie,Jackie_PlaySkill1001200seq0_2_ko_0.wav,S000,Assets/Addressables/Sound/VOICE/Jackie/S000/ko/Jackie_PlaySkill1001200seq0_2_ko.wav,0.000
Jackie,Jackie_PlaySkill1001200seq0_3_ko.wav,S000,Assets/Addressables/Sound/VOICE/Jackie/S000/ko/Jackie_PlaySkill1001200seq0_3_ko.wav,파형상관 1.0000
Jackie,Jackie_PlaySkill1001200seq0_3_ko_0.wav,S003,Assets/Addressables/Sound/VOICE/Jackie/S003/ko/Jackie_PlaySkill1001200seq0_3_ko.wav,파형상관 1.0000
Jackie,Jackie_PlaySkill1001300seq0_1_ko.wav,S003,Assets/Addressables/Sound/VOICE/Jackie/S003/ko/Jackie_PlaySkill1001300seq0_1_ko.wav,0.000
Jackie,Jackie_PlaySkill1001300seq0_1_ko_0.wav,S000,Assets/Addressables/Sound/VOICE/Jackie/S000/ko/Jackie_PlaySkill1001300seq0_1_ko.wav,0.000
Jackie,Jackie_PlaySkill1001300seq0_2_ko.wav,S000,Assets/Addressables/Sound/VOICE/Jackie/S000/ko/Jackie_PlaySkill1001300seq0_2_ko.wav,0.000
Jackie,Jackie_PlaySkill1001300seq0_2_ko_0.wav,S003,Assets/Addressables/Sound/VOICE/Jackie/S003/ko/Jackie_PlaySkill1001300seq0_2_ko.wav,0.000
Jackie,Jackie_PlaySkill1001300seq0_3_ko.wav,S003,Assets/Addressables/Sound/VOICE/Jackie/S003/ko/Jackie_PlaySkill1001300seq0_3_ko.wav,0.000
Jackie,Jackie_PlaySkill1001300seq0_3_ko_0.wav,S000,Assets/Addressables/Sound/VOICE/Jackie/S000/ko/Jackie_PlaySkill1001300seq0_3_ko.wav,0.000
Jackie,Jackie_PlaySkill1001400seq0_1_ko.wav,S003,Assets/Addressables/Sound/VOICE/Jackie/S003/ko/Jackie_PlaySkill1001400seq0_1_ko.wav,0.000
Jackie,Jackie_PlaySkill1001400seq0_1_ko_0.wav,S000,Assets/Addressables/Sound/VOICE/Jackie/S000/ko/Jackie_PlaySkill1001400seq0_1_ko.wav,0.000
Jackie,Jackie_PlaySkill1001400seq0_2_ko.wav,S003,Assets/Addressables/Sound/VOICE/Jackie/S003/ko/Jackie_PlaySkill1001400seq0_2_ko.wav,0.000
Jackie,Jackie_PlaySkill1001400seq0_2_ko_0.wav,S000,Assets/Addressables/Sound/VOICE/Jackie/S000/ko/Jackie_PlaySkill1001400seq0_2_ko.wav,0.000
Jackie,Jackie_PlaySkill1001400seq0_3_ko.wav,S000,Assets/Addressables/Sound/VOICE/Jackie/S000/ko/Jackie_PlaySkill1001400seq0_3_ko.wav,0.000
Jackie,Jackie_PlaySkill1001400seq0_3_ko_0.wav,S003,Assets/Addressables/Sound/VOICE/Jackie/S003/ko/Jackie_PlaySkill1001400seq0_3_ko.wav,0.000
Jackie,Jackie_PlaySkill1001500seq0_1_ko.wav,S003,Assets/Addressables/Sound/VOICE/Jackie/S003/ko/Jackie_PlaySkill1001500seq0_1_ko.wav,0.000
Jackie,Jackie_PlaySkill1001500seq0_1_ko_0.wav,S000,Assets/Addressables/Sound/VOICE/Jackie/S000/ko/Jackie_PlaySkill1001500seq0_1_ko.wav,0.000
Jackie,Jackie_PlaySkill1001500seq0_2_ko.wav,S000,Assets/Addressables/Sound/VOICE/Jackie/S000/ko/Jackie_PlaySkill1001500seq0_2_ko.wav,0.000
Jackie,Jackie_PlaySkill1001500seq0_2_ko_0.wav,S003,Assets/Addressables/Sound/VOICE/Jackie/S003/ko/Jackie_PlaySkill1001500seq0_2_ko.wav,0.000
Jackie,Jackie_PlaySkill1001500seq0_3_ko.wav,S000,Assets/Addressables/Sound/VOICE/Jackie/S000/ko/Jackie_PlaySkill1001500seq0_3_ko.wav,0.000
Jackie,Jackie_PlaySkill1001500seq0_3_ko_0.wav,S003,Assets/Addressables/Sound/VOICE/Jackie/S003/ko/Jackie_PlaySkill1001500seq0_3_ko.wav,0.000
Jackie,Jackie_VictoryCutscene_ko.wav,S003,Assets/Addressables/Sound/VOICE/Jackie/S003/ko/Jackie_VictoryCutscene_ko.wav,파형상관 1.0000
Jackie,Jackie_VictoryCutscene_ko_0.wav,S000,Assets/Addressables/Sound/VOICE/Jackie/S000/ko/Jackie_VictoryCutscene_ko.wav,파형상관 1.0000
Jackie,Jackie_airSupply_1_ko.wav,S000,Assets/Addressables/Sound/VOICE/Jackie/S000/ko/Jackie_airSupply_1_ko.wav,0.000
Jackie,Jackie_airSupply_1_ko_0.wav,S003,Assets/Addressables/Sound/VOICE/Jackie/S003/ko/Jackie_airSupply_1_ko.wav,0.000
Jackie,Jackie_airSupply_2_ko.wav,S003,Assets/Addressables/Sound/VOICE/Jackie/S003/ko/Jackie_airSupply_2_ko.wav,0.000
Jackie,Jackie_airSupply_2_ko_0.wav,S000,Assets/Addressables/Sound/VOICE/Jackie/S000/ko/Jackie_airSupply_2_ko.wav,0.000
Jackie,Jackie_airSupply_3_ko.wav,S000,Assets/Addressables/Sound/VOICE/Jackie/S000/ko/Jackie_airSupply_3_ko.wav,0.000
Jackie,Jackie_airSupply_3_ko_0.wav,S003,Assets/Addressables/Sound/VOICE/Jackie/S003/ko/Jackie_airSupply_3_ko.wav,0.000
Jackie,Jackie_box_1_ko.wav,S003,Assets/Addressables/Sound/VOICE/Jackie/S003/ko/Jackie_box_1_ko.wav,0.000
Jackie,Jackie_box_1_ko_0.wav,S000,Assets/Addressables/Sound/VOICE/Jackie/S000/ko/Jackie_box_1_ko.wav,0.000
Jackie,Jackie_box_2_ko.wav,S003,Assets/Addressables/Sound/VOICE/Jackie/S003/ko/Jackie_box_2_ko.wav,0.000
Jackie,Jackie_box_2_ko_0.wav,S000,Assets/Addressables/Sound/VOICE/Jackie/S000/ko/Jackie_box_2_ko.wav,0.000
Jackie,Jackie_box_3_ko.wav,S000,Assets/Addressables/Sound/VOICE/Jackie/S000/ko/Jackie_box_3_ko.wav,0.000
Jackie,Jackie_box_3_ko_0.wav,S003,Assets/Addressables/Sound/VOICE/Jackie/S003/ko/Jackie_box_3_ko.wav,0.000
Jackie,Jackie_box_4_ko.wav,S003,Assets/Addressables/Sound/VOICE/Jackie/S003/ko/Jackie_box_4_ko.wav,0.000
Jackie,Jackie_box_4_ko_0.wav,S000,Assets/Addressables/Sound/VOICE/Jackie/S000/ko/Jackie_box_4_ko.wav,0.000
Jackie,Jackie_callRemoteDrone_1_ko.wav,S003,Assets/Addressables/Sound/VOICE/Jackie/S003/ko/Jackie_callRemoteDrone_1_ko.wav,0.000
Jackie,Jackie_callRemoteDrone_1_ko_0.wav,S000,Assets/Addressables/Sound/VOICE/Jackie/S000/ko/Jackie_callRemoteDrone_1_ko.wav,0.000
Jackie,Jackie_callRemoteDrone_2_ko.wav,S003,Assets/Addressables/Sound/VOICE/Jackie/S003/ko/Jackie_callRemoteDrone_2_ko.wav,0.000
Jackie,Jackie_callRemoteDrone_2_ko_0.wav,S000,Assets/Addressables/Sound/VOICE/Jackie/S000/ko/Jackie_callRemoteDrone_2_ko.wav,0.000
Jackie,Jackie_cctv_1_ko.wav,S000,Assets/Addressables/Sound/VOICE/Jackie/S000/ko/Jackie_cctv_1_ko.wav,0.000
Jackie,Jackie_cctv_1_ko_0.wav,S003,Assets/Addressables/Sound/VOICE/Jackie/S003/ko/Jackie_cctv_1_ko.wav,0.000
Jackie,Jackie_cctv_2_ko.wav,S000,Assets/Addressables/Sound/VOICE/Jackie/S000/ko/Jackie_cctv_2_ko.wav,0.000
Jackie,Jackie_cctv_2_ko_0.wav,S003,Assets/Addressables/Sound/VOICE/Jackie/S003/ko/Jackie_cctv_2_ko.wav,0.000
Jackie,Jackie_clutchActivate_1_ko.wav,S003,Assets/Addressables/Sound/VOICE/Jackie/S003/ko/Jackie_clutchActivate_1_ko.wav,0.000
Jackie,Jackie_clutchActivate_1_ko_0.wav,S000,Assets/Addressables/Sound/VOICE/Jackie/S000/ko/Jackie_clutchActivate_1_ko.wav,0.000
Jackie,Jackie_cobaltOccupation_1_ko.wav,S000,Assets/Addressables/Sound/VOICE/Jackie/S000/ko/Jackie_cobaltOccupation_1_ko.wav,0.010
Jackie,Jackie_cobaltOccupation_1_ko_0.wav,S003,Assets/Addressables/Sound/VOICE/Jackie/S003/ko/Jackie_cobaltOccupation_1_ko.wav,0.000
Jackie,Jackie_collectbrunch_1_ko.wav,S000,Assets/Addressables/Sound/VOICE/Jackie/S000/ko/Jackie_collectbrunch_1_ko.wav,0.000
Jackie,Jackie_collectbrunch_1_ko_0.wav,S003,Assets/Addressables/Sound/VOICE/Jackie/S003/ko/Jackie_collectbrunch_1_ko.wav,0.000
Jackie,Jackie_collectfishRiver_1_ko.wav,S003,Assets/Addressables/Sound/VOICE/Jackie/S003/ko/Jackie_collectfishRiver_1_ko.wav,0.000
Jackie,Jackie_collectfishRiver_1_ko_0.wav,S000,Assets/Addressables/Sound/VOICE/Jackie/S000/ko/Jackie_collectfishRiver_1_ko.wav,0.000
Jackie,Jackie_collectfishSea_1_ko.wav,S000,Assets/Addressables/Sound/VOICE/Jackie/S000/ko/Jackie_collectfishSea_1_ko.wav,0.000
Jackie,Jackie_collectfishSea_1_ko_0.wav,S003,Assets/Addressables/Sound/VOICE/Jackie/S003/ko/Jackie_collectfishSea_1_ko.wav,0.000
Jackie,Jackie_collectflower_1_ko.wav,S003,Assets/Addressables/Sound/VOICE/Jackie/S003/ko/Jackie_collectflower_1_ko.wav,0.006
Jackie,Jackie_collectflower_1_ko_0.wav,S000,Assets/Addressables/Sound/VOICE/Jackie/S000/ko/Jackie_collectflower_1_ko.wav,0.000
Jackie,Jackie_collectmushroom_1_ko.wav,S003,Assets/Addressables/Sound/VOICE/Jackie/S003/ko/Jackie_collectmushroom_1_ko.wav,0.000
Jackie,Jackie_collectmushroom_1_ko_0.wav,S000,Assets/Addressables/Sound/VOICE/Jackie/S000/ko/Jackie_collectmushroom_1_ko.wav,0.000
Jackie,Jackie_collectpotato_1_ko.wav,S000,Assets/Addressables/Sound/VOICE/Jackie/S000/ko/Jackie_collectpotato_1_ko.wav,0.000
Jackie,Jackie_collectpotato_1_ko_0.wav,S003,Assets/Addressables/Sound/VOICE/Jackie/S003/ko/Jackie_collectpotato_1_ko.wav,0.000
Jackie,Jackie_collectstone_1_ko.wav,S000,Assets/Addressables/Sound/VOICE/Jackie/S000/ko/Jackie_collectstone_1_ko.wav,0.000
Jackie,Jackie_collectstone_1_ko_0.wav,S003,Assets/Addressables/Sound/VOICE/Jackie/S003/ko/Jackie_collectstone_1_ko.wav,0.000
Jackie,Jackie_collectwater_1_ko.wav,S003,Assets/Addressables/Sound/VOICE/Jackie/S003/ko/Jackie_collectwater_1_ko.wav,0.000
Jackie,Jackie_collectwater_1_ko_0.wav,S000,Assets/Addressables/Sound/VOICE/Jackie/S000/ko/Jackie_collectwater_1_ko.wav,0.000
Jackie,Jackie_communicationPing_food_1_ko.wav,S000,Assets/Addressables/Sound/VOICE/Jackie/S000/ko/Jackie_communicationPing_food_1_ko.wav,0.000
Jackie,Jackie_communicationPing_goal_1_ko.wav,S000,Assets/Addressables/Sound/VOICE/Jackie/S000/ko/Jackie_communicationPing_goal_1_ko.wav,0.009
Jackie,Jackie_communicationPing_goodjob_1_ko.wav,S000,Assets/Addressables/Sound/VOICE/Jackie/S000/ko/Jackie_communicationPing_goodjob_1_ko.wav,0.000
Jackie,Jackie_communicationPing_ok_1_ko.wav,S000,Assets/Addressables/Sound/VOICE/Jackie/S000/ko/Jackie_communicationPing_ok_1_ko.wav,0.000
Jackie,Jackie_communicationPing_sorry_1_ko.wav,S000,Assets/Addressables/Sound/VOICE/Jackie/S000/ko/Jackie_communicationPing_sorry_1_ko.wav,0.000
Jackie,Jackie_communicationPing_thankyou_1_ko.wav,S000,Assets/Addressables/Sound/VOICE/Jackie/S000/ko/Jackie_communicationPing_thankyou_1_ko.wav,0.010
Jackie,Jackie_communicationPing_waiting_1_ko.wav,S000,Assets/Addressables/Sound/VOICE/Jackie/S000/ko/Jackie_communicationPing_waiting_1_ko.wav,0.000
Jackie,Jackie_communicationPing_whatyouneed_1_ko.wav,S000,Assets/Addressables/Sound/VOICE/Jackie/S000/ko/Jackie_communicationPing_whatyouneed_1_ko.wav,0.008
Jackie,Jackie_communicationping_drink_1_ko.wav,S000,Assets/Addressables/Sound/VOICE/Jackie/S000/ko/Jackie_communicationping_drink_1_ko.wav,0.000
Jackie,Jackie_communicationping_gathering_1_ko.wav,S000,Assets/Addressables/Sound/VOICE/Jackie/S000/ko/Jackie_communicationping_gathering_1_ko.wav,0.000
Jackie,Jackie_craftEpic_1_ko.wav,S003,Assets/Addressables/Sound/VOICE/Jackie/S003/ko/Jackie_craftEpic_1_ko.wav,0.000
Jackie,Jackie_craftEpic_1_ko_0.wav,S000,Assets/Addressables/Sound/VOICE/Jackie/S000/ko/Jackie_craftEpic_1_ko.wav,0.000
Jackie,Jackie_craftEpic_2_ko.wav,S003,Assets/Addressables/Sound/VOICE/Jackie/S003/ko/Jackie_craftEpic_2_ko.wav,0.001
Jackie,Jackie_craftEpic_2_ko_0.wav,S000,Assets/Addressables/Sound/VOICE/Jackie/S000/ko/Jackie_craftEpic_2_ko.wav,0.000
Jackie,Jackie_craftEpic_3_ko.wav,S000,Assets/Addressables/Sound/VOICE/Jackie/S000/ko/Jackie_craftEpic_3_ko.wav,0.000
Jackie,Jackie_craftEpic_3_ko_0.wav,S003,Assets/Addressables/Sound/VOICE/Jackie/S003/ko/Jackie_craftEpic_3_ko.wav,0.000
Jackie,Jackie_craftLegend_1_ko.wav,S000,Assets/Addressables/Sound/VOICE/Jackie/S000/ko/Jackie_craftLegend_1_ko.wav,0.000
Jackie,Jackie_craftLegend_1_ko_0.wav,S003,Assets/Addressables/Sound/VOICE/Jackie/S003/ko/Jackie_craftLegend_1_ko.wav,0.000
Jackie,Jackie_craftLegend_2_ko.wav,S000,Assets/Addressables/Sound/VOICE/Jackie/S000/ko/Jackie_craftLegend_2_ko.wav,0.000
Jackie,Jackie_craftLegend_2_ko_0.wav,S003,Assets/Addressables/Sound/VOICE/Jackie/S003/ko/Jackie_craftLegend_2_ko.wav,0.000
Jackie,Jackie_craftLegend_3_ko.wav,S000,Assets/Addressables/Sound/VOICE/Jackie/S000/ko/Jackie_craftLegend_3_ko.wav,0.000
Jackie,Jackie_craftLegend_3_ko_0.wav,S003,Assets/Addressables/Sound/VOICE/Jackie/S003/ko/Jackie_craftLegend_3_ko.wav,0.000
Jackie,Jackie_craftMystic_1_ko.wav,S000,Assets/Addressables/Sound/VOICE/Jackie/S000/ko/Jackie_craftMystic_1_ko.wav,0.000
Jackie,Jackie_craftMystic_1_ko_0.wav,S003,Assets/Addressables/Sound/VOICE/Jackie/S003/ko/Jackie_craftMystic_1_ko.wav,0.010
Jackie,Jackie_craftMystic_2_ko.wav,S003,Assets/Addressables/Sound/VOICE/Jackie/S003/ko/Jackie_craftMystic_2_ko.wav,0.000
Jackie,Jackie_craftMystic_2_ko_0.wav,S000,Assets/Addressables/Sound/VOICE/Jackie/S000/ko/Jackie_craftMystic_2_ko.wav,0.000
Jackie,Jackie_craftMystic_3_ko.wav,S003,Assets/Addressables/Sound/VOICE/Jackie/S003/ko/Jackie_craftMystic_3_ko.wav,0.000
Jackie,Jackie_craftMystic_3_ko_0.wav,S000,Assets/Addressables/Sound/VOICE/Jackie/S000/ko/Jackie_craftMystic_3_ko.wav,0.000
Jackie,Jackie_craftRare_1_ko.wav,S000,Assets/Addressables/Sound/VOICE/Jackie/S000/ko/Jackie_craftRare_1_ko.wav,0.000
Jackie,Jackie_craftRare_1_ko_0.wav,S003,Assets/Addressables/Sound/VOICE/Jackie/S003/ko/Jackie_craftRare_1_ko.wav,0.000
Jackie,Jackie_craftRare_2_ko.wav,S003,Assets/Addressables/Sound/VOICE/Jackie/S003/ko/Jackie_craftRare_2_ko.wav,0.000
Jackie,Jackie_craftRare_2_ko_0.wav,S000,Assets/Addressables/Sound/VOICE/Jackie/S000/ko/Jackie_craftRare_2_ko.wav,0.000
Jackie,Jackie_craftRare_3_ko.wav,S000,Assets/Addressables/Sound/VOICE/Jackie/S000/ko/Jackie_craftRare_3_ko.wav,0.000
Jackie,Jackie_craftRare_3_ko_0.wav,S003,Assets/Addressables/Sound/VOICE/Jackie/S003/ko/Jackie_craftRare_3_ko.wav,0.000
Jackie,Jackie_craftUncommon_1_ko.wav,S003,Assets/Addressables/Sound/VOICE/Jackie/S003/ko/Jackie_craftUncommon_1_ko.wav,0.000
Jackie,Jackie_craftUncommon_1_ko_0.wav,S000,Assets/Addressables/Sound/VOICE/Jackie/S000/ko/Jackie_craftUncommon_1_ko.wav,0.000
Jackie,Jackie_craftUncommon_2_ko.wav,S003,Assets/Addressables/Sound/VOICE/Jackie/S003/ko/Jackie_craftUncommon_2_ko.wav,0.000
Jackie,Jackie_craftUncommon_2_ko_0.wav,S000,Assets/Addressables/Sound/VOICE/Jackie/S000/ko/Jackie_craftUncommon_2_ko.wav,0.000
Jackie,Jackie_craftUncommon_3_ko.wav,S003,Assets/Addressables/Sound/VOICE/Jackie/S003/ko/Jackie_craftUncommon_3_ko.wav,0.000
Jackie,Jackie_craftUncommon_3_ko_0.wav,S000,Assets/Addressables/Sound/VOICE/Jackie/S000/ko/Jackie_craftUncommon_3_ko.wav,0.000
Jackie,Jackie_die_1_ko.wav,S003,Assets/Addressables/Sound/VOICE/Jackie/S003/ko/Jackie_die_1_ko.wav,0.000
Jackie,Jackie_die_2_ko.wav,S003,Assets/Addressables/Sound/VOICE/Jackie/S003/ko/Jackie_die_2_ko.wav,0.000
Jackie,Jackie_die_3_ko.wav,S003,Assets/Addressables/Sound/VOICE/Jackie/S003/ko/Jackie_die_3_ko.wav,0.000
Jackie,Jackie_findCorpsEnemyKill_1_ko.wav,S003,Assets/Addressables/Sound/VOICE/Jackie/S003/ko/Jackie_findCorpsEnemyKill_1_ko.wav,0.000
Jackie,Jackie_findCorpsEnemyKill_1_ko_0.wav,S000,Assets/Addressables/Sound/VOICE/Jackie/S000/ko/Jackie_findCorpsEnemyKill_1_ko.wav,0.000
Jackie,Jackie_firstMove_1_ko.wav,S003,Assets/Addressables/Sound/VOICE/Jackie/S003/ko/Jackie_firstMove_1_ko.wav,0.000
Jackie,Jackie_firstMove_1_ko_0.wav,S000,Assets/Addressables/Sound/VOICE/Jackie/S000/ko/Jackie_firstMove_1_ko.wav,0.000
Jackie,Jackie_firstMove_2_ko.wav,S000,Assets/Addressables/Sound/VOICE/Jackie/S000/ko/Jackie_firstMove_2_ko.wav,0.000
Jackie,Jackie_firstMove_2_ko_0.wav,S003,Assets/Addressables/Sound/VOICE/Jackie/S003/ko/Jackie_firstMove_2_ko.wav,0.000
Jackie,Jackie_firstMove_3_ko.wav,S003,Assets/Addressables/Sound/VOICE/Jackie/S003/ko/Jackie_firstMove_3_ko.wav,0.000
Jackie,Jackie_firstMove_3_ko_0.wav,S000,Assets/Addressables/Sound/VOICE/Jackie/S000/ko/Jackie_firstMove_3_ko.wav,0.000
Jackie,Jackie_hacking_1_ko.wav,S000,Assets/Addressables/Sound/VOICE/Jackie/S000/ko/Jackie_hacking_1_ko.wav,0.000
Jackie,Jackie_hacking_1_ko_0.wav,S003,Assets/Addressables/Sound/VOICE/Jackie/S003/ko/Jackie_hacking_1_ko.wav,0.000
Jackie,Jackie_hacking_2_ko.wav,S000,Assets/Addressables/Sound/VOICE/Jackie/S000/ko/Jackie_hacking_2_ko.wav,0.000
Jackie,Jackie_hacking_2_ko_0.wav,S003,Assets/Addressables/Sound/VOICE/Jackie/S003/ko/Jackie_hacking_2_ko.wav,0.000
Jackie,Jackie_hacking_lost_1_ko.wav,S003,Assets/Addressables/Sound/VOICE/Jackie/S003/ko/Jackie_hacking_lost_1_ko.wav,0.000
Jackie,Jackie_hacking_lost_ko.wav,S000,Assets/Addressables/Sound/VOICE/Jackie/S000/ko/Jackie_hacking_lost_ko.wav,0.000
Jackie,Jackie_highlyPlaced_1_ko.wav,S003,Assets/Addressables/Sound/VOICE/Jackie/S003/ko/Jackie_highlyPlaced_1_ko.wav,0.000
Jackie,Jackie_highlyPlaced_1_ko_0.wav,S000,Assets/Addressables/Sound/VOICE/Jackie/S000/ko/Jackie_highlyPlaced_1_ko.wav,0.000
Jackie,Jackie_highlyPlaced_2_ko.wav,S003,Assets/Addressables/Sound/VOICE/Jackie/S003/ko/Jackie_highlyPlaced_2_ko.wav,0.000
Jackie,Jackie_highlyPlaced_2_ko_0.wav,S000,Assets/Addressables/Sound/VOICE/Jackie/S000/ko/Jackie_highlyPlaced_2_ko.wav,0.000
Jackie,Jackie_hyperloopAlly_1_ko.wav,S003,Assets/Addressables/Sound/VOICE/Jackie/S003/ko/Jackie_hyperloopAlly_1_ko.wav,0.000
Jackie,Jackie_hyperloopAlly_1_ko_0.wav,S000,Assets/Addressables/Sound/VOICE/Jackie/S000/ko/Jackie_hyperloopAlly_1_ko.wav,0.000
Jackie,Jackie_hyperloopAlly_2_ko.wav,S003,Assets/Addressables/Sound/VOICE/Jackie/S003/ko/Jackie_hyperloopAlly_2_ko.wav,0.000
Jackie,Jackie_hyperloopAlly_2_ko_0.wav,S000,Assets/Addressables/Sound/VOICE/Jackie/S000/ko/Jackie_hyperloopAlly_2_ko.wav,0.010
Jackie,Jackie_hyperloop_1_ko.wav,S000,Assets/Addressables/Sound/VOICE/Jackie/S000/ko/Jackie_hyperloop_1_ko.wav,0.000
Jackie,Jackie_hyperloop_1_ko_0.wav,S003,Assets/Addressables/Sound/VOICE/Jackie/S003/ko/Jackie_hyperloop_1_ko.wav,0.000
Jackie,Jackie_hyperloop_2_ko.wav,S003,Assets/Addressables/Sound/VOICE/Jackie/S003/ko/Jackie_hyperloop_2_ko.wav,0.000
Jackie,Jackie_hyperloop_2_ko_0.wav,S000,Assets/Addressables/Sound/VOICE/Jackie/S000/ko/Jackie_hyperloop_2_ko.wav,0.000
Jackie,Jackie_kill10Player_1_ko.wav,S000,Assets/Addressables/Sound/VOICE/Jackie/S000/ko/Jackie_kill10Player_1_ko.wav,0.000
Jackie,Jackie_kill10Player_1_ko_0.wav,S003,Assets/Addressables/Sound/VOICE/Jackie/S003/ko/Jackie_kill10Player_1_ko.wav,0.000
Jackie,Jackie_kill11Player_1_ko.wav,S000,Assets/Addressables/Sound/VOICE/Jackie/S000/ko/Jackie_kill11Player_1_ko.wav,0.000
Jackie,Jackie_kill11Player_1_ko_0.wav,S003,Assets/Addressables/Sound/VOICE/Jackie/S003/ko/Jackie_kill11Player_1_ko.wav,0.000
Jackie,Jackie_kill12Player_1_ko.wav,S000,Assets/Addressables/Sound/VOICE/Jackie/S000/ko/Jackie_kill12Player_1_ko.wav,0.000
Jackie,Jackie_kill12Player_1_ko_0.wav,S003,Assets/Addressables/Sound/VOICE/Jackie/S003/ko/Jackie_kill12Player_1_ko.wav,0.000
Jackie,Jackie_kill13Player_1_ko.wav,S000,Assets/Addressables/Sound/VOICE/Jackie/S000/ko/Jackie_kill13Player_1_ko.wav,0.000
Jackie,Jackie_kill13Player_1_ko_0.wav,S003,Assets/Addressables/Sound/VOICE/Jackie/S003/ko/Jackie_kill13Player_1_ko.wav,0.000
Jackie,Jackie_kill14Player_1_ko.wav,S003,Assets/Addressables/Sound/VOICE/Jackie/S003/ko/Jackie_kill14Player_1_ko.wav,0.000
Jackie,Jackie_kill14Player_1_ko_0.wav,S000,Assets/Addressables/Sound/VOICE/Jackie/S000/ko/Jackie_kill14Player_1_ko.wav,0.000
Jackie,Jackie_kill1Player_1_ko.wav,S000,Assets/Addressables/Sound/VOICE/Jackie/S000/ko/Jackie_kill1Player_1_ko.wav,0.000
Jackie,Jackie_kill1Player_1_ko_0.wav,S003,Assets/Addressables/Sound/VOICE/Jackie/S003/ko/Jackie_kill1Player_1_ko.wav,0.000
Jackie,Jackie_kill1Player_2_ko.wav,S003,Assets/Addressables/Sound/VOICE/Jackie/S003/ko/Jackie_kill1Player_2_ko.wav,0.000
Jackie,Jackie_kill1Player_2_ko_0.wav,S000,Assets/Addressables/Sound/VOICE/Jackie/S000/ko/Jackie_kill1Player_2_ko.wav,0.000
Jackie,Jackie_kill2Player_1_ko.wav,S000,Assets/Addressables/Sound/VOICE/Jackie/S000/ko/Jackie_kill2Player_1_ko.wav,0.002
Jackie,Jackie_kill2Player_1_ko_0.wav,S003,Assets/Addressables/Sound/VOICE/Jackie/S003/ko/Jackie_kill2Player_1_ko.wav,0.000
Jackie,Jackie_kill3Player_1_ko.wav,S000,Assets/Addressables/Sound/VOICE/Jackie/S000/ko/Jackie_kill3Player_1_ko.wav,0.000
Jackie,Jackie_kill3Player_1_ko_0.wav,S003,Assets/Addressables/Sound/VOICE/Jackie/S003/ko/Jackie_kill3Player_1_ko.wav,0.000
Jackie,Jackie_kill4Player_1_ko.wav,S000,Assets/Addressables/Sound/VOICE/Jackie/S000/ko/Jackie_kill4Player_1_ko.wav,0.000
Jackie,Jackie_kill4Player_1_ko_0.wav,S003,Assets/Addressables/Sound/VOICE/Jackie/S003/ko/Jackie_kill4Player_1_ko.wav,0.006
Jackie,Jackie_kill5Player_1_ko.wav,S000,Assets/Addressables/Sound/VOICE/Jackie/S000/ko/Jackie_kill5Player_1_ko.wav,0.000
Jackie,Jackie_kill5Player_1_ko_0.wav,S003,Assets/Addressables/Sound/VOICE/Jackie/S003/ko/Jackie_kill5Player_1_ko.wav,0.000
Jackie,Jackie_kill6Player_1_ko.wav,S003,Assets/Addressables/Sound/VOICE/Jackie/S003/ko/Jackie_kill6Player_1_ko.wav,0.000
Jackie,Jackie_kill6Player_1_ko_0.wav,S000,Assets/Addressables/Sound/VOICE/Jackie/S000/ko/Jackie_kill6Player_1_ko.wav,0.007
Jackie,Jackie_kill7Player_1_ko.wav,S000,Assets/Addressables/Sound/VOICE/Jackie/S000/ko/Jackie_kill7Player_1_ko.wav,0.000
Jackie,Jackie_kill7Player_1_ko_0.wav,S003,Assets/Addressables/Sound/VOICE/Jackie/S003/ko/Jackie_kill7Player_1_ko.wav,0.000
Jackie,Jackie_kill8Player_1_ko.wav,S003,Assets/Addressables/Sound/VOICE/Jackie/S003/ko/Jackie_kill8Player_1_ko.wav,0.000
Jackie,Jackie_kill8Player_1_ko_0.wav,S000,Assets/Addressables/Sound/VOICE/Jackie/S000/ko/Jackie_kill8Player_1_ko.wav,0.010
Jackie,Jackie_kill9Player_1_ko.wav,S003,Assets/Addressables/Sound/VOICE/Jackie/S003/ko/Jackie_kill9Player_1_ko.wav,0.010
Jackie,Jackie_kill9Player_1_ko_0.wav,S000,Assets/Addressables/Sound/VOICE/Jackie/S000/ko/Jackie_kill9Player_1_ko.wav,0.000
Jackie,Jackie_killMonster_1_ko.wav,S000,Assets/Addressables/Sound/VOICE/Jackie/S000/ko/Jackie_killMonster_1_ko.wav,0.000
Jackie,Jackie_killMonster_1_ko_0.wav,S003,Assets/Addressables/Sound/VOICE/Jackie/S003/ko/Jackie_killMonster_1_ko.wav,0.000
Jackie,Jackie_killMonster_2_ko.wav,S000,Assets/Addressables/Sound/VOICE/Jackie/S000/ko/Jackie_killMonster_2_ko.wav,0.000
Jackie,Jackie_killMonster_2_ko_0.wav,S003,Assets/Addressables/Sound/VOICE/Jackie/S003/ko/Jackie_killMonster_2_ko.wav,0.000
Jackie,Jackie_killMonster_3_ko.wav,S003,Assets/Addressables/Sound/VOICE/Jackie/S003/ko/Jackie_killMonster_3_ko.wav,0.000
Jackie,Jackie_killMonster_3_ko_0.wav,S000,Assets/Addressables/Sound/VOICE/Jackie/S000/ko/Jackie_killMonster_3_ko.wav,0.000
Jackie,Jackie_killedCommon_1_ko.wav,S003,Assets/Addressables/Sound/VOICE/Jackie/S003/ko/Jackie_killedCommon_1_ko.wav,0.000
Jackie,Jackie_killedCommon_1_ko_0.wav,S000,Assets/Addressables/Sound/VOICE/Jackie/S000/ko/Jackie_killedCommon_1_ko.wav,0.000
Jackie,Jackie_killedCommon_2_ko.wav,S003,Assets/Addressables/Sound/VOICE/Jackie/S003/ko/Jackie_killedCommon_2_ko.wav,0.000
Jackie,Jackie_killedCommon_2_ko_0.wav,S000,Assets/Addressables/Sound/VOICE/Jackie/S000/ko/Jackie_killedCommon_2_ko.wav,0.000
Jackie,Jackie_killedCommon_3_ko.wav,S003,Assets/Addressables/Sound/VOICE/Jackie/S003/ko/Jackie_killedCommon_3_ko.wav,0.000
Jackie,Jackie_killedCommon_3_ko_0.wav,S000,Assets/Addressables/Sound/VOICE/Jackie/S000/ko/Jackie_killedCommon_3_ko.wav,0.000
Jackie,Jackie_learnweaponskill_Axe_1_ko.wav,S000,Assets/Addressables/Sound/VOICE/Jackie/S000/ko/Jackie_learnweaponskill_Axe_1_ko.wav,0.000
Jackie,Jackie_learnweaponskill_Axe_1_ko_0.wav,S003,Assets/Addressables/Sound/VOICE/Jackie/S003/ko/Jackie_learnweaponskill_Axe_1_ko.wav,0.000
Jackie,Jackie_learnweaponskill_Axe_2_ko.wav,S003,Assets/Addressables/Sound/VOICE/Jackie/S003/ko/Jackie_learnweaponskill_Axe_2_ko.wav,0.000
Jackie,Jackie_learnweaponskill_Axe_2_ko_0.wav,S000,Assets/Addressables/Sound/VOICE/Jackie/S000/ko/Jackie_learnweaponskill_Axe_2_ko.wav,0.010
Jackie,Jackie_learnweaponskill_DualSword_1_ko.wav,S003,Assets/Addressables/Sound/VOICE/Jackie/S003/ko/Jackie_learnweaponskill_DualSword_1_ko.wav,0.000
Jackie,Jackie_learnweaponskill_DualSword_1_ko_0.wav,S000,Assets/Addressables/Sound/VOICE/Jackie/S000/ko/Jackie_learnweaponskill_DualSword_1_ko.wav,0.000
Jackie,Jackie_learnweaponskill_DualSword_2_ko.wav,S003,Assets/Addressables/Sound/VOICE/Jackie/S003/ko/Jackie_learnweaponskill_DualSword_2_ko.wav,0.000
Jackie,Jackie_learnweaponskill_DualSword_2_ko_0.wav,S000,Assets/Addressables/Sound/VOICE/Jackie/S000/ko/Jackie_learnweaponskill_DualSword_2_ko.wav,0.000
Jackie,Jackie_learnweaponskill_OneHandSword_1_ko.wav,S000,Assets/Addressables/Sound/VOICE/Jackie/S000/ko/Jackie_learnweaponskill_OneHandSword_1_ko.wav,0.000
Jackie,Jackie_learnweaponskill_OneHandSword_1_ko_0.wav,S003,Assets/Addressables/Sound/VOICE/Jackie/S003/ko/Jackie_learnweaponskill_OneHandSword_1_ko.wav,0.001
Jackie,Jackie_learnweaponskill_OneHandSword_2_ko.wav,S000,Assets/Addressables/Sound/VOICE/Jackie/S000/ko/Jackie_learnweaponskill_OneHandSword_2_ko.wav,0.000
Jackie,Jackie_learnweaponskill_OneHandSword_2_ko_0.wav,S003,Assets/Addressables/Sound/VOICE/Jackie/S003/ko/Jackie_learnweaponskill_OneHandSword_2_ko.wav,0.000
Jackie,Jackie_learnweaponskill_TwoHandSword_1_ko.wav,S000,Assets/Addressables/Sound/VOICE/Jackie/S000/ko/Jackie_learnweaponskill_TwoHandSword_1_ko.wav,0.000
Jackie,Jackie_learnweaponskill_TwoHandSword_1_ko_0.wav,S003,Assets/Addressables/Sound/VOICE/Jackie/S003/ko/Jackie_learnweaponskill_TwoHandSword_1_ko.wav,0.000
Jackie,Jackie_learnweaponskill_TwoHandSword_2_ko.wav,S000,Assets/Addressables/Sound/VOICE/Jackie/S000/ko/Jackie_learnweaponskill_TwoHandSword_2_ko.wav,0.000
Jackie,Jackie_learnweaponskill_TwoHandSword_2_ko_0.wav,S003,Assets/Addressables/Sound/VOICE/Jackie/S003/ko/Jackie_learnweaponskill_TwoHandSword_2_ko.wav,0.000
Jackie,Jackie_lootCorpsEnemyKill_1_ko.wav,S000,Assets/Addressables/Sound/VOICE/Jackie/S000/ko/Jackie_lootCorpsEnemyKill_1_ko.wav,0.000
Jackie,Jackie_lootCorpsEnemyKill_1_ko_0.wav,S003,Assets/Addressables/Sound/VOICE/Jackie/S003/ko/Jackie_lootCorpsEnemyKill_1_ko.wav,0.000
Jackie,Jackie_lootCorpsSelfKill_1_ko.wav,S000,Assets/Addressables/Sound/VOICE/Jackie/S000/ko/Jackie_lootCorpsSelfKill_1_ko.wav,0.010
Jackie,Jackie_lootCorpsSelfKill_1_ko_0.wav,S003,Assets/Addressables/Sound/VOICE/Jackie/S003/ko/Jackie_lootCorpsSelfKill_1_ko.wav,0.000
Jackie,Jackie_lost_1_ko.wav,S000,Assets/Addressables/Sound/VOICE/Jackie/S000/ko/Jackie_lost_1_ko.wav,0.000
Jackie,Jackie_lost_1_ko_0.wav,S003,Assets/Addressables/Sound/VOICE/Jackie/S003/ko/Jackie_lost_1_ko.wav,0.000
Jackie,Jackie_lost_2_ko.wav,S000,Assets/Addressables/Sound/VOICE/Jackie/S000/ko/Jackie_lost_2_ko.wav,0.000
Jackie,Jackie_lost_2_ko_0.wav,S003,Assets/Addressables/Sound/VOICE/Jackie/S003/ko/Jackie_lost_2_ko.wav,0.010
Jackie,Jackie_makeFood_1_ko.wav,S003,Assets/Addressables/Sound/VOICE/Jackie/S003/ko/Jackie_makeFood_1_ko.wav,0.000
Jackie,Jackie_makeFood_1_ko_0.wav,S000,Assets/Addressables/Sound/VOICE/Jackie/S000/ko/Jackie_makeFood_1_ko.wav,0.000
Jackie,Jackie_makeFood_2_ko.wav,S000,Assets/Addressables/Sound/VOICE/Jackie/S000/ko/Jackie_makeFood_2_ko.wav,0.000
Jackie,Jackie_makeFood_2_ko_0.wav,S003,Assets/Addressables/Sound/VOICE/Jackie/S003/ko/Jackie_makeFood_2_ko.wav,0.007
Jackie,Jackie_makeFood_3_ko.wav,S003,Assets/Addressables/Sound/VOICE/Jackie/S003/ko/Jackie_makeFood_3_ko.wav,0.010
Jackie,Jackie_makeFood_3_ko_0.wav,S000,Assets/Addressables/Sound/VOICE/Jackie/S000/ko/Jackie_makeFood_3_ko.wav,0.000
Jackie,Jackie_moveInAlley_1_ko.wav,S000,Assets/Addressables/Sound/VOICE/Jackie/S000/ko/Jackie_moveInAlley_1_ko.wav,파형상관 1.0000
Jackie,Jackie_moveInAlley_1_ko_0.wav,S003,Assets/Addressables/Sound/VOICE/Jackie/S003/ko/Jackie_moveInAlley_1_ko.wav,파형상관 1.0000
Jackie,Jackie_moveInAlley_2_ko.wav,S000,Assets/Addressables/Sound/VOICE/Jackie/S000/ko/Jackie_moveInAlley_2_ko.wav,0.000
Jackie,Jackie_moveInAlley_2_ko_0.wav,S003,Assets/Addressables/Sound/VOICE/Jackie/S003/ko/Jackie_moveInAlley_2_ko.wav,0.000
Jackie,Jackie_moveInAlley_3_ko.wav,S003,Assets/Addressables/Sound/VOICE/Jackie/S003/ko/Jackie_moveInAlley_3_ko.wav,0.000
Jackie,Jackie_moveInAlley_3_ko_0.wav,S000,Assets/Addressables/Sound/VOICE/Jackie/S000/ko/Jackie_moveInAlley_3_ko.wav,0.000
Jackie,Jackie_moveInArchery_1_ko.wav,S000,Assets/Addressables/Sound/VOICE/Jackie/S000/ko/Jackie_moveInArchery_1_ko.wav,0.000
Jackie,Jackie_moveInArchery_1_ko_0.wav,S003,Assets/Addressables/Sound/VOICE/Jackie/S003/ko/Jackie_moveInArchery_1_ko.wav,0.000
Jackie,Jackie_moveInArchery_2_ko.wav,S003,Assets/Addressables/Sound/VOICE/Jackie/S003/ko/Jackie_moveInArchery_2_ko.wav,0.000
Jackie,Jackie_moveInArchery_2_ko_0.wav,S000,Assets/Addressables/Sound/VOICE/Jackie/S000/ko/Jackie_moveInArchery_2_ko.wav,0.000
Jackie,Jackie_moveInArchery_3_ko.wav,S003,Assets/Addressables/Sound/VOICE/Jackie/S003/ko/Jackie_moveInArchery_3_ko.wav,0.000
Jackie,Jackie_moveInArchery_3_ko_0.wav,S000,Assets/Addressables/Sound/VOICE/Jackie/S000/ko/Jackie_moveInArchery_3_ko.wav,0.000
Jackie,Jackie_moveInCemetery_1_ko.wav,S003,Assets/Addressables/Sound/VOICE/Jackie/S003/ko/Jackie_moveInCemetery_1_ko.wav,0.000
Jackie,Jackie_moveInCemetery_1_ko_0.wav,S000,Assets/Addressables/Sound/VOICE/Jackie/S000/ko/Jackie_moveInCemetery_1_ko.wav,0.000
Jackie,Jackie_moveInCemetery_2_ko.wav,S003,Assets/Addressables/Sound/VOICE/Jackie/S003/ko/Jackie_moveInCemetery_2_ko.wav,0.000
Jackie,Jackie_moveInCemetery_2_ko_0.wav,S000,Assets/Addressables/Sound/VOICE/Jackie/S000/ko/Jackie_moveInCemetery_2_ko.wav,0.010
Jackie,Jackie_moveInCemetery_3_ko.wav,S003,Assets/Addressables/Sound/VOICE/Jackie/S003/ko/Jackie_moveInCemetery_3_ko.wav,0.000
Jackie,Jackie_moveInCemetery_3_ko_0.wav,S000,Assets/Addressables/Sound/VOICE/Jackie/S000/ko/Jackie_moveInCemetery_3_ko.wav,0.000
Jackie,Jackie_moveInChurch_1_ko.wav,S003,Assets/Addressables/Sound/VOICE/Jackie/S003/ko/Jackie_moveInChurch_1_ko.wav,0.004
Jackie,Jackie_moveInChurch_1_ko_0.wav,S000,Assets/Addressables/Sound/VOICE/Jackie/S000/ko/Jackie_moveInChurch_1_ko.wav,0.000
Jackie,Jackie_moveInChurch_2_ko.wav,S000,Assets/Addressables/Sound/VOICE/Jackie/S000/ko/Jackie_moveInChurch_2_ko.wav,0.000
Jackie,Jackie_moveInChurch_2_ko_0.wav,S003,Assets/Addressables/Sound/VOICE/Jackie/S003/ko/Jackie_moveInChurch_2_ko.wav,0.000
Jackie,Jackie_moveInChurch_3_ko.wav,S000,Assets/Addressables/Sound/VOICE/Jackie/S000/ko/Jackie_moveInChurch_3_ko.wav,0.000
Jackie,Jackie_moveInChurch_3_ko_0.wav,S003,Assets/Addressables/Sound/VOICE/Jackie/S003/ko/Jackie_moveInChurch_3_ko.wav,0.000
Jackie,Jackie_moveInFactory_1_ko.wav,S003,Assets/Addressables/Sound/VOICE/Jackie/S003/ko/Jackie_moveInFactory_1_ko.wav,0.000
Jackie,Jackie_moveInFactory_1_ko_0.wav,S000,Assets/Addressables/Sound/VOICE/Jackie/S000/ko/Jackie_moveInFactory_1_ko.wav,0.000
Jackie,Jackie_moveInFactory_2_ko.wav,S000,Assets/Addressables/Sound/VOICE/Jackie/S000/ko/Jackie_moveInFactory_2_ko.wav,0.000
Jackie,Jackie_moveInFactory_2_ko_0.wav,S003,Assets/Addressables/Sound/VOICE/Jackie/S003/ko/Jackie_moveInFactory_2_ko.wav,0.000
Jackie,Jackie_moveInFactory_3_ko.wav,S003,Assets/Addressables/Sound/VOICE/Jackie/S003/ko/Jackie_moveInFactory_3_ko.wav,0.000
Jackie,Jackie_moveInFactory_3_ko_0.wav,S000,Assets/Addressables/Sound/VOICE/Jackie/S000/ko/Jackie_moveInFactory_3_ko.wav,0.000
Jackie,Jackie_moveInFireStation_1_ko.wav,S003,Assets/Addressables/Sound/VOICE/Jackie/S003/ko/Jackie_moveInFireStation_1_ko.wav,0.000
Jackie,Jackie_moveInFireStation_1_ko_0.wav,S000,Assets/Addressables/Sound/VOICE/Jackie/S000/ko/Jackie_moveInFireStation_1_ko.wav,0.000
Jackie,Jackie_moveInFireStation_2_ko.wav,S000,Assets/Addressables/Sound/VOICE/Jackie/S000/ko/Jackie_moveInFireStation_2_ko.wav,0.000
Jackie,Jackie_moveInFireStation_2_ko_0.wav,S003,Assets/Addressables/Sound/VOICE/Jackie/S003/ko/Jackie_moveInFireStation_2_ko.wav,0.000
Jackie,Jackie_moveInFireStation_3_ko.wav,S000,Assets/Addressables/Sound/VOICE/Jackie/S000/ko/Jackie_moveInFireStation_3_ko.wav,0.000
Jackie,Jackie_moveInFireStation_3_ko_0.wav,S003,Assets/Addressables/Sound/VOICE/Jackie/S003/ko/Jackie_moveInFireStation_3_ko.wav,0.000
Jackie,Jackie_moveInForest_1_ko.wav,S003,Assets/Addressables/Sound/VOICE/Jackie/S003/ko/Jackie_moveInForest_1_ko.wav,0.000
Jackie,Jackie_moveInForest_1_ko_0.wav,S000,Assets/Addressables/Sound/VOICE/Jackie/S000/ko/Jackie_moveInForest_1_ko.wav,0.000
Jackie,Jackie_moveInForest_2_ko.wav,S000,Assets/Addressables/Sound/VOICE/Jackie/S000/ko/Jackie_moveInForest_2_ko.wav,0.000
Jackie,Jackie_moveInForest_2_ko_0.wav,S003,Assets/Addressables/Sound/VOICE/Jackie/S003/ko/Jackie_moveInForest_2_ko.wav,0.000
Jackie,Jackie_moveInForest_3_ko.wav,S003,Assets/Addressables/Sound/VOICE/Jackie/S003/ko/Jackie_moveInForest_3_ko.wav,0.000
Jackie,Jackie_moveInForest_3_ko_0.wav,S000,Assets/Addressables/Sound/VOICE/Jackie/S000/ko/Jackie_moveInForest_3_ko.wav,0.000
Jackie,Jackie_moveInGasStation_1_ko.wav,S003,Assets/Addressables/Sound/VOICE/Jackie/S003/ko/Jackie_moveInGasStation_1_ko.wav,0.000
Jackie,Jackie_moveInGasStation_1_ko_0.wav,S000,Assets/Addressables/Sound/VOICE/Jackie/S000/ko/Jackie_moveInGasStation_1_ko.wav,0.000
Jackie,Jackie_moveInGasStation_2_ko.wav,S003,Assets/Addressables/Sound/VOICE/Jackie/S003/ko/Jackie_moveInGasStation_2_ko.wav,0.000
Jackie,Jackie_moveInGasStation_2_ko_0.wav,S000,Assets/Addressables/Sound/VOICE/Jackie/S000/ko/Jackie_moveInGasStation_2_ko.wav,0.000
Jackie,Jackie_moveInGasStation_3_ko.wav,S000,Assets/Addressables/Sound/VOICE/Jackie/S000/ko/Jackie_moveInGasStation_3_ko.wav,0.000
Jackie,Jackie_moveInGasStation_3_ko_0.wav,S003,Assets/Addressables/Sound/VOICE/Jackie/S003/ko/Jackie_moveInGasStation_3_ko.wav,0.000
Jackie,Jackie_moveInHarbor_1_ko.wav,S000,Assets/Addressables/Sound/VOICE/Jackie/S000/ko/Jackie_moveInHarbor_1_ko.wav,0.000
Jackie,Jackie_moveInHarbor_1_ko_0.wav,S003,Assets/Addressables/Sound/VOICE/Jackie/S003/ko/Jackie_moveInHarbor_1_ko.wav,0.000
Jackie,Jackie_moveInHarbor_2_ko.wav,S000,Assets/Addressables/Sound/VOICE/Jackie/S000/ko/Jackie_moveInHarbor_2_ko.wav,0.000
Jackie,Jackie_moveInHarbor_2_ko_0.wav,S003,Assets/Addressables/Sound/VOICE/Jackie/S003/ko/Jackie_moveInHarbor_2_ko.wav,0.000
Jackie,Jackie_moveInHarbor_3_ko.wav,S003,Assets/Addressables/Sound/VOICE/Jackie/S003/ko/Jackie_moveInHarbor_3_ko.wav,0.002
Jackie,Jackie_moveInHarbor_3_ko_0.wav,S000,Assets/Addressables/Sound/VOICE/Jackie/S000/ko/Jackie_moveInHarbor_3_ko.wav,0.000
Jackie,Jackie_moveInHospital_1_ko.wav,S000,Assets/Addressables/Sound/VOICE/Jackie/S000/ko/Jackie_moveInHospital_1_ko.wav,0.000
Jackie,Jackie_moveInHospital_1_ko_0.wav,S003,Assets/Addressables/Sound/VOICE/Jackie/S003/ko/Jackie_moveInHospital_1_ko.wav,0.000
Jackie,Jackie_moveInHospital_2_ko.wav,S003,Assets/Addressables/Sound/VOICE/Jackie/S003/ko/Jackie_moveInHospital_2_ko.wav,0.000
Jackie,Jackie_moveInHospital_2_ko_0.wav,S000,Assets/Addressables/Sound/VOICE/Jackie/S000/ko/Jackie_moveInHospital_2_ko.wav,0.005
Jackie,Jackie_moveInHospital_3_ko.wav,S003,Assets/Addressables/Sound/VOICE/Jackie/S003/ko/Jackie_moveInHospital_3_ko.wav,0.000
Jackie,Jackie_moveInHospital_3_ko_0.wav,S000,Assets/Addressables/Sound/VOICE/Jackie/S000/ko/Jackie_moveInHospital_3_ko.wav,0.000
Jackie,Jackie_moveInHotel_1_ko.wav,S003,Assets/Addressables/Sound/VOICE/Jackie/S003/ko/Jackie_moveInHotel_1_ko.wav,0.000
Jackie,Jackie_moveInHotel_1_ko_0.wav,S000,Assets/Addressables/Sound/VOICE/Jackie/S000/ko/Jackie_moveInHotel_1_ko.wav,0.010
Jackie,Jackie_moveInHotel_2_ko.wav,S003,Assets/Addressables/Sound/VOICE/Jackie/S003/ko/Jackie_moveInHotel_2_ko.wav,0.000
Jackie,Jackie_moveInHotel_2_ko_0.wav,S000,Assets/Addressables/Sound/VOICE/Jackie/S000/ko/Jackie_moveInHotel_2_ko.wav,0.000
Jackie,Jackie_moveInHotel_3_ko.wav,S003,Assets/Addressables/Sound/VOICE/Jackie/S003/ko/Jackie_moveInHotel_3_ko.wav,0.000
Jackie,Jackie_moveInHotel_3_ko_0.wav,S000,Assets/Addressables/Sound/VOICE/Jackie/S000/ko/Jackie_moveInHotel_3_ko.wav,0.000
Jackie,Jackie_moveInLaboratoryOutside_1_ko.wav,S000,Assets/Addressables/Sound/VOICE/Jackie/S000/ko/Jackie_moveInLaboratoryOutside_1_ko.wav,0.000
Jackie,Jackie_moveInLaboratoryOutside_2_ko.wav,S000,Assets/Addressables/Sound/VOICE/Jackie/S000/ko/Jackie_moveInLaboratoryOutside_2_ko.wav,0.010
Jackie,Jackie_moveInLaboratoryOutside_3_ko.wav,S000,Assets/Addressables/Sound/VOICE/Jackie/S000/ko/Jackie_moveInLaboratoryOutside_3_ko.wav,0.000
Jackie,Jackie_moveInLaboratory_1_ko.wav,S003,Assets/Addressables/Sound/VOICE/Jackie/S003/ko/Jackie_moveInLaboratory_1_ko.wav,0.000
Jackie,Jackie_moveInLaboratory_1_ko_0.wav,S000,Assets/Addressables/Sound/VOICE/Jackie/S000/ko/Jackie_moveInLaboratory_1_ko.wav,0.000
Jackie,Jackie_moveInLaboratory_2_ko.wav,S003,Assets/Addressables/Sound/VOICE/Jackie/S003/ko/Jackie_moveInLaboratory_2_ko.wav,0.000
Jackie,Jackie_moveInLaboratory_2_ko_0.wav,S000,Assets/Addressables/Sound/VOICE/Jackie/S000/ko/Jackie_moveInLaboratory_2_ko.wav,0.000
Jackie,Jackie_moveInLaboratory_3_ko.wav,S000,Assets/Addressables/Sound/VOICE/Jackie/S000/ko/Jackie_moveInLaboratory_3_ko.wav,0.000
Jackie,Jackie_moveInLaboratory_3_ko_0.wav,S003,Assets/Addressables/Sound/VOICE/Jackie/S003/ko/Jackie_moveInLaboratory_3_ko.wav,0.000
Jackie,Jackie_moveInPoliceStation_1_ko.wav,S003,Assets/Addressables/Sound/VOICE/Jackie/S003/ko/Jackie_moveInPoliceStation_1_ko.wav,0.000
Jackie,Jackie_moveInPoliceStation_1_ko_0.wav,S000,Assets/Addressables/Sound/VOICE/Jackie/S000/ko/Jackie_moveInPoliceStation_1_ko.wav,0.000
Jackie,Jackie_moveInPoliceStation_2_ko.wav,S000,Assets/Addressables/Sound/VOICE/Jackie/S000/ko/Jackie_moveInPoliceStation_2_ko.wav,0.000
Jackie,Jackie_moveInPoliceStation_2_ko_0.wav,S003,Assets/Addressables/Sound/VOICE/Jackie/S003/ko/Jackie_moveInPoliceStation_2_ko.wav,0.000
Jackie,Jackie_moveInPoliceStation_3_ko.wav,S000,Assets/Addressables/Sound/VOICE/Jackie/S000/ko/Jackie_moveInPoliceStation_3_ko.wav,0.000
Jackie,Jackie_moveInPoliceStation_3_ko_0.wav,S003,Assets/Addressables/Sound/VOICE/Jackie/S003/ko/Jackie_moveInPoliceStation_3_ko.wav,0.000
Jackie,Jackie_moveInPond_1_ko.wav,S003,Assets/Addressables/Sound/VOICE/Jackie/S003/ko/Jackie_moveInPond_1_ko.wav,0.000
Jackie,Jackie_moveInPond_1_ko_0.wav,S000,Assets/Addressables/Sound/VOICE/Jackie/S000/ko/Jackie_moveInPond_1_ko.wav,0.000
Jackie,Jackie_moveInPond_2_ko.wav,S000,Assets/Addressables/Sound/VOICE/Jackie/S000/ko/Jackie_moveInPond_2_ko.wav,0.000
Jackie,Jackie_moveInPond_2_ko_0.wav,S003,Assets/Addressables/Sound/VOICE/Jackie/S003/ko/Jackie_moveInPond_2_ko.wav,0.000
Jackie,Jackie_moveInPond_3_ko.wav,S000,Assets/Addressables/Sound/VOICE/Jackie/S000/ko/Jackie_moveInPond_3_ko.wav,0.000
Jackie,Jackie_moveInPond_3_ko_0.wav,S003,Assets/Addressables/Sound/VOICE/Jackie/S003/ko/Jackie_moveInPond_3_ko.wav,0.000
Jackie,Jackie_moveInSandyBeach_1_ko.wav,S003,Assets/Addressables/Sound/VOICE/Jackie/S003/ko/Jackie_moveInSandyBeach_1_ko.wav,0.005
Jackie,Jackie_moveInSandyBeach_1_ko_0.wav,S000,Assets/Addressables/Sound/VOICE/Jackie/S000/ko/Jackie_moveInSandyBeach_1_ko.wav,0.000
Jackie,Jackie_moveInSandyBeach_2_ko.wav,S003,Assets/Addressables/Sound/VOICE/Jackie/S003/ko/Jackie_moveInSandyBeach_2_ko.wav,0.000
Jackie,Jackie_moveInSandyBeach_2_ko_0.wav,S000,Assets/Addressables/Sound/VOICE/Jackie/S000/ko/Jackie_moveInSandyBeach_2_ko.wav,0.000
Jackie,Jackie_moveInSandyBeach_3_ko.wav,S000,Assets/Addressables/Sound/VOICE/Jackie/S000/ko/Jackie_moveInSandyBeach_3_ko.wav,0.000
Jackie,Jackie_moveInSandyBeach_3_ko_0.wav,S003,Assets/Addressables/Sound/VOICE/Jackie/S003/ko/Jackie_moveInSandyBeach_3_ko.wav,0.000
Jackie,Jackie_moveInSchool_1_ko.wav,S003,Assets/Addressables/Sound/VOICE/Jackie/S003/ko/Jackie_moveInSchool_1_ko.wav,0.000
Jackie,Jackie_moveInSchool_1_ko_0.wav,S000,Assets/Addressables/Sound/VOICE/Jackie/S000/ko/Jackie_moveInSchool_1_ko.wav,0.000
Jackie,Jackie_moveInSchool_2_ko.wav,S000,Assets/Addressables/Sound/VOICE/Jackie/S000/ko/Jackie_moveInSchool_2_ko.wav,0.000
Jackie,Jackie_moveInSchool_2_ko_0.wav,S003,Assets/Addressables/Sound/VOICE/Jackie/S003/ko/Jackie_moveInSchool_2_ko.wav,0.000
Jackie,Jackie_moveInSchool_3_ko.wav,S000,Assets/Addressables/Sound/VOICE/Jackie/S000/ko/Jackie_moveInSchool_3_ko.wav,0.000
Jackie,Jackie_moveInSchool_3_ko_0.wav,S003,Assets/Addressables/Sound/VOICE/Jackie/S003/ko/Jackie_moveInSchool_3_ko.wav,0.000
Jackie,Jackie_moveInStream_1_ko.wav,S003,Assets/Addressables/Sound/VOICE/Jackie/S003/ko/Jackie_moveInStream_1_ko.wav,0.000
Jackie,Jackie_moveInStream_1_ko_0.wav,S000,Assets/Addressables/Sound/VOICE/Jackie/S000/ko/Jackie_moveInStream_1_ko.wav,0.000
Jackie,Jackie_moveInStream_2_ko.wav,S003,Assets/Addressables/Sound/VOICE/Jackie/S003/ko/Jackie_moveInStream_2_ko.wav,0.000
Jackie,Jackie_moveInStream_2_ko_0.wav,S000,Assets/Addressables/Sound/VOICE/Jackie/S000/ko/Jackie_moveInStream_2_ko.wav,0.000
Jackie,Jackie_moveInStream_3_ko.wav,S000,Assets/Addressables/Sound/VOICE/Jackie/S000/ko/Jackie_moveInStream_3_ko.wav,0.000
Jackie,Jackie_moveInStream_3_ko_0.wav,S003,Assets/Addressables/Sound/VOICE/Jackie/S003/ko/Jackie_moveInStream_3_ko.wav,0.000
Jackie,Jackie_moveInTemple_1_ko.wav,S003,Assets/Addressables/Sound/VOICE/Jackie/S003/ko/Jackie_moveInTemple_1_ko.wav,0.000
Jackie,Jackie_moveInTemple_1_ko_0.wav,S000,Assets/Addressables/Sound/VOICE/Jackie/S000/ko/Jackie_moveInTemple_1_ko.wav,0.000
Jackie,Jackie_moveInTemple_2_ko.wav,S003,Assets/Addressables/Sound/VOICE/Jackie/S003/ko/Jackie_moveInTemple_2_ko.wav,0.000
Jackie,Jackie_moveInTemple_2_ko_0.wav,S000,Assets/Addressables/Sound/VOICE/Jackie/S000/ko/Jackie_moveInTemple_2_ko.wav,0.000
Jackie,Jackie_moveInTemple_3_ko.wav,S000,Assets/Addressables/Sound/VOICE/Jackie/S000/ko/Jackie_moveInTemple_3_ko.wav,0.000
Jackie,Jackie_moveInTemple_3_ko_0.wav,S003,Assets/Addressables/Sound/VOICE/Jackie/S003/ko/Jackie_moveInTemple_3_ko.wav,0.000
Jackie,Jackie_moveInUptown_1_ko.wav,S003,Assets/Addressables/Sound/VOICE/Jackie/S003/ko/Jackie_moveInUptown_1_ko.wav,0.000
Jackie,Jackie_moveInUptown_1_ko_0.wav,S000,Assets/Addressables/Sound/VOICE/Jackie/S000/ko/Jackie_moveInUptown_1_ko.wav,0.000
Jackie,Jackie_moveInUptown_2_ko.wav,S000,Assets/Addressables/Sound/VOICE/Jackie/S000/ko/Jackie_moveInUptown_2_ko.wav,0.000
Jackie,Jackie_moveInUptown_2_ko_0.wav,S003,Assets/Addressables/Sound/VOICE/Jackie/S003/ko/Jackie_moveInUptown_2_ko.wav,0.010
Jackie,Jackie_moveInUptown_3_ko.wav,S003,Assets/Addressables/Sound/VOICE/Jackie/S003/ko/Jackie_moveInUptown_3_ko.wav,0.000
Jackie,Jackie_moveInUptown_3_ko_0.wav,S000,Assets/Addressables/Sound/VOICE/Jackie/S000/ko/Jackie_moveInUptown_3_ko.wav,0.000
Jackie,Jackie_moveInWarehouse_1_ko.wav,S003,Assets/Addressables/Sound/VOICE/Jackie/S003/ko/Jackie_moveInWarehouse_1_ko.wav,0.000
Jackie,Jackie_moveInWarehouse_1_ko_0.wav,S000,Assets/Addressables/Sound/VOICE/Jackie/S000/ko/Jackie_moveInWarehouse_1_ko.wav,0.000
Jackie,Jackie_moveInWarehouse_2_ko.wav,S000,Assets/Addressables/Sound/VOICE/Jackie/S000/ko/Jackie_moveInWarehouse_2_ko.wav,0.000
Jackie,Jackie_moveInWarehouse_2_ko_0.wav,S003,Assets/Addressables/Sound/VOICE/Jackie/S003/ko/Jackie_moveInWarehouse_2_ko.wav,0.000
Jackie,Jackie_moveInWarehouse_3_ko.wav,S000,Assets/Addressables/Sound/VOICE/Jackie/S000/ko/Jackie_moveInWarehouse_3_ko.wav,0.005
Jackie,Jackie_moveInWarehouse_3_ko_0.wav,S003,Assets/Addressables/Sound/VOICE/Jackie/S003/ko/Jackie_moveInWarehouse_3_ko.wav,0.002
Jackie,Jackie_moveRestrictedArea_1_ko.wav,S003,Assets/Addressables/Sound/VOICE/Jackie/S003/ko/Jackie_moveRestrictedArea_1_ko.wav,0.000
Jackie,Jackie_moveRestrictedArea_1_ko_0.wav,S000,Assets/Addressables/Sound/VOICE/Jackie/S000/ko/Jackie_moveRestrictedArea_1_ko.wav,0.000
Jackie,Jackie_moveRestrictedArea_2_ko.wav,S000,Assets/Addressables/Sound/VOICE/Jackie/S000/ko/Jackie_moveRestrictedArea_2_ko.wav,0.000
Jackie,Jackie_moveRestrictedArea_2_ko_0.wav,S003,Assets/Addressables/Sound/VOICE/Jackie/S003/ko/Jackie_moveRestrictedArea_2_ko.wav,0.000
Jackie,Jackie_moveRestrictedArea_3_ko.wav,S000,Assets/Addressables/Sound/VOICE/Jackie/S000/ko/Jackie_moveRestrictedArea_3_ko.wav,0.000
Jackie,Jackie_moveRestrictedArea_3_ko_0.wav,S003,Assets/Addressables/Sound/VOICE/Jackie/S003/ko/Jackie_moveRestrictedArea_3_ko.wav,0.010
Jackie,Jackie_moveinBargeship_1_ko.wav,S000,Assets/Addressables/Sound/VOICE/Jackie/S000/ko/Jackie_moveinBargeship_1_ko.wav,0.000
Jackie,Jackie_moveinBargeship_1_ko_0.wav,S003,Assets/Addressables/Sound/VOICE/Jackie/S003/ko/Jackie_moveinBargeship_1_ko.wav,0.000
Jackie,Jackie_moveinBargeship_2_ko.wav,S000,Assets/Addressables/Sound/VOICE/Jackie/S000/ko/Jackie_moveinBargeship_2_ko.wav,0.000
Jackie,Jackie_moveinBargeship_2_ko_0.wav,S003,Assets/Addressables/Sound/VOICE/Jackie/S003/ko/Jackie_moveinBargeship_2_ko.wav,0.000
Jackie,Jackie_moveinBargeship_3_ko.wav,S000,Assets/Addressables/Sound/VOICE/Jackie/S000/ko/Jackie_moveinBargeship_3_ko.wav,0.000
Jackie,Jackie_moveinBargeship_3_ko_0.wav,S003,Assets/Addressables/Sound/VOICE/Jackie/S003/ko/Jackie_moveinBargeship_3_ko.wav,0.000
Jackie,Jackie_requestItem_1_ko.wav,S000,Assets/Addressables/Sound/VOICE/Jackie/S000/ko/Jackie_requestItem_1_ko.wav,0.000
Jackie,Jackie_requestItem_1_ko_0.wav,S003,Assets/Addressables/Sound/VOICE/Jackie/S003/ko/Jackie_requestItem_1_ko.wav,0.000
Jackie,Jackie_rest_1_ko.wav,S003,Assets/Addressables/Sound/VOICE/Jackie/S003/ko/Jackie_rest_1_ko.wav,0.000
Jackie,Jackie_rest_1_ko_0.wav,S000,Assets/Addressables/Sound/VOICE/Jackie/S000/ko/Jackie_rest_1_ko.wav,0.007
Jackie,Jackie_resurrection_1_ko.wav,S003,Assets/Addressables/Sound/VOICE/Jackie/S003/ko/Jackie_resurrection_1_ko.wav,0.000
Jackie,Jackie_resurrection_1_ko_0.wav,S000,Assets/Addressables/Sound/VOICE/Jackie/S000/ko/Jackie_resurrection_1_ko.wav,0.010
Jackie,Jackie_resurrection_2_ko.wav,S000,Assets/Addressables/Sound/VOICE/Jackie/S000/ko/Jackie_resurrection_2_ko.wav,0.000
Jackie,Jackie_resurrection_2_ko_0.wav,S003,Assets/Addressables/Sound/VOICE/Jackie/S003/ko/Jackie_resurrection_2_ko.wav,0.002
Jackie,Jackie_resurrection_3_ko.wav,S000,Assets/Addressables/Sound/VOICE/Jackie/S000/ko/Jackie_resurrection_3_ko.wav,0.000
Jackie,Jackie_resurrection_3_ko_0.wav,S003,Assets/Addressables/Sound/VOICE/Jackie/S003/ko/Jackie_resurrection_3_ko.wav,0.000
Jackie,Jackie_revive_1_ko.wav,S000,Assets/Addressables/Sound/VOICE/Jackie/S000/ko/Jackie_revive_1_ko.wav,0.000
Jackie,Jackie_revive_1_ko_0.wav,S003,Assets/Addressables/Sound/VOICE/Jackie/S003/ko/Jackie_revive_1_ko.wav,0.010
Jackie,Jackie_revive_2_ko.wav,S000,Assets/Addressables/Sound/VOICE/Jackie/S000/ko/Jackie_revive_2_ko.wav,0.000
Jackie,Jackie_revive_2_ko_0.wav,S003,Assets/Addressables/Sound/VOICE/Jackie/S003/ko/Jackie_revive_2_ko.wav,0.000
Jackie,Jackie_save_1_ko.wav,S000,Assets/Addressables/Sound/VOICE/Jackie/S000/ko/Jackie_save_1_ko.wav,0.000
Jackie,Jackie_save_1_ko_0.wav,S003,Assets/Addressables/Sound/VOICE/Jackie/S003/ko/Jackie_save_1_ko.wav,0.000
Jackie,Jackie_selected2_1_ko.wav,S003,Assets/Addressables/Sound/VOICE/Jackie/S003/ko/Jackie_selected2_1_ko.wav,0.000
Jackie,Jackie_selected2_1_ko_0.wav,S000,Assets/Addressables/Sound/VOICE/Jackie/S000/ko/Jackie_selected2_1_ko.wav,0.000
Jackie,Jackie_selected2_S002_1_ko.wav,S002,Assets/Addressables/Sound/VOICE/Jackie/S002/ko/Jackie_selected2_S002_1_ko.wav,0.000
Jackie,Jackie_selected_1_ko.wav,S000,Assets/Addressables/Sound/VOICE/Jackie/S000/ko/Jackie_selected_1_ko.wav,0.000
Jackie,Jackie_selected_1_ko_0.wav,S003,Assets/Addressables/Sound/VOICE/Jackie/S003/ko/Jackie_selected_1_ko.wav,0.000
Jackie,Jackie_setting1_1_ko.wav,S003,Assets/Addressables/Sound/VOICE/Jackie/S003/ko/Jackie_setting1_1_ko.wav,0.000
Jackie,Jackie_setting1_1_ko_0.wav,S000,Assets/Addressables/Sound/VOICE/Jackie/S000/ko/Jackie_setting1_1_ko.wav,0.010
Jackie,Jackie_setting2_1_ko.wav,S000,Assets/Addressables/Sound/VOICE/Jackie/S000/ko/Jackie_setting2_1_ko.wav,0.000
Jackie,Jackie_setting2_1_ko_0.wav,S003,Assets/Addressables/Sound/VOICE/Jackie/S003/ko/Jackie_setting2_1_ko.wav,0.000
Jackie,Jackie_setting3_1_ko.wav,S003,Assets/Addressables/Sound/VOICE/Jackie/S003/ko/Jackie_setting3_1_ko.wav,0.000
Jackie,Jackie_setting3_1_ko_0.wav,S000,Assets/Addressables/Sound/VOICE/Jackie/S000/ko/Jackie_setting3_1_ko.wav,0.000
Jackie,Jackie_setting4_1_ko.wav,S003,Assets/Addressables/Sound/VOICE/Jackie/S003/ko/Jackie_setting4_1_ko.wav,0.000
Jackie,Jackie_setting4_1_ko_0.wav,S000,Assets/Addressables/Sound/VOICE/Jackie/S000/ko/Jackie_setting4_1_ko.wav,0.000
Jackie,Jackie_setting5_1_ko.wav,S003,Assets/Addressables/Sound/VOICE/Jackie/S003/ko/Jackie_setting5_1_ko.wav,0.000
Jackie,Jackie_setting5_1_ko_0.wav,S000,Assets/Addressables/Sound/VOICE/Jackie/S000/ko/Jackie_setting5_1_ko.wav,0.000
Jackie,Jackie_setting6_1_ko.wav,S003,Assets/Addressables/Sound/VOICE/Jackie/S003/ko/Jackie_setting6_1_ko.wav,0.000
Jackie,Jackie_setting6_1_ko_0.wav,S000,Assets/Addressables/Sound/VOICE/Jackie/S000/ko/Jackie_setting6_1_ko.wav,0.000
Jackie,Jackie_targetOn_1_ko.wav,S000,Assets/Addressables/Sound/VOICE/Jackie/S000/ko/Jackie_targetOn_1_ko.wav,0.000
Jackie,Jackie_targetOn_1_ko_0.wav,S003,Assets/Addressables/Sound/VOICE/Jackie/S003/ko/Jackie_targetOn_1_ko.wav,0.000
Jackie,Jackie_targetOn_2_ko.wav,S003,Assets/Addressables/Sound/VOICE/Jackie/S003/ko/Jackie_targetOn_2_ko.wav,0.000
Jackie,Jackie_targetOn_2_ko_0.wav,S000,Assets/Addressables/Sound/VOICE/Jackie/S000/ko/Jackie_targetOn_2_ko.wav,0.000
Jackie,Jackie_terminateActivate_1_ko.wav,S000,Assets/Addressables/Sound/VOICE/Jackie/S000/ko/Jackie_terminateActivate_1_ko.wav,0.000
Jackie,Jackie_terminateActivate_1_ko_0.wav,S003,Assets/Addressables/Sound/VOICE/Jackie/S003/ko/Jackie_terminateActivate_1_ko.wav,0.000
Jackie,Jackie_trap_1_ko.wav,S000,Assets/Addressables/Sound/VOICE/Jackie/S000/ko/Jackie_trap_1_ko.wav,0.000
Jackie,Jackie_trap_2_ko.wav,S000,Assets/Addressables/Sound/VOICE/Jackie/S000/ko/Jackie_trap_2_ko.wav,0.000
Jackie,Jackie_victory_1_ko.wav,S000,Assets/Addressables/Sound/VOICE/Jackie/S000/ko/Jackie_victory_1_ko.wav,0.000
Jackie,Jackie_victory_1_ko_0.wav,S003,Assets/Addressables/Sound/VOICE/Jackie/S003/ko/Jackie_victory_1_ko.wav,0.010
Jackie,Jackie_victory_2_ko.wav,S003,Assets/Addressables/Sound/VOICE/Jackie/S003/ko/Jackie_victory_2_ko.wav,0.000
Jackie,Jackie_victory_2_ko_0.wav,S000,Assets/Addressables/Sound/VOICE/Jackie/S000/ko/Jackie_victory_2_ko.wav,0.000
Jackie,Jackie_victory_3_ko.wav,S000,Assets/Addressables/Sound/VOICE/Jackie/S000/ko/Jackie_victory_3_ko.wav,0.000
Katja,Katja_Dead_1_ko.wav,S002,Assets/Addressables/Sound/VOICE/Katja/S002/ko/Katja_Dead_1_ko.wav,0.000
Katja,Katja_Dead_1_ko_0.wav,S000,Assets/Addressables/Sound/VOICE/Katja/S000/ko/Katja_Dead_1_ko.wav,0.000
Katja,Katja_Dead_2_ko.wav,S002,Assets/Addressables/Sound/VOICE/Katja/S002/ko/Katja_Dead_2_ko.wav,0.000
Katja,Katja_Dead_2_ko_0.wav,S000,Assets/Addressables/Sound/VOICE/Katja/S000/ko/Katja_Dead_2_ko.wav,0.000
Katja,Katja_Dead_3_ko.wav,S000,Assets/Addressables/Sound/VOICE/Katja/S000/ko/Katja_Dead_3_ko.wav,0.000
Katja,Katja_Dead_3_ko_0.wav,S002,Assets/Addressables/Sound/VOICE/Katja/S002/ko/Katja_Dead_3_ko.wav,0.000
Katja,Katja_PlaySkill1072100_1_ko.wav,S000,Assets/Addressables/Sound/VOICE/Katja/S000/ko/Katja_PlaySkill1072100_1_ko.wav,0.000
Katja,Katja_PlaySkill1072100_1_ko_0.wav,S002,Assets/Addressables/Sound/VOICE/Katja/S002/ko/Katja_PlaySkill1072100_1_ko.wav,0.010
Katja,Katja_PlaySkill1072100_2_ko.wav,S000,Assets/Addressables/Sound/VOICE/Katja/S000/ko/Katja_PlaySkill1072100_2_ko.wav,0.000
Katja,Katja_PlaySkill1072100_2_ko_0.wav,S002,Assets/Addressables/Sound/VOICE/Katja/S002/ko/Katja_PlaySkill1072100_2_ko.wav,0.000
Katja,Katja_PlaySkill1072100_3_ko.wav,S000,Assets/Addressables/Sound/VOICE/Katja/S000/ko/Katja_PlaySkill1072100_3_ko.wav,0.000
Katja,Katja_PlaySkill1072100_3_ko_0.wav,S002,Assets/Addressables/Sound/VOICE/Katja/S002/ko/Katja_PlaySkill1072100_3_ko.wav,0.000
Katja,Katja_PlaySkill1072200seq0_1_ko.wav,S000,Assets/Addressables/Sound/VOICE/Katja/S000/ko/Katja_PlaySkill1072200seq0_1_ko.wav,파형상관 1.0000
Katja,Katja_PlaySkill1072200seq0_1_ko_0.wav,S002,Assets/Addressables/Sound/VOICE/Katja/S002/ko/Katja_PlaySkill1072200seq0_1_ko.wav,파형상관 1.0000
Katja,Katja_PlaySkill1072200seq0_2_ko.wav,S002,Assets/Addressables/Sound/VOICE/Katja/S002/ko/Katja_PlaySkill1072200seq0_2_ko.wav,0.000
Katja,Katja_PlaySkill1072200seq0_2_ko_0.wav,S000,Assets/Addressables/Sound/VOICE/Katja/S000/ko/Katja_PlaySkill1072200seq0_2_ko.wav,0.000
Katja,Katja_PlaySkill1072200seq0_3_ko.wav,S000,Assets/Addressables/Sound/VOICE/Katja/S000/ko/Katja_PlaySkill1072200seq0_3_ko.wav,0.000
Katja,Katja_PlaySkill1072200seq0_3_ko_0.wav,S002,Assets/Addressables/Sound/VOICE/Katja/S002/ko/Katja_PlaySkill1072200seq0_3_ko.wav,0.000
Katja,Katja_PlaySkill1072200seq0_4_ko.wav,S000,Assets/Addressables/Sound/VOICE/Katja/S000/ko/Katja_PlaySkill1072200seq0_4_ko.wav,파형상관 1.0000
Katja,Katja_PlaySkill1072200seq0_4_ko_0.wav,S002,Assets/Addressables/Sound/VOICE/Katja/S002/ko/Katja_PlaySkill1072200seq0_4_ko.wav,파형상관 1.0000
Katja,Katja_PlaySkill1072300seq0_1_ko.wav,S002,Assets/Addressables/Sound/VOICE/Katja/S002/ko/Katja_PlaySkill1072300seq0_1_ko.wav,0.000
Katja,Katja_PlaySkill1072300seq0_1_ko_0.wav,S000,Assets/Addressables/Sound/VOICE/Katja/S000/ko/Katja_PlaySkill1072300seq0_1_ko.wav,0.000
Katja,Katja_PlaySkill1072300seq0_2_ko.wav,S000,Assets/Addressables/Sound/VOICE/Katja/S000/ko/Katja_PlaySkill1072300seq0_2_ko.wav,0.000
Katja,Katja_PlaySkill1072300seq0_2_ko_0.wav,S002,Assets/Addressables/Sound/VOICE/Katja/S002/ko/Katja_PlaySkill1072300seq0_2_ko.wav,0.000
Katja,Katja_PlaySkill1072300seq0_3_ko.wav,S000,Assets/Addressables/Sound/VOICE/Katja/S000/ko/Katja_PlaySkill1072300seq0_3_ko.wav,0.000
Katja,Katja_PlaySkill1072300seq0_3_ko_0.wav,S002,Assets/Addressables/Sound/VOICE/Katja/S002/ko/Katja_PlaySkill1072300seq0_3_ko.wav,0.000
Katja,Katja_PlaySkill1072310_1_ko.wav,S002,Assets/Addressables/Sound/VOICE/Katja/S002/ko/Katja_PlaySkill1072310_1_ko.wav,0.000
Katja,Katja_PlaySkill1072310_1_ko_0.wav,S000,Assets/Addressables/Sound/VOICE/Katja/S000/ko/Katja_PlaySkill1072310_1_ko.wav,0.000
Katja,Katja_PlaySkill1072310_2_ko.wav,S002,Assets/Addressables/Sound/VOICE/Katja/S002/ko/Katja_PlaySkill1072310_2_ko.wav,0.000
Katja,Katja_PlaySkill1072310_2_ko_0.wav,S000,Assets/Addressables/Sound/VOICE/Katja/S000/ko/Katja_PlaySkill1072310_2_ko.wav,0.000
Katja,Katja_PlaySkill1072310_3_ko.wav,S000,Assets/Addressables/Sound/VOICE/Katja/S000/ko/Katja_PlaySkill1072310_3_ko.wav,0.000
Katja,Katja_PlaySkill1072310_3_ko_0.wav,S002,Assets/Addressables/Sound/VOICE/Katja/S002/ko/Katja_PlaySkill1072310_3_ko.wav,0.000
Katja,Katja_PlaySkill1072320_1_ko.wav,S000,Assets/Addressables/Sound/VOICE/Katja/S000/ko/Katja_PlaySkill1072320_1_ko.wav,0.000
Katja,Katja_PlaySkill1072320_1_ko_0.wav,S002,Assets/Addressables/Sound/VOICE/Katja/S002/ko/Katja_PlaySkill1072320_1_ko.wav,0.000
Katja,Katja_PlaySkill1072320_2_ko.wav,S000,Assets/Addressables/Sound/VOICE/Katja/S000/ko/Katja_PlaySkill1072320_2_ko.wav,0.000
Katja,Katja_PlaySkill1072320_2_ko_0.wav,S002,Assets/Addressables/Sound/VOICE/Katja/S002/ko/Katja_PlaySkill1072320_2_ko.wav,0.000
Katja,Katja_PlaySkill1072320_3_ko.wav,S002,Assets/Addressables/Sound/VOICE/Katja/S002/ko/Katja_PlaySkill1072320_3_ko.wav,0.000
Katja,Katja_PlaySkill1072320_3_ko_0.wav,S000,Assets/Addressables/Sound/VOICE/Katja/S000/ko/Katja_PlaySkill1072320_3_ko.wav,0.000
Katja,Katja_PlaySkill1072400seq0_1_ko.wav,S000,Assets/Addressables/Sound/VOICE/Katja/S000/ko/Katja_PlaySkill1072400seq0_1_ko.wav,0.002
Katja,Katja_PlaySkill1072400seq0_1_ko_0.wav,S002,Assets/Addressables/Sound/VOICE/Katja/S002/ko/Katja_PlaySkill1072400seq0_1_ko.wav,0.010
Katja,Katja_PlaySkill1072400seq0_2_ko.wav,S002,Assets/Addressables/Sound/VOICE/Katja/S002/ko/Katja_PlaySkill1072400seq0_2_ko.wav,0.000
Katja,Katja_PlaySkill1072400seq0_2_ko_0.wav,S000,Assets/Addressables/Sound/VOICE/Katja/S000/ko/Katja_PlaySkill1072400seq0_2_ko.wav,0.000
Katja,Katja_PlaySkill1072400seq0_3_ko.wav,S002,Assets/Addressables/Sound/VOICE/Katja/S002/ko/Katja_PlaySkill1072400seq0_3_ko.wav,0.000
Katja,Katja_PlaySkill1072400seq0_3_ko_0.wav,S000,Assets/Addressables/Sound/VOICE/Katja/S000/ko/Katja_PlaySkill1072400seq0_3_ko.wav,0.000
Katja,Katja_PlaySkill1072500seq0_1_ko.wav,S002,Assets/Addressables/Sound/VOICE/Katja/S002/ko/Katja_PlaySkill1072500seq0_1_ko.wav,0.010
Katja,Katja_PlaySkill1072500seq0_1_ko_0.wav,S000,Assets/Addressables/Sound/VOICE/Katja/S000/ko/Katja_PlaySkill1072500seq0_1_ko.wav,0.010
Katja,Katja_PlaySkill1072500seq0_2_ko.wav,S002,Assets/Addressables/Sound/VOICE/Katja/S002/ko/Katja_PlaySkill1072500seq0_2_ko.wav,0.000
Katja,Katja_PlaySkill1072500seq0_2_ko_0.wav,S000,Assets/Addressables/Sound/VOICE/Katja/S000/ko/Katja_PlaySkill1072500seq0_2_ko.wav,0.000
Katja,Katja_PlaySkill1072500seq0_3_ko.wav,S002,Assets/Addressables/Sound/VOICE/Katja/S002/ko/Katja_PlaySkill1072500seq0_3_ko.wav,0.000
Katja,Katja_PlaySkill1072500seq0_3_ko_0.wav,S000,Assets/Addressables/Sound/VOICE/Katja/S000/ko/Katja_PlaySkill1072500seq0_3_ko.wav,0.000
Katja,Katja_VictoryCutscene_ko.wav,S002,Assets/Addressables/Sound/VOICE/Katja/S002/ko/Katja_VictoryCutscene_ko.wav,0.000
Katja,Katja_VictoryCutscene_ko_0.wav,S000,Assets/Addressables/Sound/VOICE/Katja/S000/ko/Katja_VictoryCutscene_ko.wav,0.000
Katja,Katja_airSupply_1_ko.wav,S002,Assets/Addressables/Sound/VOICE/Katja/S002/ko/Katja_airSupply_1_ko.wav,0.000
Katja,Katja_airSupply_1_ko_0.wav,S000,Assets/Addressables/Sound/VOICE/Katja/S000/ko/Katja_airSupply_1_ko.wav,0.003
Katja,Katja_airSupply_2_ko.wav,S000,Assets/Addressables/Sound/VOICE/Katja/S000/ko/Katja_airSupply_2_ko.wav,0.000
Katja,Katja_airSupply_2_ko_0.wav,S002,Assets/Addressables/Sound/VOICE/Katja/S002/ko/Katja_airSupply_2_ko.wav,0.000
Katja,Katja_airSupply_3_ko.wav,S000,Assets/Addressables/Sound/VOICE/Katja/S000/ko/Katja_airSupply_3_ko.wav,0.000
Katja,Katja_airSupply_3_ko_0.wav,S002,Assets/Addressables/Sound/VOICE/Katja/S002/ko/Katja_airSupply_3_ko.wav,0.000
Katja,Katja_box_1_ko.wav,S000,Assets/Addressables/Sound/VOICE/Katja/S000/ko/Katja_box_1_ko.wav,0.000
Katja,Katja_box_1_ko_0.wav,S002,Assets/Addressables/Sound/VOICE/Katja/S002/ko/Katja_box_1_ko.wav,0.000
Katja,Katja_box_2_ko.wav,S000,Assets/Addressables/Sound/VOICE/Katja/S000/ko/Katja_box_2_ko.wav,0.010
Katja,Katja_box_2_ko_0.wav,S002,Assets/Addressables/Sound/VOICE/Katja/S002/ko/Katja_box_2_ko.wav,0.000
Katja,Katja_box_3_ko.wav,S000,Assets/Addressables/Sound/VOICE/Katja/S000/ko/Katja_box_3_ko.wav,0.000
Katja,Katja_box_3_ko_0.wav,S002,Assets/Addressables/Sound/VOICE/Katja/S002/ko/Katja_box_3_ko.wav,0.000
Katja,Katja_box_4_ko.wav,S000,Assets/Addressables/Sound/VOICE/Katja/S000/ko/Katja_box_4_ko.wav,0.000
Katja,Katja_box_4_ko_0.wav,S002,Assets/Addressables/Sound/VOICE/Katja/S002/ko/Katja_box_4_ko.wav,0.000
Katja,Katja_callRemoteDrone_1_ko.wav,S002,Assets/Addressables/Sound/VOICE/Katja/S002/ko/Katja_callRemoteDrone_1_ko.wav,0.000
Katja,Katja_callRemoteDrone_1_ko_0.wav,S000,Assets/Addressables/Sound/VOICE/Katja/S000/ko/Katja_callRemoteDrone_1_ko.wav,0.000
Katja,Katja_callRemoteDrone_2_ko.wav,S000,Assets/Addressables/Sound/VOICE/Katja/S000/ko/Katja_callRemoteDrone_2_ko.wav,0.000
Katja,Katja_callRemoteDrone_2_ko_0.wav,S002,Assets/Addressables/Sound/VOICE/Katja/S002/ko/Katja_callRemoteDrone_2_ko.wav,0.000
Katja,Katja_cctv_1_ko.wav,S000,Assets/Addressables/Sound/VOICE/Katja/S000/ko/Katja_cctv_1_ko.wav,0.000
Katja,Katja_cctv_1_ko_0.wav,S002,Assets/Addressables/Sound/VOICE/Katja/S002/ko/Katja_cctv_1_ko.wav,0.000
Katja,Katja_cctv_2_ko.wav,S002,Assets/Addressables/Sound/VOICE/Katja/S002/ko/Katja_cctv_2_ko.wav,0.000
Katja,Katja_cctv_2_ko_0.wav,S000,Assets/Addressables/Sound/VOICE/Katja/S000/ko/Katja_cctv_2_ko.wav,0.000
Katja,Katja_clutchActivate_1_ko.wav,S000,Assets/Addressables/Sound/VOICE/Katja/S000/ko/Katja_clutchActivate_1_ko.wav,0.000
Katja,Katja_clutchActivate_1_ko_0.wav,S002,Assets/Addressables/Sound/VOICE/Katja/S002/ko/Katja_clutchActivate_1_ko.wav,0.000
Katja,Katja_cobaltOccupation_1_ko.wav,S002,Assets/Addressables/Sound/VOICE/Katja/S002/ko/Katja_cobaltOccupation_1_ko.wav,0.000
Katja,Katja_cobaltOccupation_1_ko_0.wav,S000,Assets/Addressables/Sound/VOICE/Katja/S000/ko/Katja_cobaltOccupation_1_ko.wav,0.000
Katja,Katja_collectbrunch_1_ko.wav,S000,Assets/Addressables/Sound/VOICE/Katja/S000/ko/Katja_collectbrunch_1_ko.wav,0.000
Katja,Katja_collectbrunch_1_ko_0.wav,S002,Assets/Addressables/Sound/VOICE/Katja/S002/ko/Katja_collectbrunch_1_ko.wav,0.000
Katja,Katja_collectfishRiver_1_ko.wav,S002,Assets/Addressables/Sound/VOICE/Katja/S002/ko/Katja_collectfishRiver_1_ko.wav,0.001
Katja,Katja_collectfishRiver_1_ko_0.wav,S000,Assets/Addressables/Sound/VOICE/Katja/S000/ko/Katja_collectfishRiver_1_ko.wav,0.000
Katja,Katja_collectfishSea_1_ko.wav,S002,Assets/Addressables/Sound/VOICE/Katja/S002/ko/Katja_collectfishSea_1_ko.wav,0.000
Katja,Katja_collectfishSea_1_ko_0.wav,S000,Assets/Addressables/Sound/VOICE/Katja/S000/ko/Katja_collectfishSea_1_ko.wav,0.000
Katja,Katja_collectflower_1_ko.wav,S000,Assets/Addressables/Sound/VOICE/Katja/S000/ko/Katja_collectflower_1_ko.wav,0.000
Katja,Katja_collectflower_1_ko_0.wav,S002,Assets/Addressables/Sound/VOICE/Katja/S002/ko/Katja_collectflower_1_ko.wav,0.000
Katja,Katja_collectmushroom_1_ko.wav,S000,Assets/Addressables/Sound/VOICE/Katja/S000/ko/Katja_collectmushroom_1_ko.wav,0.000
Katja,Katja_collectmushroom_1_ko_0.wav,S002,Assets/Addressables/Sound/VOICE/Katja/S002/ko/Katja_collectmushroom_1_ko.wav,0.000
Katja,Katja_collectpotato_1_ko.wav,S000,Assets/Addressables/Sound/VOICE/Katja/S000/ko/Katja_collectpotato_1_ko.wav,0.010
Katja,Katja_collectpotato_1_ko_0.wav,S002,Assets/Addressables/Sound/VOICE/Katja/S002/ko/Katja_collectpotato_1_ko.wav,0.000
Katja,Katja_collectstone_1_ko.wav,S000,Assets/Addressables/Sound/VOICE/Katja/S000/ko/Katja_collectstone_1_ko.wav,0.000
Katja,Katja_collectstone_1_ko_0.wav,S002,Assets/Addressables/Sound/VOICE/Katja/S002/ko/Katja_collectstone_1_ko.wav,0.000
Katja,Katja_collectwater_1_ko.wav,S002,Assets/Addressables/Sound/VOICE/Katja/S002/ko/Katja_collectwater_1_ko.wav,0.000
Katja,Katja_collectwater_1_ko_0.wav,S000,Assets/Addressables/Sound/VOICE/Katja/S000/ko/Katja_collectwater_1_ko.wav,0.000
Katja,Katja_communicationPing_food_1_ko.wav,S000,Assets/Addressables/Sound/VOICE/Katja/S000/ko/Katja_communicationPing_food_1_ko.wav,0.000
Katja,Katja_communicationPing_goal_1_ko.wav,S000,Assets/Addressables/Sound/VOICE/Katja/S000/ko/Katja_communicationPing_goal_1_ko.wav,0.000
Katja,Katja_communicationPing_goodjob_1_ko.wav,S000,Assets/Addressables/Sound/VOICE/Katja/S000/ko/Katja_communicationPing_goodjob_1_ko.wav,0.000
Katja,Katja_communicationPing_ok_1_ko.wav,S000,Assets/Addressables/Sound/VOICE/Katja/S000/ko/Katja_communicationPing_ok_1_ko.wav,0.000
Katja,Katja_communicationPing_sorry_1_ko.wav,S000,Assets/Addressables/Sound/VOICE/Katja/S000/ko/Katja_communicationPing_sorry_1_ko.wav,0.000
Katja,Katja_communicationPing_thankyou_1_ko.wav,S000,Assets/Addressables/Sound/VOICE/Katja/S000/ko/Katja_communicationPing_thankyou_1_ko.wav,0.000
Katja,Katja_communicationPing_waiting_1_ko.wav,S000,Assets/Addressables/Sound/VOICE/Katja/S000/ko/Katja_communicationPing_waiting_1_ko.wav,0.000
Katja,Katja_communicationPing_whatyouneed_1_ko.wav,S000,Assets/Addressables/Sound/VOICE/Katja/S000/ko/Katja_communicationPing_whatyouneed_1_ko.wav,0.000
Katja,Katja_communicationping_drink_1_ko.wav,S000,Assets/Addressables/Sound/VOICE/Katja/S000/ko/Katja_communicationping_drink_1_ko.wav,0.000
Katja,Katja_communicationping_gathering_1_ko.wav,S000,Assets/Addressables/Sound/VOICE/Katja/S000/ko/Katja_communicationping_gathering_1_ko.wav,0.000
Katja,Katja_craftEpic_1_ko.wav,S000,Assets/Addressables/Sound/VOICE/Katja/S000/ko/Katja_craftEpic_1_ko.wav,0.000
Katja,Katja_craftEpic_1_ko_0.wav,S002,Assets/Addressables/Sound/VOICE/Katja/S002/ko/Katja_craftEpic_1_ko.wav,0.000
Katja,Katja_craftEpic_2_ko.wav,S000,Assets/Addressables/Sound/VOICE/Katja/S000/ko/Katja_craftEpic_2_ko.wav,0.000
Katja,Katja_craftEpic_2_ko_0.wav,S002,Assets/Addressables/Sound/VOICE/Katja/S002/ko/Katja_craftEpic_2_ko.wav,0.000
Katja,Katja_craftEpic_3_ko.wav,S002,Assets/Addressables/Sound/VOICE/Katja/S002/ko/Katja_craftEpic_3_ko.wav,0.000
Katja,Katja_craftEpic_3_ko_0.wav,S000,Assets/Addressables/Sound/VOICE/Katja/S000/ko/Katja_craftEpic_3_ko.wav,0.000
Katja,Katja_craftLegend_1_ko.wav,S002,Assets/Addressables/Sound/VOICE/Katja/S002/ko/Katja_craftLegend_1_ko.wav,0.000
Katja,Katja_craftLegend_1_ko_0.wav,S000,Assets/Addressables/Sound/VOICE/Katja/S000/ko/Katja_craftLegend_1_ko.wav,0.000
Katja,Katja_craftLegend_2_ko.wav,S002,Assets/Addressables/Sound/VOICE/Katja/S002/ko/Katja_craftLegend_2_ko.wav,0.000
Katja,Katja_craftLegend_2_ko_0.wav,S000,Assets/Addressables/Sound/VOICE/Katja/S000/ko/Katja_craftLegend_2_ko.wav,0.000
Katja,Katja_craftLegend_3_ko.wav,S002,Assets/Addressables/Sound/VOICE/Katja/S002/ko/Katja_craftLegend_3_ko.wav,0.000
Katja,Katja_craftLegend_3_ko_0.wav,S000,Assets/Addressables/Sound/VOICE/Katja/S000/ko/Katja_craftLegend_3_ko.wav,0.000
Katja,Katja_craftMystic_1_ko.wav,S000,Assets/Addressables/Sound/VOICE/Katja/S000/ko/Katja_craftMystic_1_ko.wav,0.000
Katja,Katja_craftMystic_1_ko_0.wav,S002,Assets/Addressables/Sound/VOICE/Katja/S002/ko/Katja_craftMystic_1_ko.wav,0.008
Katja,Katja_craftMystic_2_ko.wav,S000,Assets/Addressables/Sound/VOICE/Katja/S000/ko/Katja_craftMystic_2_ko.wav,0.000
Katja,Katja_craftMystic_2_ko_0.wav,S002,Assets/Addressables/Sound/VOICE/Katja/S002/ko/Katja_craftMystic_2_ko.wav,0.000
Katja,Katja_craftMystic_3_ko.wav,S000,Assets/Addressables/Sound/VOICE/Katja/S000/ko/Katja_craftMystic_3_ko.wav,0.000
Katja,Katja_craftMystic_3_ko_0.wav,S002,Assets/Addressables/Sound/VOICE/Katja/S002/ko/Katja_craftMystic_3_ko.wav,0.000
Katja,Katja_craftRare_1_ko.wav,S000,Assets/Addressables/Sound/VOICE/Katja/S000/ko/Katja_craftRare_1_ko.wav,0.010
Katja,Katja_craftRare_1_ko_0.wav,S002,Assets/Addressables/Sound/VOICE/Katja/S002/ko/Katja_craftRare_1_ko.wav,0.000
Katja,Katja_craftRare_2_ko.wav,S000,Assets/Addressables/Sound/VOICE/Katja/S000/ko/Katja_craftRare_2_ko.wav,0.000
Katja,Katja_craftRare_2_ko_0.wav,S002,Assets/Addressables/Sound/VOICE/Katja/S002/ko/Katja_craftRare_2_ko.wav,0.000
Katja,Katja_craftRare_3_ko.wav,S000,Assets/Addressables/Sound/VOICE/Katja/S000/ko/Katja_craftRare_3_ko.wav,0.000
Katja,Katja_craftRare_3_ko_0.wav,S002,Assets/Addressables/Sound/VOICE/Katja/S002/ko/Katja_craftRare_3_ko.wav,0.000
Katja,Katja_craftUncommon_1_ko.wav,S002,Assets/Addressables/Sound/VOICE/Katja/S002/ko/Katja_craftUncommon_1_ko.wav,0.000
Katja,Katja_craftUncommon_1_ko_0.wav,S000,Assets/Addressables/Sound/VOICE/Katja/S000/ko/Katja_craftUncommon_1_ko.wav,0.000
Katja,Katja_craftUncommon_2_ko.wav,S002,Assets/Addressables/Sound/VOICE/Katja/S002/ko/Katja_craftUncommon_2_ko.wav,0.004
Katja,Katja_craftUncommon_2_ko_0.wav,S000,Assets/Addressables/Sound/VOICE/Katja/S000/ko/Katja_craftUncommon_2_ko.wav,0.000
Katja,Katja_craftUncommon_3_ko.wav,S002,Assets/Addressables/Sound/VOICE/Katja/S002/ko/Katja_craftUncommon_3_ko.wav,0.000
Katja,Katja_craftUncommon_3_ko_0.wav,S000,Assets/Addressables/Sound/VOICE/Katja/S000/ko/Katja_craftUncommon_3_ko.wav,0.000
Katja,Katja_findCorpsEnemyKill_1_ko.wav,S002,Assets/Addressables/Sound/VOICE/Katja/S002/ko/Katja_findCorpsEnemyKill_1_ko.wav,파형상관 1.0000
Katja,Katja_findCorpsEnemyKill_1_ko_0.wav,S000,Assets/Addressables/Sound/VOICE/Katja/S000/ko/Katja_findCorpsEnemyKill_1_ko.wav,파형상관 1.0000
Katja,Katja_firstMove_1_ko.wav,S000,Assets/Addressables/Sound/VOICE/Katja/S000/ko/Katja_firstMove_1_ko.wav,0.000
Katja,Katja_firstMove_1_ko_0.wav,S002,Assets/Addressables/Sound/VOICE/Katja/S002/ko/Katja_firstMove_1_ko.wav,0.000
Katja,Katja_firstMove_2_ko.wav,S002,Assets/Addressables/Sound/VOICE/Katja/S002/ko/Katja_firstMove_2_ko.wav,0.000
Katja,Katja_firstMove_2_ko_0.wav,S000,Assets/Addressables/Sound/VOICE/Katja/S000/ko/Katja_firstMove_2_ko.wav,0.000
Katja,Katja_firstMove_3_ko.wav,S000,Assets/Addressables/Sound/VOICE/Katja/S000/ko/Katja_firstMove_3_ko.wav,0.000
Katja,Katja_firstMove_3_ko_0.wav,S002,Assets/Addressables/Sound/VOICE/Katja/S002/ko/Katja_firstMove_3_ko.wav,0.000
Katja,Katja_hackinglost_1_ko.wav,S002,Assets/Addressables/Sound/VOICE/Katja/S002/ko/Katja_hackinglost_1_ko.wav,0.000
Katja,Katja_hackinglost_1_ko_0.wav,S000,Assets/Addressables/Sound/VOICE/Katja/S000/ko/Katja_hackinglost_1_ko.wav,0.000
Katja,Katja_highlyPlaced_1_ko.wav,S002,Assets/Addressables/Sound/VOICE/Katja/S002/ko/Katja_highlyPlaced_1_ko.wav,0.000
Katja,Katja_highlyPlaced_1_ko_0.wav,S000,Assets/Addressables/Sound/VOICE/Katja/S000/ko/Katja_highlyPlaced_1_ko.wav,0.000
Katja,Katja_highlyPlaced_2_ko.wav,S000,Assets/Addressables/Sound/VOICE/Katja/S000/ko/Katja_highlyPlaced_2_ko.wav,0.000
Katja,Katja_highlyPlaced_2_ko_0.wav,S002,Assets/Addressables/Sound/VOICE/Katja/S002/ko/Katja_highlyPlaced_2_ko.wav,0.000
Katja,Katja_hyperloopAlly_1_ko.wav,S002,Assets/Addressables/Sound/VOICE/Katja/S002/ko/Katja_hyperloopAlly_1_ko.wav,0.000
Katja,Katja_hyperloopAlly_1_ko_0.wav,S000,Assets/Addressables/Sound/VOICE/Katja/S000/ko/Katja_hyperloopAlly_1_ko.wav,0.000
Katja,Katja_hyperloopAlly_2_ko.wav,S000,Assets/Addressables/Sound/VOICE/Katja/S000/ko/Katja_hyperloopAlly_2_ko.wav,0.000
Katja,Katja_hyperloopAlly_2_ko_0.wav,S002,Assets/Addressables/Sound/VOICE/Katja/S002/ko/Katja_hyperloopAlly_2_ko.wav,0.000
Katja,Katja_hyperloop_1_ko.wav,S002,Assets/Addressables/Sound/VOICE/Katja/S002/ko/Katja_hyperloop_1_ko.wav,0.000
Katja,Katja_hyperloop_1_ko_0.wav,S000,Assets/Addressables/Sound/VOICE/Katja/S000/ko/Katja_hyperloop_1_ko.wav,0.000
Katja,Katja_hyperloop_2_ko.wav,S002,Assets/Addressables/Sound/VOICE/Katja/S002/ko/Katja_hyperloop_2_ko.wav,0.004
Katja,Katja_hyperloop_2_ko_0.wav,S000,Assets/Addressables/Sound/VOICE/Katja/S000/ko/Katja_hyperloop_2_ko.wav,0.000
Katja,Katja_kill10Player_1_ko.wav,S000,Assets/Addressables/Sound/VOICE/Katja/S000/ko/Katja_kill10Player_1_ko.wav,0.000
Katja,Katja_kill10Player_1_ko_0.wav,S002,Assets/Addressables/Sound/VOICE/Katja/S002/ko/Katja_kill10Player_1_ko.wav,0.000
Katja,Katja_kill11Player_1_ko.wav,S002,Assets/Addressables/Sound/VOICE/Katja/S002/ko/Katja_kill11Player_1_ko.wav,0.000
Katja,Katja_kill11Player_1_ko_0.wav,S000,Assets/Addressables/Sound/VOICE/Katja/S000/ko/Katja_kill11Player_1_ko.wav,0.010
Katja,Katja_kill12Player_1_ko.wav,S002,Assets/Addressables/Sound/VOICE/Katja/S002/ko/Katja_kill12Player_1_ko.wav,0.000
Katja,Katja_kill12Player_1_ko_0.wav,S000,Assets/Addressables/Sound/VOICE/Katja/S000/ko/Katja_kill12Player_1_ko.wav,0.000
Katja,Katja_kill13Player_1_ko.wav,S000,Assets/Addressables/Sound/VOICE/Katja/S000/ko/Katja_kill13Player_1_ko.wav,0.000
Katja,Katja_kill13Player_1_ko_0.wav,S002,Assets/Addressables/Sound/VOICE/Katja/S002/ko/Katja_kill13Player_1_ko.wav,0.000
Katja,Katja_kill14Player_1_ko.wav,S000,Assets/Addressables/Sound/VOICE/Katja/S000/ko/Katja_kill14Player_1_ko.wav,0.000
Katja,Katja_kill14Player_1_ko_0.wav,S002,Assets/Addressables/Sound/VOICE/Katja/S002/ko/Katja_kill14Player_1_ko.wav,0.000
Katja,Katja_kill1Player_1_ko.wav,S000,Assets/Addressables/Sound/VOICE/Katja/S000/ko/Katja_kill1Player_1_ko.wav,0.000
Katja,Katja_kill1Player_1_ko_0.wav,S002,Assets/Addressables/Sound/VOICE/Katja/S002/ko/Katja_kill1Player_1_ko.wav,0.003
Katja,Katja_kill1Player_2_ko.wav,S002,Assets/Addressables/Sound/VOICE/Katja/S002/ko/Katja_kill1Player_2_ko.wav,0.000
Katja,Katja_kill1Player_2_ko_0.wav,S000,Assets/Addressables/Sound/VOICE/Katja/S000/ko/Katja_kill1Player_2_ko.wav,0.000
Katja,Katja_kill2Player_1_ko.wav,S002,Assets/Addressables/Sound/VOICE/Katja/S002/ko/Katja_kill2Player_1_ko.wav,0.000
Katja,Katja_kill2Player_1_ko_0.wav,S000,Assets/Addressables/Sound/VOICE/Katja/S000/ko/Katja_kill2Player_1_ko.wav,0.000
Katja,Katja_kill3Player_1_ko.wav,S000,Assets/Addressables/Sound/VOICE/Katja/S000/ko/Katja_kill3Player_1_ko.wav,0.000
Katja,Katja_kill3Player_1_ko_0.wav,S002,Assets/Addressables/Sound/VOICE/Katja/S002/ko/Katja_kill3Player_1_ko.wav,0.000
Katja,Katja_kill4Player_1_ko.wav,S002,Assets/Addressables/Sound/VOICE/Katja/S002/ko/Katja_kill4Player_1_ko.wav,0.010
Katja,Katja_kill4Player_1_ko_0.wav,S000,Assets/Addressables/Sound/VOICE/Katja/S000/ko/Katja_kill4Player_1_ko.wav,0.000
Katja,Katja_kill5Player_1_ko.wav,S000,Assets/Addressables/Sound/VOICE/Katja/S000/ko/Katja_kill5Player_1_ko.wav,0.000
Katja,Katja_kill5Player_1_ko_0.wav,S002,Assets/Addressables/Sound/VOICE/Katja/S002/ko/Katja_kill5Player_1_ko.wav,0.007
Katja,Katja_kill6Player_1_ko.wav,S000,Assets/Addressables/Sound/VOICE/Katja/S000/ko/Katja_kill6Player_1_ko.wav,0.000
Katja,Katja_kill6Player_1_ko_0.wav,S002,Assets/Addressables/Sound/VOICE/Katja/S002/ko/Katja_kill6Player_1_ko.wav,0.000
Katja,Katja_kill7Player_1_ko.wav,S000,Assets/Addressables/Sound/VOICE/Katja/S000/ko/Katja_kill7Player_1_ko.wav,0.000
Katja,Katja_kill7Player_1_ko_0.wav,S002,Assets/Addressables/Sound/VOICE/Katja/S002/ko/Katja_kill7Player_1_ko.wav,0.000
Katja,Katja_kill8Player_1_ko.wav,S002,Assets/Addressables/Sound/VOICE/Katja/S002/ko/Katja_kill8Player_1_ko.wav,0.000
Katja,Katja_kill8Player_1_ko_0.wav,S000,Assets/Addressables/Sound/VOICE/Katja/S000/ko/Katja_kill8Player_1_ko.wav,0.000
Katja,Katja_kill9Player_1_ko.wav,S002,Assets/Addressables/Sound/VOICE/Katja/S002/ko/Katja_kill9Player_1_ko.wav,0.000
Katja,Katja_kill9Player_1_ko_0.wav,S000,Assets/Addressables/Sound/VOICE/Katja/S000/ko/Katja_kill9Player_1_ko.wav,0.000
Katja,Katja_killMonster_1_ko.wav,S002,Assets/Addressables/Sound/VOICE/Katja/S002/ko/Katja_killMonster_1_ko.wav,0.000
Katja,Katja_killMonster_1_ko_0.wav,S000,Assets/Addressables/Sound/VOICE/Katja/S000/ko/Katja_killMonster_1_ko.wav,0.000
Katja,Katja_killMonster_2_ko.wav,S000,Assets/Addressables/Sound/VOICE/Katja/S000/ko/Katja_killMonster_2_ko.wav,0.000
Katja,Katja_killMonster_2_ko_0.wav,S002,Assets/Addressables/Sound/VOICE/Katja/S002/ko/Katja_killMonster_2_ko.wav,0.000
Katja,Katja_killMonster_3_ko.wav,S002,Assets/Addressables/Sound/VOICE/Katja/S002/ko/Katja_killMonster_3_ko.wav,0.000
Katja,Katja_killMonster_3_ko_0.wav,S000,Assets/Addressables/Sound/VOICE/Katja/S000/ko/Katja_killMonster_3_ko.wav,0.000
Katja,Katja_learnweaponskill_SniperRifle_1_ko.wav,S002,Assets/Addressables/Sound/VOICE/Katja/S002/ko/Katja_learnweaponskill_SniperRifle_1_ko.wav,0.000
Katja,Katja_learnweaponskill_SniperRifle_1_ko_0.wav,S000,Assets/Addressables/Sound/VOICE/Katja/S000/ko/Katja_learnweaponskill_SniperRifle_1_ko.wav,0.010
Katja,Katja_learnweaponskill_SniperRifle_2_ko.wav,S002,Assets/Addressables/Sound/VOICE/Katja/S002/ko/Katja_learnweaponskill_SniperRifle_2_ko.wav,0.000
Katja,Katja_learnweaponskill_SniperRifle_2_ko_0.wav,S000,Assets/Addressables/Sound/VOICE/Katja/S000/ko/Katja_learnweaponskill_SniperRifle_2_ko.wav,0.000
Katja,Katja_lootCorpsEnemyKill_1_ko.wav,S000,Assets/Addressables/Sound/VOICE/Katja/S000/ko/Katja_lootCorpsEnemyKill_1_ko.wav,0.000
Katja,Katja_lootCorpsEnemyKill_1_ko_0.wav,S002,Assets/Addressables/Sound/VOICE/Katja/S002/ko/Katja_lootCorpsEnemyKill_1_ko.wav,0.000
Katja,Katja_lootCorpsSelfKill_1_ko.wav,S000,Assets/Addressables/Sound/VOICE/Katja/S000/ko/Katja_lootCorpsSelfKill_1_ko.wav,0.010
Katja,Katja_lootCorpsSelfKill_1_ko_0.wav,S002,Assets/Addressables/Sound/VOICE/Katja/S002/ko/Katja_lootCorpsSelfKill_1_ko.wav,0.000
Katja,Katja_lost_1_ko.wav,S000,Assets/Addressables/Sound/VOICE/Katja/S000/ko/Katja_lost_1_ko.wav,0.000
Katja,Katja_lost_1_ko_0.wav,S002,Assets/Addressables/Sound/VOICE/Katja/S002/ko/Katja_lost_1_ko.wav,0.000
Katja,Katja_lost_2_ko.wav,S002,Assets/Addressables/Sound/VOICE/Katja/S002/ko/Katja_lost_2_ko.wav,0.000
Katja,Katja_lost_2_ko_0.wav,S000,Assets/Addressables/Sound/VOICE/Katja/S000/ko/Katja_lost_2_ko.wav,0.000
Katja,Katja_makeFood_1_ko.wav,S002,Assets/Addressables/Sound/VOICE/Katja/S002/ko/Katja_makeFood_1_ko.wav,0.000
Katja,Katja_makeFood_1_ko_0.wav,S000,Assets/Addressables/Sound/VOICE/Katja/S000/ko/Katja_makeFood_1_ko.wav,0.000
Katja,Katja_makeFood_2_ko.wav,S002,Assets/Addressables/Sound/VOICE/Katja/S002/ko/Katja_makeFood_2_ko.wav,0.000
Katja,Katja_makeFood_2_ko_0.wav,S000,Assets/Addressables/Sound/VOICE/Katja/S000/ko/Katja_makeFood_2_ko.wav,0.000
Katja,Katja_makeFood_3_ko.wav,S002,Assets/Addressables/Sound/VOICE/Katja/S002/ko/Katja_makeFood_3_ko.wav,0.000
Katja,Katja_makeFood_3_ko_0.wav,S000,Assets/Addressables/Sound/VOICE/Katja/S000/ko/Katja_makeFood_3_ko.wav,0.000
Katja,Katja_moveInAlley_1_ko.wav,S002,Assets/Addressables/Sound/VOICE/Katja/S002/ko/Katja_moveInAlley_1_ko.wav,0.000
Katja,Katja_moveInAlley_1_ko_0.wav,S000,Assets/Addressables/Sound/VOICE/Katja/S000/ko/Katja_moveInAlley_1_ko.wav,0.000
Katja,Katja_moveInAlley_2_ko.wav,S000,Assets/Addressables/Sound/VOICE/Katja/S000/ko/Katja_moveInAlley_2_ko.wav,0.010
Katja,Katja_moveInAlley_2_ko_0.wav,S002,Assets/Addressables/Sound/VOICE/Katja/S002/ko/Katja_moveInAlley_2_ko.wav,0.000
Katja,Katja_moveInAlley_3_ko.wav,S002,Assets/Addressables/Sound/VOICE/Katja/S002/ko/Katja_moveInAlley_3_ko.wav,0.000
Katja,Katja_moveInAlley_3_ko_0.wav,S000,Assets/Addressables/Sound/VOICE/Katja/S000/ko/Katja_moveInAlley_3_ko.wav,0.000
Katja,Katja_moveInArchery_1_ko.wav,S002,Assets/Addressables/Sound/VOICE/Katja/S002/ko/Katja_moveInArchery_1_ko.wav,0.000
Katja,Katja_moveInArchery_1_ko_0.wav,S000,Assets/Addressables/Sound/VOICE/Katja/S000/ko/Katja_moveInArchery_1_ko.wav,0.000
Katja,Katja_moveInArchery_2_ko.wav,S002,Assets/Addressables/Sound/VOICE/Katja/S002/ko/Katja_moveInArchery_2_ko.wav,0.000
Katja,Katja_moveInArchery_2_ko_0.wav,S000,Assets/Addressables/Sound/VOICE/Katja/S000/ko/Katja_moveInArchery_2_ko.wav,0.010
Katja,Katja_moveInArchery_3_ko.wav,S000,Assets/Addressables/Sound/VOICE/Katja/S000/ko/Katja_moveInArchery_3_ko.wav,0.000
Katja,Katja_moveInArchery_3_ko_0.wav,S002,Assets/Addressables/Sound/VOICE/Katja/S002/ko/Katja_moveInArchery_3_ko.wav,0.000
Katja,Katja_moveInCemetery_1_ko.wav,S000,Assets/Addressables/Sound/VOICE/Katja/S000/ko/Katja_moveInCemetery_1_ko.wav,0.000
Katja,Katja_moveInCemetery_1_ko_0.wav,S002,Assets/Addressables/Sound/VOICE/Katja/S002/ko/Katja_moveInCemetery_1_ko.wav,0.000
Katja,Katja_moveInCemetery_2_ko.wav,S000,Assets/Addressables/Sound/VOICE/Katja/S000/ko/Katja_moveInCemetery_2_ko.wav,0.005
Katja,Katja_moveInCemetery_2_ko_0.wav,S002,Assets/Addressables/Sound/VOICE/Katja/S002/ko/Katja_moveInCemetery_2_ko.wav,0.000
Katja,Katja_moveInCemetery_3_ko.wav,S002,Assets/Addressables/Sound/VOICE/Katja/S002/ko/Katja_moveInCemetery_3_ko.wav,0.000
Katja,Katja_moveInCemetery_3_ko_0.wav,S000,Assets/Addressables/Sound/VOICE/Katja/S000/ko/Katja_moveInCemetery_3_ko.wav,0.000
Katja,Katja_moveInChurch_1_ko.wav,S000,Assets/Addressables/Sound/VOICE/Katja/S000/ko/Katja_moveInChurch_1_ko.wav,0.000
Katja,Katja_moveInChurch_1_ko_0.wav,S002,Assets/Addressables/Sound/VOICE/Katja/S002/ko/Katja_moveInChurch_1_ko.wav,0.000
Katja,Katja_moveInChurch_2_ko.wav,S002,Assets/Addressables/Sound/VOICE/Katja/S002/ko/Katja_moveInChurch_2_ko.wav,0.000
Katja,Katja_moveInChurch_2_ko_0.wav,S000,Assets/Addressables/Sound/VOICE/Katja/S000/ko/Katja_moveInChurch_2_ko.wav,0.000
Katja,Katja_moveInChurch_3_ko.wav,S000,Assets/Addressables/Sound/VOICE/Katja/S000/ko/Katja_moveInChurch_3_ko.wav,0.000
Katja,Katja_moveInChurch_3_ko_0.wav,S002,Assets/Addressables/Sound/VOICE/Katja/S002/ko/Katja_moveInChurch_3_ko.wav,0.000
Katja,Katja_moveInFactory_1_ko.wav,S000,Assets/Addressables/Sound/VOICE/Katja/S000/ko/Katja_moveInFactory_1_ko.wav,0.000
Katja,Katja_moveInFactory_1_ko_0.wav,S002,Assets/Addressables/Sound/VOICE/Katja/S002/ko/Katja_moveInFactory_1_ko.wav,0.000
Katja,Katja_moveInFactory_2_ko.wav,S000,Assets/Addressables/Sound/VOICE/Katja/S000/ko/Katja_moveInFactory_2_ko.wav,0.000
Katja,Katja_moveInFactory_2_ko_0.wav,S002,Assets/Addressables/Sound/VOICE/Katja/S002/ko/Katja_moveInFactory_2_ko.wav,0.000
Katja,Katja_moveInFactory_3_ko.wav,S002,Assets/Addressables/Sound/VOICE/Katja/S002/ko/Katja_moveInFactory_3_ko.wav,0.000
Katja,Katja_moveInFactory_3_ko_0.wav,S000,Assets/Addressables/Sound/VOICE/Katja/S000/ko/Katja_moveInFactory_3_ko.wav,0.009
Katja,Katja_moveInFireStation_1_ko.wav,S002,Assets/Addressables/Sound/VOICE/Katja/S002/ko/Katja_moveInFireStation_1_ko.wav,0.000
Katja,Katja_moveInFireStation_1_ko_0.wav,S000,Assets/Addressables/Sound/VOICE/Katja/S000/ko/Katja_moveInFireStation_1_ko.wav,0.000
Katja,Katja_moveInFireStation_2_ko.wav,S002,Assets/Addressables/Sound/VOICE/Katja/S002/ko/Katja_moveInFireStation_2_ko.wav,0.000
Katja,Katja_moveInFireStation_2_ko_0.wav,S000,Assets/Addressables/Sound/VOICE/Katja/S000/ko/Katja_moveInFireStation_2_ko.wav,0.000
Katja,Katja_moveInFireStation_3_ko.wav,S002,Assets/Addressables/Sound/VOICE/Katja/S002/ko/Katja_moveInFireStation_3_ko.wav,0.000
Katja,Katja_moveInFireStation_3_ko_0.wav,S000,Assets/Addressables/Sound/VOICE/Katja/S000/ko/Katja_moveInFireStation_3_ko.wav,0.000
Katja,Katja_moveInForest_1_ko.wav,S002,Assets/Addressables/Sound/VOICE/Katja/S002/ko/Katja_moveInForest_1_ko.wav,0.000
Katja,Katja_moveInForest_1_ko_0.wav,S000,Assets/Addressables/Sound/VOICE/Katja/S000/ko/Katja_moveInForest_1_ko.wav,0.000
Katja,Katja_moveInForest_2_ko.wav,S002,Assets/Addressables/Sound/VOICE/Katja/S002/ko/Katja_moveInForest_2_ko.wav,0.000
Katja,Katja_moveInForest_2_ko_0.wav,S000,Assets/Addressables/Sound/VOICE/Katja/S000/ko/Katja_moveInForest_2_ko.wav,0.000
Katja,Katja_moveInForest_3_ko.wav,S000,Assets/Addressables/Sound/VOICE/Katja/S000/ko/Katja_moveInForest_3_ko.wav,0.000
Katja,Katja_moveInForest_3_ko_0.wav,S002,Assets/Addressables/Sound/VOICE/Katja/S002/ko/Katja_moveInForest_3_ko.wav,0.000
Katja,Katja_moveInGasStation_1_ko.wav,S000,Assets/Addressables/Sound/VOICE/Katja/S000/ko/Katja_moveInGasStation_1_ko.wav,0.000
Katja,Katja_moveInGasStation_1_ko_0.wav,S002,Assets/Addressables/Sound/VOICE/Katja/S002/ko/Katja_moveInGasStation_1_ko.wav,0.000
Katja,Katja_moveInGasStation_2_ko.wav,S000,Assets/Addressables/Sound/VOICE/Katja/S000/ko/Katja_moveInGasStation_2_ko.wav,0.000
Katja,Katja_moveInGasStation_2_ko_0.wav,S002,Assets/Addressables/Sound/VOICE/Katja/S002/ko/Katja_moveInGasStation_2_ko.wav,0.000
Katja,Katja_moveInGasStation_3_ko.wav,S002,Assets/Addressables/Sound/VOICE/Katja/S002/ko/Katja_moveInGasStation_3_ko.wav,0.000
Katja,Katja_moveInGasStation_3_ko_0.wav,S000,Assets/Addressables/Sound/VOICE/Katja/S000/ko/Katja_moveInGasStation_3_ko.wav,0.000
Katja,Katja_moveInHarbor_1_ko.wav,S000,Assets/Addressables/Sound/VOICE/Katja/S000/ko/Katja_moveInHarbor_1_ko.wav,0.000
Katja,Katja_moveInHarbor_1_ko_0.wav,S002,Assets/Addressables/Sound/VOICE/Katja/S002/ko/Katja_moveInHarbor_1_ko.wav,0.000
Katja,Katja_moveInHarbor_2_ko.wav,S000,Assets/Addressables/Sound/VOICE/Katja/S000/ko/Katja_moveInHarbor_2_ko.wav,0.000
Katja,Katja_moveInHarbor_2_ko_0.wav,S002,Assets/Addressables/Sound/VOICE/Katja/S002/ko/Katja_moveInHarbor_2_ko.wav,0.000
Katja,Katja_moveInHarbor_3_ko.wav,S002,Assets/Addressables/Sound/VOICE/Katja/S002/ko/Katja_moveInHarbor_3_ko.wav,0.000
Katja,Katja_moveInHarbor_3_ko_0.wav,S000,Assets/Addressables/Sound/VOICE/Katja/S000/ko/Katja_moveInHarbor_3_ko.wav,0.000
Katja,Katja_moveInHospital_1_ko.wav,S000,Assets/Addressables/Sound/VOICE/Katja/S000/ko/Katja_moveInHospital_1_ko.wav,0.000
Katja,Katja_moveInHospital_1_ko_0.wav,S002,Assets/Addressables/Sound/VOICE/Katja/S002/ko/Katja_moveInHospital_1_ko.wav,0.000
Katja,Katja_moveInHospital_2_ko.wav,S000,Assets/Addressables/Sound/VOICE/Katja/S000/ko/Katja_moveInHospital_2_ko.wav,0.000
Katja,Katja_moveInHospital_2_ko_0.wav,S002,Assets/Addressables/Sound/VOICE/Katja/S002/ko/Katja_moveInHospital_2_ko.wav,0.000
Katja,Katja_moveInHospital_3_ko.wav,S002,Assets/Addressables/Sound/VOICE/Katja/S002/ko/Katja_moveInHospital_3_ko.wav,0.000
Katja,Katja_moveInHospital_3_ko_0.wav,S000,Assets/Addressables/Sound/VOICE/Katja/S000/ko/Katja_moveInHospital_3_ko.wav,0.000
Katja,Katja_moveInHotel_1_ko.wav,S002,Assets/Addressables/Sound/VOICE/Katja/S002/ko/Katja_moveInHotel_1_ko.wav,0.000
Katja,Katja_moveInHotel_1_ko_0.wav,S000,Assets/Addressables/Sound/VOICE/Katja/S000/ko/Katja_moveInHotel_1_ko.wav,0.000
Katja,Katja_moveInHotel_2_ko.wav,S002,Assets/Addressables/Sound/VOICE/Katja/S002/ko/Katja_moveInHotel_2_ko.wav,0.003
Katja,Katja_moveInHotel_2_ko_0.wav,S000,Assets/Addressables/Sound/VOICE/Katja/S000/ko/Katja_moveInHotel_2_ko.wav,0.000
Katja,Katja_moveInHotel_3_ko.wav,S000,Assets/Addressables/Sound/VOICE/Katja/S000/ko/Katja_moveInHotel_3_ko.wav,0.000
Katja,Katja_moveInHotel_3_ko_0.wav,S002,Assets/Addressables/Sound/VOICE/Katja/S002/ko/Katja_moveInHotel_3_ko.wav,0.000
Katja,Katja_moveInLaboratoryOutside_1_ko.wav,S000,Assets/Addressables/Sound/VOICE/Katja/S000/ko/Katja_moveInLaboratoryOutside_1_ko.wav,0.000
Katja,Katja_moveInLaboratoryOutside_1_ko_0.wav,S002,Assets/Addressables/Sound/VOICE/Katja/S002/ko/Katja_moveInLaboratoryOutside_1_ko.wav,0.000
Katja,Katja_moveInLaboratoryOutside_2_ko.wav,S002,Assets/Addressables/Sound/VOICE/Katja/S002/ko/Katja_moveInLaboratoryOutside_2_ko.wav,0.000
Katja,Katja_moveInLaboratoryOutside_2_ko_0.wav,S000,Assets/Addressables/Sound/VOICE/Katja/S000/ko/Katja_moveInLaboratoryOutside_2_ko.wav,0.000
Katja,Katja_moveInLaboratoryOutside_3_ko.wav,S000,Assets/Addressables/Sound/VOICE/Katja/S000/ko/Katja_moveInLaboratoryOutside_3_ko.wav,0.000
Katja,Katja_moveInLaboratoryOutside_3_ko_0.wav,S002,Assets/Addressables/Sound/VOICE/Katja/S002/ko/Katja_moveInLaboratoryOutside_3_ko.wav,0.000
Katja,Katja_moveInLaboratory_1_ko.wav,S000,Assets/Addressables/Sound/VOICE/Katja/S000/ko/Katja_moveInLaboratory_1_ko.wav,0.000
Katja,Katja_moveInLaboratory_1_ko_0.wav,S002,Assets/Addressables/Sound/VOICE/Katja/S002/ko/Katja_moveInLaboratory_1_ko.wav,0.005
Katja,Katja_moveInLaboratory_2_ko.wav,S002,Assets/Addressables/Sound/VOICE/Katja/S002/ko/Katja_moveInLaboratory_2_ko.wav,0.010
Katja,Katja_moveInLaboratory_2_ko_0.wav,S000,Assets/Addressables/Sound/VOICE/Katja/S000/ko/Katja_moveInLaboratory_2_ko.wav,0.000
Katja,Katja_moveInLaboratory_3_ko.wav,S002,Assets/Addressables/Sound/VOICE/Katja/S002/ko/Katja_moveInLaboratory_3_ko.wav,0.000
Katja,Katja_moveInLaboratory_3_ko_0.wav,S000,Assets/Addressables/Sound/VOICE/Katja/S000/ko/Katja_moveInLaboratory_3_ko.wav,0.000
Katja,Katja_moveInPoliceStation_1_ko.wav,S002,Assets/Addressables/Sound/VOICE/Katja/S002/ko/Katja_moveInPoliceStation_1_ko.wav,0.000
Katja,Katja_moveInPoliceStation_1_ko_0.wav,S000,Assets/Addressables/Sound/VOICE/Katja/S000/ko/Katja_moveInPoliceStation_1_ko.wav,0.000
Katja,Katja_moveInPoliceStation_2_ko.wav,S000,Assets/Addressables/Sound/VOICE/Katja/S000/ko/Katja_moveInPoliceStation_2_ko.wav,0.000
Katja,Katja_moveInPoliceStation_2_ko_0.wav,S002,Assets/Addressables/Sound/VOICE/Katja/S002/ko/Katja_moveInPoliceStation_2_ko.wav,0.000
Katja,Katja_moveInPoliceStation_3_ko.wav,S002,Assets/Addressables/Sound/VOICE/Katja/S002/ko/Katja_moveInPoliceStation_3_ko.wav,0.000
Katja,Katja_moveInPoliceStation_3_ko_0.wav,S000,Assets/Addressables/Sound/VOICE/Katja/S000/ko/Katja_moveInPoliceStation_3_ko.wav,0.000
Katja,Katja_moveInPond_1_ko.wav,S002,Assets/Addressables/Sound/VOICE/Katja/S002/ko/Katja_moveInPond_1_ko.wav,0.000
Katja,Katja_moveInPond_1_ko_0.wav,S000,Assets/Addressables/Sound/VOICE/Katja/S000/ko/Katja_moveInPond_1_ko.wav,0.000
Katja,Katja_moveInPond_2_ko.wav,S000,Assets/Addressables/Sound/VOICE/Katja/S000/ko/Katja_moveInPond_2_ko.wav,0.000
Katja,Katja_moveInPond_2_ko_0.wav,S002,Assets/Addressables/Sound/VOICE/Katja/S002/ko/Katja_moveInPond_2_ko.wav,0.000
Katja,Katja_moveInPond_3_ko.wav,S000,Assets/Addressables/Sound/VOICE/Katja/S000/ko/Katja_moveInPond_3_ko.wav,0.000
Katja,Katja_moveInPond_3_ko_0.wav,S002,Assets/Addressables/Sound/VOICE/Katja/S002/ko/Katja_moveInPond_3_ko.wav,0.000
Katja,Katja_moveInSandyBeach_1_ko.wav,S000,Assets/Addressables/Sound/VOICE/Katja/S000/ko/Katja_moveInSandyBeach_1_ko.wav,0.000
Katja,Katja_moveInSandyBeach_1_ko_0.wav,S002,Assets/Addressables/Sound/VOICE/Katja/S002/ko/Katja_moveInSandyBeach_1_ko.wav,0.000
Katja,Katja_moveInSandyBeach_2_ko.wav,S002,Assets/Addressables/Sound/VOICE/Katja/S002/ko/Katja_moveInSandyBeach_2_ko.wav,0.000
Katja,Katja_moveInSandyBeach_2_ko_0.wav,S000,Assets/Addressables/Sound/VOICE/Katja/S000/ko/Katja_moveInSandyBeach_2_ko.wav,0.000
Katja,Katja_moveInSandyBeach_3_ko.wav,S002,Assets/Addressables/Sound/VOICE/Katja/S002/ko/Katja_moveInSandyBeach_3_ko.wav,0.000
Katja,Katja_moveInSandyBeach_3_ko_0.wav,S000,Assets/Addressables/Sound/VOICE/Katja/S000/ko/Katja_moveInSandyBeach_3_ko.wav,0.000
Katja,Katja_moveInSchool_1_ko.wav,S000,Assets/Addressables/Sound/VOICE/Katja/S000/ko/Katja_moveInSchool_1_ko.wav,0.000
Katja,Katja_moveInSchool_1_ko_0.wav,S002,Assets/Addressables/Sound/VOICE/Katja/S002/ko/Katja_moveInSchool_1_ko.wav,0.000
Katja,Katja_moveInSchool_2_ko.wav,S000,Assets/Addressables/Sound/VOICE/Katja/S000/ko/Katja_moveInSchool_2_ko.wav,0.000
Katja,Katja_moveInSchool_2_ko_0.wav,S002,Assets/Addressables/Sound/VOICE/Katja/S002/ko/Katja_moveInSchool_2_ko.wav,0.000
Katja,Katja_moveInSchool_3_ko.wav,S000,Assets/Addressables/Sound/VOICE/Katja/S000/ko/Katja_moveInSchool_3_ko.wav,0.000
Katja,Katja_moveInSchool_3_ko_0.wav,S002,Assets/Addressables/Sound/VOICE/Katja/S002/ko/Katja_moveInSchool_3_ko.wav,0.000
Katja,Katja_moveInStream_1_ko.wav,S000,Assets/Addressables/Sound/VOICE/Katja/S000/ko/Katja_moveInStream_1_ko.wav,0.000
Katja,Katja_moveInStream_1_ko_0.wav,S002,Assets/Addressables/Sound/VOICE/Katja/S002/ko/Katja_moveInStream_1_ko.wav,0.000
Katja,Katja_moveInStream_2_ko.wav,S000,Assets/Addressables/Sound/VOICE/Katja/S000/ko/Katja_moveInStream_2_ko.wav,0.000
Katja,Katja_moveInStream_2_ko_0.wav,S002,Assets/Addressables/Sound/VOICE/Katja/S002/ko/Katja_moveInStream_2_ko.wav,0.000
Katja,Katja_moveInStream_3_ko.wav,S002,Assets/Addressables/Sound/VOICE/Katja/S002/ko/Katja_moveInStream_3_ko.wav,0.000
Katja,Katja_moveInStream_3_ko_0.wav,S000,Assets/Addressables/Sound/VOICE/Katja/S000/ko/Katja_moveInStream_3_ko.wav,0.000
Katja,Katja_moveInTemple_1_ko.wav,S002,Assets/Addressables/Sound/VOICE/Katja/S002/ko/Katja_moveInTemple_1_ko.wav,0.000
Katja,Katja_moveInTemple_1_ko_0.wav,S000,Assets/Addressables/Sound/VOICE/Katja/S000/ko/Katja_moveInTemple_1_ko.wav,0.000
Katja,Katja_moveInTemple_2_ko.wav,S000,Assets/Addressables/Sound/VOICE/Katja/S000/ko/Katja_moveInTemple_2_ko.wav,0.000
Katja,Katja_moveInTemple_2_ko_0.wav,S002,Assets/Addressables/Sound/VOICE/Katja/S002/ko/Katja_moveInTemple_2_ko.wav,0.000
Katja,Katja_moveInTemple_3_ko.wav,S002,Assets/Addressables/Sound/VOICE/Katja/S002/ko/Katja_moveInTemple_3_ko.wav,0.000
Katja,Katja_moveInTemple_3_ko_0.wav,S000,Assets/Addressables/Sound/VOICE/Katja/S000/ko/Katja_moveInTemple_3_ko.wav,0.000
Katja,Katja_moveInUptown_1_ko.wav,S000,Assets/Addressables/Sound/VOICE/Katja/S000/ko/Katja_moveInUptown_1_ko.wav,0.000
Katja,Katja_moveInUptown_1_ko_0.wav,S002,Assets/Addressables/Sound/VOICE/Katja/S002/ko/Katja_moveInUptown_1_ko.wav,0.000
Katja,Katja_moveInUptown_2_ko.wav,S002,Assets/Addressables/Sound/VOICE/Katja/S002/ko/Katja_moveInUptown_2_ko.wav,0.000
Katja,Katja_moveInUptown_2_ko_0.wav,S000,Assets/Addressables/Sound/VOICE/Katja/S000/ko/Katja_moveInUptown_2_ko.wav,0.000
Katja,Katja_moveInUptown_3_ko.wav,S000,Assets/Addressables/Sound/VOICE/Katja/S000/ko/Katja_moveInUptown_3_ko.wav,0.000
Katja,Katja_moveInUptown_3_ko_0.wav,S002,Assets/Addressables/Sound/VOICE/Katja/S002/ko/Katja_moveInUptown_3_ko.wav,0.000
Katja,Katja_moveInWarehouse_1_ko.wav,S000,Assets/Addressables/Sound/VOICE/Katja/S000/ko/Katja_moveInWarehouse_1_ko.wav,0.000
Katja,Katja_moveInWarehouse_1_ko_0.wav,S002,Assets/Addressables/Sound/VOICE/Katja/S002/ko/Katja_moveInWarehouse_1_ko.wav,0.000
Katja,Katja_moveInWarehouse_2_ko.wav,S002,Assets/Addressables/Sound/VOICE/Katja/S002/ko/Katja_moveInWarehouse_2_ko.wav,0.000
Katja,Katja_moveInWarehouse_2_ko_0.wav,S000,Assets/Addressables/Sound/VOICE/Katja/S000/ko/Katja_moveInWarehouse_2_ko.wav,0.002
Katja,Katja_moveInWarehouse_3_ko.wav,S000,Assets/Addressables/Sound/VOICE/Katja/S000/ko/Katja_moveInWarehouse_3_ko.wav,0.000
Katja,Katja_moveInWarehouse_3_ko_0.wav,S002,Assets/Addressables/Sound/VOICE/Katja/S002/ko/Katja_moveInWarehouse_3_ko.wav,0.000
Katja,Katja_moveRestrictedArea_1_ko.wav,S002,Assets/Addressables/Sound/VOICE/Katja/S002/ko/Katja_moveRestrictedArea_1_ko.wav,0.000
Katja,Katja_moveRestrictedArea_1_ko_0.wav,S000,Assets/Addressables/Sound/VOICE/Katja/S000/ko/Katja_moveRestrictedArea_1_ko.wav,0.006
Katja,Katja_moveRestrictedArea_2_ko.wav,S000,Assets/Addressables/Sound/VOICE/Katja/S000/ko/Katja_moveRestrictedArea_2_ko.wav,0.000
Katja,Katja_moveRestrictedArea_2_ko_0.wav,S002,Assets/Addressables/Sound/VOICE/Katja/S002/ko/Katja_moveRestrictedArea_2_ko.wav,0.000
Katja,Katja_moveRestrictedArea_3_ko.wav,S002,Assets/Addressables/Sound/VOICE/Katja/S002/ko/Katja_moveRestrictedArea_3_ko.wav,0.000
Katja,Katja_moveRestrictedArea_3_ko_0.wav,S000,Assets/Addressables/Sound/VOICE/Katja/S000/ko/Katja_moveRestrictedArea_3_ko.wav,0.000
Katja,Katja_moveinBargeship_1_ko.wav,S002,Assets/Addressables/Sound/VOICE/Katja/S002/ko/Katja_moveinBargeship_1_ko.wav,0.000
Katja,Katja_moveinBargeship_1_ko_0.wav,S000,Assets/Addressables/Sound/VOICE/Katja/S000/ko/Katja_moveinBargeship_1_ko.wav,0.000
Katja,Katja_moveinBargeship_2_ko.wav,S002,Assets/Addressables/Sound/VOICE/Katja/S002/ko/Katja_moveinBargeship_2_ko.wav,0.000
Katja,Katja_moveinBargeship_2_ko_0.wav,S000,Assets/Addressables/Sound/VOICE/Katja/S000/ko/Katja_moveinBargeship_2_ko.wav,0.000
Katja,Katja_moveinBargeship_3_ko.wav,S000,Assets/Addressables/Sound/VOICE/Katja/S000/ko/Katja_moveinBargeship_3_ko.wav,0.000
Katja,Katja_moveinBargeship_3_ko_0.wav,S002,Assets/Addressables/Sound/VOICE/Katja/S002/ko/Katja_moveinBargeship_3_ko.wav,0.000
Katja,Katja_requestItem_1_ko.wav,S000,Assets/Addressables/Sound/VOICE/Katja/S000/ko/Katja_requestItem_1_ko.wav,0.000
Katja,Katja_requestItem_1_ko_0.wav,S002,Assets/Addressables/Sound/VOICE/Katja/S002/ko/Katja_requestItem_1_ko.wav,0.000
Katja,Katja_rest_1_ko.wav,S002,Assets/Addressables/Sound/VOICE/Katja/S002/ko/Katja_rest_1_ko.wav,0.000
Katja,Katja_rest_1_ko_0.wav,S000,Assets/Addressables/Sound/VOICE/Katja/S000/ko/Katja_rest_1_ko.wav,0.000
Katja,Katja_resurrection_1_ko.wav,S002,Assets/Addressables/Sound/VOICE/Katja/S002/ko/Katja_resurrection_1_ko.wav,0.000
Katja,Katja_resurrection_1_ko_0.wav,S000,Assets/Addressables/Sound/VOICE/Katja/S000/ko/Katja_resurrection_1_ko.wav,0.000
Katja,Katja_resurrection_2_ko.wav,S000,Assets/Addressables/Sound/VOICE/Katja/S000/ko/Katja_resurrection_2_ko.wav,0.000
Katja,Katja_resurrection_2_ko_0.wav,S002,Assets/Addressables/Sound/VOICE/Katja/S002/ko/Katja_resurrection_2_ko.wav,0.000
Katja,Katja_resurrection_3_ko.wav,S000,Assets/Addressables/Sound/VOICE/Katja/S000/ko/Katja_resurrection_3_ko.wav,0.000
Katja,Katja_resurrection_3_ko_0.wav,S002,Assets/Addressables/Sound/VOICE/Katja/S002/ko/Katja_resurrection_3_ko.wav,0.000
Katja,Katja_revive_1_ko.wav,S002,Assets/Addressables/Sound/VOICE/Katja/S002/ko/Katja_revive_1_ko.wav,0.000
Katja,Katja_revive_1_ko_0.wav,S000,Assets/Addressables/Sound/VOICE/Katja/S000/ko/Katja_revive_1_ko.wav,0.000
Katja,Katja_revive_2_ko.wav,S000,Assets/Addressables/Sound/VOICE/Katja/S000/ko/Katja_revive_2_ko.wav,0.000
Katja,Katja_revive_2_ko_0.wav,S002,Assets/Addressables/Sound/VOICE/Katja/S002/ko/Katja_revive_2_ko.wav,0.000
Katja,Katja_save_1_ko.wav,S002,Assets/Addressables/Sound/VOICE/Katja/S002/ko/Katja_save_1_ko.wav,0.000
Katja,Katja_save_1_ko_0.wav,S000,Assets/Addressables/Sound/VOICE/Katja/S000/ko/Katja_save_1_ko.wav,0.000
Katja,Katja_selected2_1_ko.wav,S000,Assets/Addressables/Sound/VOICE/Katja/S000/ko/Katja_selected2_1_ko.wav,0.000
Katja,Katja_selected2_1_ko_0.wav,S002,Assets/Addressables/Sound/VOICE/Katja/S002/ko/Katja_selected2_1_ko.wav,0.000
Katja,Katja_selected_1_ko.wav,S002,Assets/Addressables/Sound/VOICE/Katja/S002/ko/Katja_selected_1_ko.wav,파형상관 1.0000
Katja,Katja_selected_1_ko_0.wav,S000,Assets/Addressables/Sound/VOICE/Katja/S000/ko/Katja_selected_1_ko.wav,파형상관 1.0000
Katja,Katja_setting1_1_ko.wav,S000,Assets/Addressables/Sound/VOICE/Katja/S000/ko/Katja_setting1_1_ko.wav,0.000
Katja,Katja_setting1_1_ko_0.wav,S002,Assets/Addressables/Sound/VOICE/Katja/S002/ko/Katja_setting1_1_ko.wav,0.000
Katja,Katja_setting2_1_ko.wav,S002,Assets/Addressables/Sound/VOICE/Katja/S002/ko/Katja_setting2_1_ko.wav,0.000
Katja,Katja_setting2_1_ko_0.wav,S000,Assets/Addressables/Sound/VOICE/Katja/S000/ko/Katja_setting2_1_ko.wav,0.000
Katja,Katja_setting3_1_ko.wav,S002,Assets/Addressables/Sound/VOICE/Katja/S002/ko/Katja_setting3_1_ko.wav,0.000
Katja,Katja_setting3_1_ko_0.wav,S000,Assets/Addressables/Sound/VOICE/Katja/S000/ko/Katja_setting3_1_ko.wav,0.000
Katja,Katja_setting4_1_ko.wav,S000,Assets/Addressables/Sound/VOICE/Katja/S000/ko/Katja_setting4_1_ko.wav,0.000
Katja,Katja_setting4_1_ko_0.wav,S002,Assets/Addressables/Sound/VOICE/Katja/S002/ko/Katja_setting4_1_ko.wav,0.000
Katja,Katja_setting5_1_ko.wav,S000,Assets/Addressables/Sound/VOICE/Katja/S000/ko/Katja_setting5_1_ko.wav,0.000
Katja,Katja_setting5_1_ko_0.wav,S002,Assets/Addressables/Sound/VOICE/Katja/S002/ko/Katja_setting5_1_ko.wav,0.000
Katja,Katja_setting5_2_ko.wav,S000,Assets/Addressables/Sound/VOICE/Katja/S000/ko/Katja_setting5_2_ko.wav,0.000
Katja,Katja_setting5_2_ko_0.wav,S002,Assets/Addressables/Sound/VOICE/Katja/S002/ko/Katja_setting5_2_ko.wav,0.000
Katja,Katja_setting5_3_ko.wav,S002,Assets/Addressables/Sound/VOICE/Katja/S002/ko/Katja_setting5_3_ko.wav,0.000
Katja,Katja_setting5_3_ko_0.wav,S000,Assets/Addressables/Sound/VOICE/Katja/S000/ko/Katja_setting5_3_ko.wav,0.000
Katja,Katja_setting6_1_ko.wav,S000,Assets/Addressables/Sound/VOICE/Katja/S000/ko/Katja_setting6_1_ko.wav,0.000
Katja,Katja_setting6_1_ko_0.wav,S002,Assets/Addressables/Sound/VOICE/Katja/S002/ko/Katja_setting6_1_ko.wav,0.000
Katja,Katja_setting6_2_ko.wav,S002,Assets/Addressables/Sound/VOICE/Katja/S002/ko/Katja_setting6_2_ko.wav,0.000
Katja,Katja_setting6_2_ko_0.wav,S000,Assets/Addressables/Sound/VOICE/Katja/S000/ko/Katja_setting6_2_ko.wav,0.000
Katja,Katja_targetOn_1_ko.wav,S002,Assets/Addressables/Sound/VOICE/Katja/S002/ko/Katja_targetOn_1_ko.wav,0.000
Katja,Katja_targetOn_1_ko_0.wav,S000,Assets/Addressables/Sound/VOICE/Katja/S000/ko/Katja_targetOn_1_ko.wav,0.000
Katja,Katja_targetOn_2_ko.wav,S000,Assets/Addressables/Sound/VOICE/Katja/S000/ko/Katja_targetOn_2_ko.wav,0.000
Katja,Katja_targetOn_2_ko_0.wav,S002,Assets/Addressables/Sound/VOICE/Katja/S002/ko/Katja_targetOn_2_ko.wav,0.000
Katja,Katja_terminateActivate_1_ko.wav,S002,Assets/Addressables/Sound/VOICE/Katja/S002/ko/Katja_terminateActivate_1_ko.wav,0.000
Katja,Katja_terminateActivate_1_ko_0.wav,S000,Assets/Addressables/Sound/VOICE/Katja/S000/ko/Katja_terminateActivate_1_ko.wav,0.000
Katja,Katja_trap_1_ko.wav,S002,Assets/Addressables/Sound/VOICE/Katja/S002/ko/Katja_trap_1_ko.wav,0.000
Katja,Katja_trap_1_ko_0.wav,S000,Assets/Addressables/Sound/VOICE/Katja/S000/ko/Katja_trap_1_ko.wav,0.000
Katja,Katja_trap_2_ko.wav,S000,Assets/Addressables/Sound/VOICE/Katja/S000/ko/Katja_trap_2_ko.wav,0.000
Katja,Katja_trap_2_ko_0.wav,S002,Assets/Addressables/Sound/VOICE/Katja/S002/ko/Katja_trap_2_ko.wav,0.000
Katja,Katja_victory_1_ko.wav,S002,Assets/Addressables/Sound/VOICE/Katja/S002/ko/Katja_victory_1_ko.wav,0.000
Katja,Katja_victory_1_ko_0.wav,S000,Assets/Addressables/Sound/VOICE/Katja/S000/ko/Katja_victory_1_ko.wav,0.000
Katja,Katja_victory_2_ko.wav,S000,Assets/Addressables/Sound/VOICE/Katja/S000/ko/Katja_victory_2_ko.wav,0.000
Katja,Katja_victory_2_ko_0.wav,S002,Assets/Addressables/Sound/VOICE/Katja/S002/ko/Katja_victory_2_ko.wav,0.000
Leni,Leni_Dance_1_ko.wav,S001,Assets/Addressables/Sound/VOICE/Leni/S001/ko/Leni_Dance_1_ko.wav,0.000
Leni,Leni_Dead_1_ko.wav,S000,Assets/Addressables/Sound/VOICE/Leni/S000/ko/Leni_Dead_1_ko.wav,0.000
Leni,Leni_Dead_1_ko_0.wav,S001,Assets/Addressables/Sound/VOICE/Leni/S001/ko/Leni_Dead_1_ko.wav,0.000
Leni,Leni_Dead_2_ko.wav,S001,Assets/Addressables/Sound/VOICE/Leni/S001/ko/Leni_Dead_2_ko.wav,0.000
Leni,Leni_Dead_2_ko_0.wav,S000,Assets/Addressables/Sound/VOICE/Leni/S000/ko/Leni_Dead_2_ko.wav,0.000
Leni,Leni_Dead_3_ko.wav,S000,Assets/Addressables/Sound/VOICE/Leni/S000/ko/Leni_Dead_3_ko.wav,0.000
Leni,Leni_Dead_3_ko_0.wav,S001,Assets/Addressables/Sound/VOICE/Leni/S001/ko/Leni_Dead_3_ko.wav,0.000
Leni,Leni_PlaySkill1069200seq0_1_ko.wav,S001,Assets/Addressables/Sound/VOICE/Leni/S001/ko/Leni_PlaySkill1069200seq0_1_ko.wav,0.000
Leni,Leni_PlaySkill1069200seq0_1_ko_0.wav,S000,Assets/Addressables/Sound/VOICE/Leni/S000/ko/Leni_PlaySkill1069200seq0_1_ko.wav,0.000
Leni,Leni_PlaySkill1069200seq0_1_ko_1.wav,S003,Assets/Addressables/Sound/VOICE/Leni/S003/ko/Leni_PlaySkill1069200seq0_1_ko.wav,0.000
Leni,Leni_PlaySkill1069200seq0_2_ko.wav,S000,Assets/Addressables/Sound/VOICE/Leni/S000/ko/Leni_PlaySkill1069200seq0_2_ko.wav,0.000
Leni,Leni_PlaySkill1069200seq0_2_ko_0.wav,S003,Assets/Addressables/Sound/VOICE/Leni/S003/ko/Leni_PlaySkill1069200seq0_2_ko.wav,0.000
Leni,Leni_PlaySkill1069200seq0_2_ko_1.wav,S001,Assets/Addressables/Sound/VOICE/Leni/S001/ko/Leni_PlaySkill1069200seq0_2_ko.wav,0.000
Leni,Leni_PlaySkill1069200seq0_3_ko.wav,S000,Assets/Addressables/Sound/VOICE/Leni/S000/ko/Leni_PlaySkill1069200seq0_3_ko.wav,0.000
Leni,Leni_PlaySkill1069200seq0_3_ko_0.wav,S001,Assets/Addressables/Sound/VOICE/Leni/S001/ko/Leni_PlaySkill1069200seq0_3_ko.wav,0.000
Leni,Leni_PlaySkill1069200seq0_3_ko_1.wav,S003,Assets/Addressables/Sound/VOICE/Leni/S003/ko/Leni_PlaySkill1069200seq0_3_ko.wav,0.000
Leni,Leni_PlaySkill1069300seq0_1_ko.wav,S001,Assets/Addressables/Sound/VOICE/Leni/S001/ko/Leni_PlaySkill1069300seq0_1_ko.wav,0.000
Leni,Leni_PlaySkill1069300seq0_1_ko_0.wav,S000,Assets/Addressables/Sound/VOICE/Leni/S000/ko/Leni_PlaySkill1069300seq0_1_ko.wav,0.000
Leni,Leni_PlaySkill1069300seq0_1_ko_1.wav,S003,Assets/Addressables/Sound/VOICE/Leni/S003/ko/Leni_PlaySkill1069300seq0_1_ko.wav,0.000
Leni,Leni_PlaySkill1069300seq0_2_ko.wav,S001,Assets/Addressables/Sound/VOICE/Leni/S001/ko/Leni_PlaySkill1069300seq0_2_ko.wav,파형상관 1.0000
Leni,Leni_PlaySkill1069300seq0_2_ko_0.wav,S000,Assets/Addressables/Sound/VOICE/Leni/S000/ko/Leni_PlaySkill1069300seq0_2_ko.wav,파형상관 1.0000
Leni,Leni_PlaySkill1069300seq0_2_ko_1.wav,S003,Assets/Addressables/Sound/VOICE/Leni/S003/ko/Leni_PlaySkill1069300seq0_2_ko.wav,파형상관 1.0000
Leni,Leni_PlaySkill1069300seq0_3_ko.wav,S001,Assets/Addressables/Sound/VOICE/Leni/S001/ko/Leni_PlaySkill1069300seq0_3_ko.wav,0.000
Leni,Leni_PlaySkill1069300seq0_3_ko_0.wav,S003,Assets/Addressables/Sound/VOICE/Leni/S003/ko/Leni_PlaySkill1069300seq0_3_ko.wav,0.000
Leni,Leni_PlaySkill1069300seq0_3_ko_1.wav,S000,Assets/Addressables/Sound/VOICE/Leni/S000/ko/Leni_PlaySkill1069300seq0_3_ko.wav,0.000
Leni,Leni_PlaySkill1069400seq0_1_ko.wav,S000,Assets/Addressables/Sound/VOICE/Leni/S000/ko/Leni_PlaySkill1069400seq0_1_ko.wav,0.000
Leni,Leni_PlaySkill1069400seq0_1_ko_0.wav,S003,Assets/Addressables/Sound/VOICE/Leni/S003/ko/Leni_PlaySkill1069400seq0_1_ko.wav,0.000
Leni,Leni_PlaySkill1069400seq0_1_ko_1.wav,S001,Assets/Addressables/Sound/VOICE/Leni/S001/ko/Leni_PlaySkill1069400seq0_1_ko.wav,0.000
Leni,Leni_PlaySkill1069400seq0_2_ko.wav,S003,Assets/Addressables/Sound/VOICE/Leni/S003/ko/Leni_PlaySkill1069400seq0_2_ko.wav,0.000
Leni,Leni_PlaySkill1069400seq0_2_ko_0.wav,S001,Assets/Addressables/Sound/VOICE/Leni/S001/ko/Leni_PlaySkill1069400seq0_2_ko.wav,0.000
Leni,Leni_PlaySkill1069400seq0_2_ko_1.wav,S000,Assets/Addressables/Sound/VOICE/Leni/S000/ko/Leni_PlaySkill1069400seq0_2_ko.wav,0.000
Leni,Leni_PlaySkill1069400seq0_3_ko.wav,S000,Assets/Addressables/Sound/VOICE/Leni/S000/ko/Leni_PlaySkill1069400seq0_3_ko.wav,파형상관 1.0000
Leni,Leni_PlaySkill1069400seq0_3_ko_0.wav,S001,Assets/Addressables/Sound/VOICE/Leni/S001/ko/Leni_PlaySkill1069400seq0_3_ko.wav,파형상관 1.0000
Leni,Leni_PlaySkill1069400seq0_3_ko_1.wav,S003,Assets/Addressables/Sound/VOICE/Leni/S003/ko/Leni_PlaySkill1069400seq0_3_ko.wav,파형상관 1.0000
Leni,Leni_PlaySkill1069500seq0_1_ko.wav,S001,Assets/Addressables/Sound/VOICE/Leni/S001/ko/Leni_PlaySkill1069500seq0_1_ko.wav,0.000
Leni,Leni_PlaySkill1069500seq0_1_ko_0.wav,S000,Assets/Addressables/Sound/VOICE/Leni/S000/ko/Leni_PlaySkill1069500seq0_1_ko.wav,0.000
Leni,Leni_PlaySkill1069500seq0_1_ko_1.wav,S003,Assets/Addressables/Sound/VOICE/Leni/S003/ko/Leni_PlaySkill1069500seq0_1_ko.wav,0.000
Leni,Leni_PlaySkill1069500seq0_2_ko.wav,S003,Assets/Addressables/Sound/VOICE/Leni/S003/ko/Leni_PlaySkill1069500seq0_2_ko.wav,0.000
Leni,Leni_PlaySkill1069500seq0_2_ko_0.wav,S000,Assets/Addressables/Sound/VOICE/Leni/S000/ko/Leni_PlaySkill1069500seq0_2_ko.wav,0.000
Leni,Leni_PlaySkill1069500seq0_2_ko_1.wav,S001,Assets/Addressables/Sound/VOICE/Leni/S001/ko/Leni_PlaySkill1069500seq0_2_ko.wav,0.000
Leni,Leni_PlaySkill1069500seq0_3_ko.wav,S001,Assets/Addressables/Sound/VOICE/Leni/S001/ko/Leni_PlaySkill1069500seq0_3_ko.wav,0.000
Leni,Leni_PlaySkill1069500seq0_3_ko_0.wav,S000,Assets/Addressables/Sound/VOICE/Leni/S000/ko/Leni_PlaySkill1069500seq0_3_ko.wav,0.000
Leni,Leni_PlaySkill1069500seq0_3_ko_1.wav,S003,Assets/Addressables/Sound/VOICE/Leni/S003/ko/Leni_PlaySkill1069500seq0_3_ko.wav,0.000
Leni,Leni_RestMusic_1_ko.wav,S001,Assets/Addressables/Sound/VOICE/Leni/S001/ko/Leni_RestMusic_1_ko.wav,0.000
Leni,Leni_Restend_1_ko.wav,S001,Assets/Addressables/Sound/VOICE/Leni/S001/ko/Leni_Restend_1_ko.wav,0.000
Leni,Leni_VictoryCutscene_ko.wav,S003,Assets/Addressables/Sound/VOICE/Leni/S003/ko/Leni_VictoryCutscene_ko.wav,0.000
Leni,Leni_VictoryCutscene_ko_0.wav,S001,Assets/Addressables/Sound/VOICE/Leni/S001/ko/Leni_VictoryCutscene_ko.wav,0.000
Leni,Leni_VictoryCutscene_ko_1.wav,S000,Assets/Addressables/Sound/VOICE/Leni/S000/ko/Leni_VictoryCutscene_ko.wav,0.000
Leni,Leni_airSupply_1_ko.wav,S003,Assets/Addressables/Sound/VOICE/Leni/S003/ko/Leni_airSupply_1_ko.wav,0.000
Leni,Leni_airSupply_2_ko.wav,S003,Assets/Addressables/Sound/VOICE/Leni/S003/ko/Leni_airSupply_2_ko.wav,0.000
Leni,Leni_airSupply_3_ko.wav,S003,Assets/Addressables/Sound/VOICE/Leni/S003/ko/Leni_airSupply_3_ko.wav,0.000
Leni,Leni_airdropopen1_1_ko.wav,S000,Assets/Addressables/Sound/VOICE/Leni/S000/ko/Leni_airdropopen1_1_ko.wav,파형상관 1.0000
Leni,Leni_airdropopen1_1_ko_0.wav,S001,Assets/Addressables/Sound/VOICE/Leni/S001/ko/Leni_airdropopen1_1_ko.wav,파형상관 1.0000
Leni,Leni_airdropopen1_1_ko_1.wav,S003,Assets/Addressables/Sound/VOICE/Leni/S003/ko/Leni_airdropopen1_1_ko.wav,파형상관 1.0000
Leni,Leni_airdropopen2_1_ko.wav,S000,Assets/Addressables/Sound/VOICE/Leni/S000/ko/Leni_airdropopen2_1_ko.wav,파형상관 1.0000
Leni,Leni_airdropopen2_1_ko_0.wav,S003,Assets/Addressables/Sound/VOICE/Leni/S003/ko/Leni_airdropopen2_1_ko.wav,파형상관 1.0000
Leni,Leni_airdropopen2_1_ko_1.wav,S001,Assets/Addressables/Sound/VOICE/Leni/S001/ko/Leni_airdropopen2_1_ko.wav,파형상관 1.0000
Leni,Leni_box_1_ko.wav,S001,Assets/Addressables/Sound/VOICE/Leni/S001/ko/Leni_box_1_ko.wav,0.000
Leni,Leni_box_1_ko_0.wav,S003,Assets/Addressables/Sound/VOICE/Leni/S003/ko/Leni_box_1_ko.wav,0.000
Leni,Leni_box_1_ko_1.wav,S000,Assets/Addressables/Sound/VOICE/Leni/S000/ko/Leni_box_1_ko.wav,0.010
Leni,Leni_box_2_ko.wav,S000,Assets/Addressables/Sound/VOICE/Leni/S000/ko/Leni_box_2_ko.wav,0.000
Leni,Leni_box_2_ko_0.wav,S001,Assets/Addressables/Sound/VOICE/Leni/S001/ko/Leni_box_2_ko.wav,0.000
Leni,Leni_box_2_ko_1.wav,S003,Assets/Addressables/Sound/VOICE/Leni/S003/ko/Leni_box_2_ko.wav,0.000
Leni,Leni_box_3_ko.wav,S001,Assets/Addressables/Sound/VOICE/Leni/S001/ko/Leni_box_3_ko.wav,0.000
Leni,Leni_box_3_ko_0.wav,S000,Assets/Addressables/Sound/VOICE/Leni/S000/ko/Leni_box_3_ko.wav,0.000
Leni,Leni_box_3_ko_1.wav,S003,Assets/Addressables/Sound/VOICE/Leni/S003/ko/Leni_box_3_ko.wav,0.000
Leni,Leni_box_4_ko.wav,S000,Assets/Addressables/Sound/VOICE/Leni/S000/ko/Leni_box_4_ko.wav,0.000
Leni,Leni_box_4_ko_0.wav,S003,Assets/Addressables/Sound/VOICE/Leni/S003/ko/Leni_box_4_ko.wav,0.000
Leni,Leni_box_4_ko_1.wav,S001,Assets/Addressables/Sound/VOICE/Leni/S001/ko/Leni_box_4_ko.wav,0.000
Leni,Leni_callRemoteDrone_1_ko.wav,S001,Assets/Addressables/Sound/VOICE/Leni/S001/ko/Leni_callRemoteDrone_1_ko.wav,0.000
Leni,Leni_callRemoteDrone_1_ko_0.wav,S000,Assets/Addressables/Sound/VOICE/Leni/S000/ko/Leni_callRemoteDrone_1_ko.wav,0.000
Leni,Leni_callRemoteDrone_1_ko_1.wav,S003,Assets/Addressables/Sound/VOICE/Leni/S003/ko/Leni_callRemoteDrone_1_ko.wav,0.000
Leni,Leni_callRemoteDrone_2_ko.wav,S003,Assets/Addressables/Sound/VOICE/Leni/S003/ko/Leni_callRemoteDrone_2_ko.wav,0.000
Leni,Leni_callRemoteDrone_2_ko_0.wav,S001,Assets/Addressables/Sound/VOICE/Leni/S001/ko/Leni_callRemoteDrone_2_ko.wav,0.000
Leni,Leni_callRemoteDrone_2_ko_1.wav,S000,Assets/Addressables/Sound/VOICE/Leni/S000/ko/Leni_callRemoteDrone_2_ko.wav,0.000
Leni,Leni_cctv_1_ko.wav,S000,Assets/Addressables/Sound/VOICE/Leni/S000/ko/Leni_cctv_1_ko.wav,0.000
Leni,Leni_cctv_1_ko_0.wav,S003,Assets/Addressables/Sound/VOICE/Leni/S003/ko/Leni_cctv_1_ko.wav,0.008
Leni,Leni_cctv_1_ko_1.wav,S001,Assets/Addressables/Sound/VOICE/Leni/S001/ko/Leni_cctv_1_ko.wav,0.000
Leni,Leni_cctv_2_ko.wav,S000,Assets/Addressables/Sound/VOICE/Leni/S000/ko/Leni_cctv_2_ko.wav,0.000
Leni,Leni_cctv_2_ko_0.wav,S003,Assets/Addressables/Sound/VOICE/Leni/S003/ko/Leni_cctv_2_ko.wav,0.000
Leni,Leni_cctv_2_ko_1.wav,S001,Assets/Addressables/Sound/VOICE/Leni/S001/ko/Leni_cctv_2_ko.wav,0.000
Leni,Leni_clutchActivate_1_ko.wav,S003,Assets/Addressables/Sound/VOICE/Leni/S003/ko/Leni_clutchActivate_1_ko.wav,파형상관 1.0000
Leni,Leni_clutchActivate_1_ko_0.wav,S000,Assets/Addressables/Sound/VOICE/Leni/S000/ko/Leni_clutchActivate_1_ko.wav,파형상관 1.0000
Leni,Leni_clutchActivate_1_ko_1.wav,S001,Assets/Addressables/Sound/VOICE/Leni/S001/ko/Leni_clutchActivate_1_ko.wav,파형상관 1.0000
Leni,Leni_cobaltOccupation_1_ko.wav,S000,Assets/Addressables/Sound/VOICE/Leni/S000/ko/Leni_cobaltOccupation_1_ko.wav,0.000
Leni,Leni_cobaltOccupation_1_ko_0.wav,S003,Assets/Addressables/Sound/VOICE/Leni/S003/ko/Leni_cobaltOccupation_1_ko.wav,0.010
Leni,Leni_cobaltOccupation_1_ko_1.wav,S001,Assets/Addressables/Sound/VOICE/Leni/S001/ko/Leni_cobaltOccupation_1_ko.wav,0.000
Leni,Leni_cobaltOccupation_2_ko.wav,S003,Assets/Addressables/Sound/VOICE/Leni/S003/ko/Leni_cobaltOccupation_2_ko.wav,0.000
Leni,Leni_cobaltOccupation_2_ko_0.wav,S000,Assets/Addressables/Sound/VOICE/Leni/S000/ko/Leni_cobaltOccupation_2_ko.wav,0.000
Leni,Leni_cobaltOccupation_2_ko_1.wav,S001,Assets/Addressables/Sound/VOICE/Leni/S001/ko/Leni_cobaltOccupation_2_ko.wav,0.000
Leni,Leni_collectbrunch_1_ko.wav,S003,Assets/Addressables/Sound/VOICE/Leni/S003/ko/Leni_collectbrunch_1_ko.wav,0.000
Leni,Leni_collectbrunch_1_ko_0.wav,S001,Assets/Addressables/Sound/VOICE/Leni/S001/ko/Leni_collectbrunch_1_ko.wav,0.000
Leni,Leni_collectbrunch_1_ko_1.wav,S000,Assets/Addressables/Sound/VOICE/Leni/S000/ko/Leni_collectbrunch_1_ko.wav,0.010
Leni,Leni_collectfishRiver_1_ko.wav,S001,Assets/Addressables/Sound/VOICE/Leni/S001/ko/Leni_collectfishRiver_1_ko.wav,0.000
Leni,Leni_collectfishRiver_1_ko_0.wav,S003,Assets/Addressables/Sound/VOICE/Leni/S003/ko/Leni_collectfishRiver_1_ko.wav,0.010
Leni,Leni_collectfishRiver_1_ko_1.wav,S000,Assets/Addressables/Sound/VOICE/Leni/S000/ko/Leni_collectfishRiver_1_ko.wav,0.000
Leni,Leni_collectfishSea_1_ko.wav,S000,Assets/Addressables/Sound/VOICE/Leni/S000/ko/Leni_collectfishSea_1_ko.wav,파형상관 1.0000
Leni,Leni_collectfishSea_1_ko_0.wav,S001,Assets/Addressables/Sound/VOICE/Leni/S001/ko/Leni_collectfishSea_1_ko.wav,파형상관 1.0000
Leni,Leni_collectfishSea_1_ko_1.wav,S003,Assets/Addressables/Sound/VOICE/Leni/S003/ko/Leni_collectfishSea_1_ko.wav,파형상관 1.0000
Leni,Leni_collectflower_1_ko.wav,S003,Assets/Addressables/Sound/VOICE/Leni/S003/ko/Leni_collectflower_1_ko.wav,0.000
Leni,Leni_collectflower_1_ko_0.wav,S001,Assets/Addressables/Sound/VOICE/Leni/S001/ko/Leni_collectflower_1_ko.wav,0.000
Leni,Leni_collectflower_1_ko_1.wav,S000,Assets/Addressables/Sound/VOICE/Leni/S000/ko/Leni_collectflower_1_ko.wav,0.000
Leni,Leni_collectmushroom_1_ko.wav,S001,Assets/Addressables/Sound/VOICE/Leni/S001/ko/Leni_collectmushroom_1_ko.wav,0.000
Leni,Leni_collectmushroom_1_ko_0.wav,S000,Assets/Addressables/Sound/VOICE/Leni/S000/ko/Leni_collectmushroom_1_ko.wav,0.000
Leni,Leni_collectmushroom_1_ko_1.wav,S003,Assets/Addressables/Sound/VOICE/Leni/S003/ko/Leni_collectmushroom_1_ko.wav,0.000
Leni,Leni_collectpotato_1_ko.wav,S001,Assets/Addressables/Sound/VOICE/Leni/S001/ko/Leni_collectpotato_1_ko.wav,0.000
Leni,Leni_collectpotato_1_ko_0.wav,S003,Assets/Addressables/Sound/VOICE/Leni/S003/ko/Leni_collectpotato_1_ko.wav,0.000
Leni,Leni_collectpotato_1_ko_1.wav,S000,Assets/Addressables/Sound/VOICE/Leni/S000/ko/Leni_collectpotato_1_ko.wav,0.000
Leni,Leni_collectstone_1_ko.wav,S001,Assets/Addressables/Sound/VOICE/Leni/S001/ko/Leni_collectstone_1_ko.wav,0.000
Leni,Leni_collectstone_1_ko_0.wav,S003,Assets/Addressables/Sound/VOICE/Leni/S003/ko/Leni_collectstone_1_ko.wav,0.000
Leni,Leni_collectstone_1_ko_1.wav,S000,Assets/Addressables/Sound/VOICE/Leni/S000/ko/Leni_collectstone_1_ko.wav,0.010
Leni,Leni_collectwater_1_ko.wav,S001,Assets/Addressables/Sound/VOICE/Leni/S001/ko/Leni_collectwater_1_ko.wav,0.000
Leni,Leni_collectwater_1_ko_0.wav,S003,Assets/Addressables/Sound/VOICE/Leni/S003/ko/Leni_collectwater_1_ko.wav,0.000
Leni,Leni_collectwater_1_ko_1.wav,S000,Assets/Addressables/Sound/VOICE/Leni/S000/ko/Leni_collectwater_1_ko.wav,0.000
Leni,Leni_communicationPing_food_1_ko.wav,S000,Assets/Addressables/Sound/VOICE/Leni/S000/ko/Leni_communicationPing_food_1_ko.wav,0.000
Leni,Leni_communicationPing_goal_1_ko.wav,S000,Assets/Addressables/Sound/VOICE/Leni/S000/ko/Leni_communicationPing_goal_1_ko.wav,0.000
Leni,Leni_communicationPing_goodjob_1_ko.wav,S000,Assets/Addressables/Sound/VOICE/Leni/S000/ko/Leni_communicationPing_goodjob_1_ko.wav,0.000
Leni,Leni_communicationPing_ok_1_ko.wav,S000,Assets/Addressables/Sound/VOICE/Leni/S000/ko/Leni_communicationPing_ok_1_ko.wav,0.000
Leni,Leni_communicationPing_sorry_1_ko.wav,S000,Assets/Addressables/Sound/VOICE/Leni/S000/ko/Leni_communicationPing_sorry_1_ko.wav,0.000
Leni,Leni_communicationPing_thankyou_1_ko.wav,S000,Assets/Addressables/Sound/VOICE/Leni/S000/ko/Leni_communicationPing_thankyou_1_ko.wav,0.000
Leni,Leni_communicationPing_waiting_1_ko.wav,S000,Assets/Addressables/Sound/VOICE/Leni/S000/ko/Leni_communicationPing_waiting_1_ko.wav,0.000
Leni,Leni_communicationPing_whatyouneed_1_ko.wav,S000,Assets/Addressables/Sound/VOICE/Leni/S000/ko/Leni_communicationPing_whatyouneed_1_ko.wav,0.000
Leni,Leni_communicationping_drink_1_ko.wav,S000,Assets/Addressables/Sound/VOICE/Leni/S000/ko/Leni_communicationping_drink_1_ko.wav,0.000
Leni,Leni_communicationping_gathering_1_ko.wav,S000,Assets/Addressables/Sound/VOICE/Leni/S000/ko/Leni_communicationping_gathering_1_ko.wav,0.000
Leni,Leni_craftEpic_1_ko.wav,S003,Assets/Addressables/Sound/VOICE/Leni/S003/ko/Leni_craftEpic_1_ko.wav,0.000
Leni,Leni_craftEpic_1_ko_0.wav,S000,Assets/Addressables/Sound/VOICE/Leni/S000/ko/Leni_craftEpic_1_ko.wav,0.004
Leni,Leni_craftEpic_1_ko_1.wav,S001,Assets/Addressables/Sound/VOICE/Leni/S001/ko/Leni_craftEpic_1_ko.wav,0.001
Leni,Leni_craftEpic_2_ko.wav,S000,Assets/Addressables/Sound/VOICE/Leni/S000/ko/Leni_craftEpic_2_ko.wav,0.000
Leni,Leni_craftEpic_2_ko_0.wav,S001,Assets/Addressables/Sound/VOICE/Leni/S001/ko/Leni_craftEpic_2_ko.wav,0.000
Leni,Leni_craftEpic_2_ko_1.wav,S003,Assets/Addressables/Sound/VOICE/Leni/S003/ko/Leni_craftEpic_2_ko.wav,0.000
Leni,Leni_craftEpic_3_ko.wav,S000,Assets/Addressables/Sound/VOICE/Leni/S000/ko/Leni_craftEpic_3_ko.wav,0.000
Leni,Leni_craftEpic_3_ko_0.wav,S001,Assets/Addressables/Sound/VOICE/Leni/S001/ko/Leni_craftEpic_3_ko.wav,0.000
Leni,Leni_craftEpic_3_ko_1.wav,S003,Assets/Addressables/Sound/VOICE/Leni/S003/ko/Leni_craftEpic_3_ko.wav,0.000
Leni,Leni_craftLegend_1_ko.wav,S000,Assets/Addressables/Sound/VOICE/Leni/S000/ko/Leni_craftLegend_1_ko.wav,0.000
Leni,Leni_craftLegend_1_ko_0.wav,S003,Assets/Addressables/Sound/VOICE/Leni/S003/ko/Leni_craftLegend_1_ko.wav,0.000
Leni,Leni_craftLegend_1_ko_1.wav,S001,Assets/Addressables/Sound/VOICE/Leni/S001/ko/Leni_craftLegend_1_ko.wav,0.000
Leni,Leni_craftLegend_2_ko.wav,S000,Assets/Addressables/Sound/VOICE/Leni/S000/ko/Leni_craftLegend_2_ko.wav,0.000
Leni,Leni_craftLegend_2_ko_0.wav,S003,Assets/Addressables/Sound/VOICE/Leni/S003/ko/Leni_craftLegend_2_ko.wav,0.000
Leni,Leni_craftLegend_2_ko_1.wav,S001,Assets/Addressables/Sound/VOICE/Leni/S001/ko/Leni_craftLegend_2_ko.wav,0.000
Leni,Leni_craftLegend_3_ko.wav,S001,Assets/Addressables/Sound/VOICE/Leni/S001/ko/Leni_craftLegend_3_ko.wav,0.000
Leni,Leni_craftLegend_3_ko_0.wav,S000,Assets/Addressables/Sound/VOICE/Leni/S000/ko/Leni_craftLegend_3_ko.wav,0.000
Leni,Leni_craftLegend_3_ko_1.wav,S003,Assets/Addressables/Sound/VOICE/Leni/S003/ko/Leni_craftLegend_3_ko.wav,0.000
Leni,Leni_craftMystic_1_ko.wav,S003,Assets/Addressables/Sound/VOICE/Leni/S003/ko/Leni_craftMystic_1_ko.wav,0.000
Leni,Leni_craftMystic_1_ko_0.wav,S001,Assets/Addressables/Sound/VOICE/Leni/S001/ko/Leni_craftMystic_1_ko.wav,0.000
Leni,Leni_craftMystic_1_ko_1.wav,S000,Assets/Addressables/Sound/VOICE/Leni/S000/ko/Leni_craftMystic_1_ko.wav,0.000
Leni,Leni_craftMystic_2_ko.wav,S000,Assets/Addressables/Sound/VOICE/Leni/S000/ko/Leni_craftMystic_2_ko.wav,0.000
Leni,Leni_craftMystic_2_ko_0.wav,S001,Assets/Addressables/Sound/VOICE/Leni/S001/ko/Leni_craftMystic_2_ko.wav,0.000
Leni,Leni_craftMystic_2_ko_1.wav,S003,Assets/Addressables/Sound/VOICE/Leni/S003/ko/Leni_craftMystic_2_ko.wav,0.010
Leni,Leni_craftMystic_3_ko.wav,S001,Assets/Addressables/Sound/VOICE/Leni/S001/ko/Leni_craftMystic_3_ko.wav,0.000
Leni,Leni_craftMystic_3_ko_0.wav,S003,Assets/Addressables/Sound/VOICE/Leni/S003/ko/Leni_craftMystic_3_ko.wav,0.000
Leni,Leni_craftMystic_3_ko_1.wav,S000,Assets/Addressables/Sound/VOICE/Leni/S000/ko/Leni_craftMystic_3_ko.wav,0.000
Leni,Leni_craftRare_1_ko.wav,S000,Assets/Addressables/Sound/VOICE/Leni/S000/ko/Leni_craftRare_1_ko.wav,0.000
Leni,Leni_craftRare_1_ko_0.wav,S001,Assets/Addressables/Sound/VOICE/Leni/S001/ko/Leni_craftRare_1_ko.wav,0.000
Leni,Leni_craftRare_1_ko_1.wav,S003,Assets/Addressables/Sound/VOICE/Leni/S003/ko/Leni_craftRare_1_ko.wav,0.000
Leni,Leni_craftRare_2_ko.wav,S000,Assets/Addressables/Sound/VOICE/Leni/S000/ko/Leni_craftRare_2_ko.wav,0.000
Leni,Leni_craftRare_2_ko_0.wav,S001,Assets/Addressables/Sound/VOICE/Leni/S001/ko/Leni_craftRare_2_ko.wav,0.000
Leni,Leni_craftRare_2_ko_1.wav,S003,Assets/Addressables/Sound/VOICE/Leni/S003/ko/Leni_craftRare_2_ko.wav,0.000
Leni,Leni_craftRare_3_ko.wav,S000,Assets/Addressables/Sound/VOICE/Leni/S000/ko/Leni_craftRare_3_ko.wav,0.000
Leni,Leni_craftRare_3_ko_0.wav,S003,Assets/Addressables/Sound/VOICE/Leni/S003/ko/Leni_craftRare_3_ko.wav,0.000
Leni,Leni_craftRare_3_ko_1.wav,S001,Assets/Addressables/Sound/VOICE/Leni/S001/ko/Leni_craftRare_3_ko.wav,0.000
Leni,Leni_craftUncommon_1_ko.wav,S000,Assets/Addressables/Sound/VOICE/Leni/S000/ko/Leni_craftUncommon_1_ko.wav,0.000
Leni,Leni_craftUncommon_1_ko_0.wav,S001,Assets/Addressables/Sound/VOICE/Leni/S001/ko/Leni_craftUncommon_1_ko.wav,0.006
Leni,Leni_craftUncommon_1_ko_1.wav,S003,Assets/Addressables/Sound/VOICE/Leni/S003/ko/Leni_craftUncommon_1_ko.wav,0.000
Leni,Leni_craftUncommon_2_ko.wav,S000,Assets/Addressables/Sound/VOICE/Leni/S000/ko/Leni_craftUncommon_2_ko.wav,0.000
Leni,Leni_craftUncommon_2_ko_0.wav,S003,Assets/Addressables/Sound/VOICE/Leni/S003/ko/Leni_craftUncommon_2_ko.wav,0.000
Leni,Leni_craftUncommon_2_ko_1.wav,S001,Assets/Addressables/Sound/VOICE/Leni/S001/ko/Leni_craftUncommon_2_ko.wav,0.000
Leni,Leni_craftUncommon_3_ko.wav,S001,Assets/Addressables/Sound/VOICE/Leni/S001/ko/Leni_craftUncommon_3_ko.wav,0.000
Leni,Leni_craftUncommon_3_ko_0.wav,S000,Assets/Addressables/Sound/VOICE/Leni/S000/ko/Leni_craftUncommon_3_ko.wav,0.000
Leni,Leni_craftUncommon_3_ko_1.wav,S003,Assets/Addressables/Sound/VOICE/Leni/S003/ko/Leni_craftUncommon_3_ko.wav,0.000
Leni,Leni_findCorpsEnemyKill_1_ko.wav,S001,Assets/Addressables/Sound/VOICE/Leni/S001/ko/Leni_findCorpsEnemyKill_1_ko.wav,파형상관 1.0000
Leni,Leni_findCorpsEnemyKill_1_ko_0.wav,S003,Assets/Addressables/Sound/VOICE/Leni/S003/ko/Leni_findCorpsEnemyKill_1_ko.wav,파형상관 1.0000
Leni,Leni_findCorpsEnemyKill_1_ko_1.wav,S000,Assets/Addressables/Sound/VOICE/Leni/S000/ko/Leni_findCorpsEnemyKill_1_ko.wav,파형상관 1.0000
Leni,Leni_firstMove_1_ko.wav,S000,Assets/Addressables/Sound/VOICE/Leni/S000/ko/Leni_firstMove_1_ko.wav,0.000
Leni,Leni_firstMove_1_ko_0.wav,S001,Assets/Addressables/Sound/VOICE/Leni/S001/ko/Leni_firstMove_1_ko.wav,0.000
Leni,Leni_firstMove_1_ko_1.wav,S003,Assets/Addressables/Sound/VOICE/Leni/S003/ko/Leni_firstMove_1_ko.wav,0.000
Leni,Leni_firstMove_2_ko.wav,S001,Assets/Addressables/Sound/VOICE/Leni/S001/ko/Leni_firstMove_2_ko.wav,0.000
Leni,Leni_firstMove_2_ko_0.wav,S000,Assets/Addressables/Sound/VOICE/Leni/S000/ko/Leni_firstMove_2_ko.wav,0.000
Leni,Leni_firstMove_2_ko_1.wav,S003,Assets/Addressables/Sound/VOICE/Leni/S003/ko/Leni_firstMove_2_ko.wav,0.000
Leni,Leni_firstMove_3_ko.wav,S001,Assets/Addressables/Sound/VOICE/Leni/S001/ko/Leni_firstMove_3_ko.wav,0.005
Leni,Leni_firstMove_3_ko_0.wav,S000,Assets/Addressables/Sound/VOICE/Leni/S000/ko/Leni_firstMove_3_ko.wav,0.000
Leni,Leni_firstMove_3_ko_1.wav,S003,Assets/Addressables/Sound/VOICE/Leni/S003/ko/Leni_firstMove_3_ko.wav,0.000
Leni,Leni_hacking_1_ko.wav,S000,Assets/Addressables/Sound/VOICE/Leni/S000/ko/Leni_hacking_1_ko.wav,0.000
Leni,Leni_hacking_1_ko_0.wav,S001,Assets/Addressables/Sound/VOICE/Leni/S001/ko/Leni_hacking_1_ko.wav,0.006
Leni,Leni_hacking_2_ko.wav,S000,Assets/Addressables/Sound/VOICE/Leni/S000/ko/Leni_hacking_2_ko.wav,0.000
Leni,Leni_hacking_2_ko_0.wav,S001,Assets/Addressables/Sound/VOICE/Leni/S001/ko/Leni_hacking_2_ko.wav,0.000
Leni,Leni_hacking_lost_1_ko.wav,S001,Assets/Addressables/Sound/VOICE/Leni/S001/ko/Leni_hacking_lost_1_ko.wav,0.000
Leni,Leni_hacking_lost_1_ko_0.wav,S000,Assets/Addressables/Sound/VOICE/Leni/S000/ko/Leni_hacking_lost_1_ko.wav,0.000
Leni,Leni_highlyPlaced_1_ko.wav,S000,Assets/Addressables/Sound/VOICE/Leni/S000/ko/Leni_highlyPlaced_1_ko.wav,0.000
Leni,Leni_highlyPlaced_1_ko_0.wav,S001,Assets/Addressables/Sound/VOICE/Leni/S001/ko/Leni_highlyPlaced_1_ko.wav,0.000
Leni,Leni_highlyPlaced_1_ko_1.wav,S003,Assets/Addressables/Sound/VOICE/Leni/S003/ko/Leni_highlyPlaced_1_ko.wav,0.000
Leni,Leni_highlyPlaced_2_ko.wav,S001,Assets/Addressables/Sound/VOICE/Leni/S001/ko/Leni_highlyPlaced_2_ko.wav,파형상관 1.0000
Leni,Leni_highlyPlaced_2_ko_0.wav,S000,Assets/Addressables/Sound/VOICE/Leni/S000/ko/Leni_highlyPlaced_2_ko.wav,파형상관 1.0000
Leni,Leni_highlyPlaced_2_ko_1.wav,S003,Assets/Addressables/Sound/VOICE/Leni/S003/ko/Leni_highlyPlaced_2_ko.wav,파형상관 1.0000
Leni,Leni_hyperloopAlly_1_ko.wav,S003,Assets/Addressables/Sound/VOICE/Leni/S003/ko/Leni_hyperloopAlly_1_ko.wav,0.000
Leni,Leni_hyperloopAlly_1_ko_0.wav,S000,Assets/Addressables/Sound/VOICE/Leni/S000/ko/Leni_hyperloopAlly_1_ko.wav,0.000
Leni,Leni_hyperloopAlly_1_ko_1.wav,S001,Assets/Addressables/Sound/VOICE/Leni/S001/ko/Leni_hyperloopAlly_1_ko.wav,0.000
Leni,Leni_hyperloopAlly_2_ko.wav,S001,Assets/Addressables/Sound/VOICE/Leni/S001/ko/Leni_hyperloopAlly_2_ko.wav,0.000
Leni,Leni_hyperloopAlly_2_ko_0.wav,S003,Assets/Addressables/Sound/VOICE/Leni/S003/ko/Leni_hyperloopAlly_2_ko.wav,0.010
Leni,Leni_hyperloopAlly_2_ko_1.wav,S000,Assets/Addressables/Sound/VOICE/Leni/S000/ko/Leni_hyperloopAlly_2_ko.wav,0.000
Leni,Leni_hyperloop_1_ko.wav,S001,Assets/Addressables/Sound/VOICE/Leni/S001/ko/Leni_hyperloop_1_ko.wav,0.000
Leni,Leni_hyperloop_1_ko_0.wav,S000,Assets/Addressables/Sound/VOICE/Leni/S000/ko/Leni_hyperloop_1_ko.wav,0.000
Leni,Leni_hyperloop_1_ko_1.wav,S003,Assets/Addressables/Sound/VOICE/Leni/S003/ko/Leni_hyperloop_1_ko.wav,0.000
Leni,Leni_hyperloop_2_ko.wav,S003,Assets/Addressables/Sound/VOICE/Leni/S003/ko/Leni_hyperloop_2_ko.wav,0.000
Leni,Leni_hyperloop_2_ko_0.wav,S001,Assets/Addressables/Sound/VOICE/Leni/S001/ko/Leni_hyperloop_2_ko.wav,0.000
Leni,Leni_hyperloop_2_ko_1.wav,S000,Assets/Addressables/Sound/VOICE/Leni/S000/ko/Leni_hyperloop_2_ko.wav,0.000
Leni,Leni_kill10Player_1_ko.wav,S000,Assets/Addressables/Sound/VOICE/Leni/S000/ko/Leni_kill10Player_1_ko.wav,0.000
Leni,Leni_kill10Player_1_ko_0.wav,S003,Assets/Addressables/Sound/VOICE/Leni/S003/ko/Leni_kill10Player_1_ko.wav,0.000
Leni,Leni_kill10Player_1_ko_1.wav,S001,Assets/Addressables/Sound/VOICE/Leni/S001/ko/Leni_kill10Player_1_ko.wav,0.000
Leni,Leni_kill11Player_1_ko.wav,S000,Assets/Addressables/Sound/VOICE/Leni/S000/ko/Leni_kill11Player_1_ko.wav,0.000
Leni,Leni_kill11Player_1_ko_0.wav,S003,Assets/Addressables/Sound/VOICE/Leni/S003/ko/Leni_kill11Player_1_ko.wav,0.000
Leni,Leni_kill11Player_1_ko_1.wav,S001,Assets/Addressables/Sound/VOICE/Leni/S001/ko/Leni_kill11Player_1_ko.wav,0.000
Leni,Leni_kill12Player_1_ko.wav,S000,Assets/Addressables/Sound/VOICE/Leni/S000/ko/Leni_kill12Player_1_ko.wav,0.000
Leni,Leni_kill12Player_1_ko_0.wav,S001,Assets/Addressables/Sound/VOICE/Leni/S001/ko/Leni_kill12Player_1_ko.wav,0.000
Leni,Leni_kill12Player_1_ko_1.wav,S003,Assets/Addressables/Sound/VOICE/Leni/S003/ko/Leni_kill12Player_1_ko.wav,0.000
Leni,Leni_kill13Player_1_ko.wav,S003,Assets/Addressables/Sound/VOICE/Leni/S003/ko/Leni_kill13Player_1_ko.wav,0.000
Leni,Leni_kill13Player_1_ko_0.wav,S001,Assets/Addressables/Sound/VOICE/Leni/S001/ko/Leni_kill13Player_1_ko.wav,0.000
Leni,Leni_kill13Player_1_ko_1.wav,S000,Assets/Addressables/Sound/VOICE/Leni/S000/ko/Leni_kill13Player_1_ko.wav,0.000
Leni,Leni_kill14Player_1_ko.wav,S000,Assets/Addressables/Sound/VOICE/Leni/S000/ko/Leni_kill14Player_1_ko.wav,0.000
Leni,Leni_kill14Player_1_ko_0.wav,S003,Assets/Addressables/Sound/VOICE/Leni/S003/ko/Leni_kill14Player_1_ko.wav,0.000
Leni,Leni_kill14Player_1_ko_1.wav,S001,Assets/Addressables/Sound/VOICE/Leni/S001/ko/Leni_kill14Player_1_ko.wav,0.000
Leni,Leni_kill1Player_1_ko.wav,S000,Assets/Addressables/Sound/VOICE/Leni/S000/ko/Leni_kill1Player_1_ko.wav,0.000
Leni,Leni_kill1Player_1_ko_0.wav,S003,Assets/Addressables/Sound/VOICE/Leni/S003/ko/Leni_kill1Player_1_ko.wav,0.000
Leni,Leni_kill1Player_1_ko_1.wav,S001,Assets/Addressables/Sound/VOICE/Leni/S001/ko/Leni_kill1Player_1_ko.wav,0.000
Leni,Leni_kill1Player_2_ko.wav,S001,Assets/Addressables/Sound/VOICE/Leni/S001/ko/Leni_kill1Player_2_ko.wav,0.000
Leni,Leni_kill1Player_2_ko_0.wav,S000,Assets/Addressables/Sound/VOICE/Leni/S000/ko/Leni_kill1Player_2_ko.wav,0.000
Leni,Leni_kill1Player_2_ko_1.wav,S003,Assets/Addressables/Sound/VOICE/Leni/S003/ko/Leni_kill1Player_2_ko.wav,0.000
Leni,Leni_kill2Player_1_ko.wav,S001,Assets/Addressables/Sound/VOICE/Leni/S001/ko/Leni_kill2Player_1_ko.wav,0.000
Leni,Leni_kill2Player_1_ko_0.wav,S003,Assets/Addressables/Sound/VOICE/Leni/S003/ko/Leni_kill2Player_1_ko.wav,0.000
Leni,Leni_kill2Player_1_ko_1.wav,S000,Assets/Addressables/Sound/VOICE/Leni/S000/ko/Leni_kill2Player_1_ko.wav,0.000
Leni,Leni_kill3Player_1_ko.wav,S003,Assets/Addressables/Sound/VOICE/Leni/S003/ko/Leni_kill3Player_1_ko.wav,0.000
Leni,Leni_kill3Player_1_ko_0.wav,S000,Assets/Addressables/Sound/VOICE/Leni/S000/ko/Leni_kill3Player_1_ko.wav,0.000
Leni,Leni_kill3Player_1_ko_1.wav,S001,Assets/Addressables/Sound/VOICE/Leni/S001/ko/Leni_kill3Player_1_ko.wav,0.000
Leni,Leni_kill4Player_1_ko.wav,S003,Assets/Addressables/Sound/VOICE/Leni/S003/ko/Leni_kill4Player_1_ko.wav,0.000
Leni,Leni_kill4Player_1_ko_0.wav,S001,Assets/Addressables/Sound/VOICE/Leni/S001/ko/Leni_kill4Player_1_ko.wav,0.000
Leni,Leni_kill4Player_1_ko_1.wav,S000,Assets/Addressables/Sound/VOICE/Leni/S000/ko/Leni_kill4Player_1_ko.wav,0.000
Leni,Leni_kill5Player_1_ko.wav,S003,Assets/Addressables/Sound/VOICE/Leni/S003/ko/Leni_kill5Player_1_ko.wav,0.000
Leni,Leni_kill5Player_1_ko_0.wav,S000,Assets/Addressables/Sound/VOICE/Leni/S000/ko/Leni_kill5Player_1_ko.wav,0.000
Leni,Leni_kill5Player_1_ko_1.wav,S001,Assets/Addressables/Sound/VOICE/Leni/S001/ko/Leni_kill5Player_1_ko.wav,0.010
Leni,Leni_kill6Player_1_ko.wav,S001,Assets/Addressables/Sound/VOICE/Leni/S001/ko/Leni_kill6Player_1_ko.wav,0.000
Leni,Leni_kill6Player_1_ko_0.wav,S000,Assets/Addressables/Sound/VOICE/Leni/S000/ko/Leni_kill6Player_1_ko.wav,0.000
Leni,Leni_kill6Player_1_ko_1.wav,S003,Assets/Addressables/Sound/VOICE/Leni/S003/ko/Leni_kill6Player_1_ko.wav,0.000
Leni,Leni_kill7Player_1_ko.wav,S001,Assets/Addressables/Sound/VOICE/Leni/S001/ko/Leni_kill7Player_1_ko.wav,0.000
Leni,Leni_kill7Player_1_ko_0.wav,S003,Assets/Addressables/Sound/VOICE/Leni/S003/ko/Leni_kill7Player_1_ko.wav,0.000
Leni,Leni_kill7Player_1_ko_1.wav,S000,Assets/Addressables/Sound/VOICE/Leni/S000/ko/Leni_kill7Player_1_ko.wav,0.000
Leni,Leni_kill8Player_1_ko.wav,S001,Assets/Addressables/Sound/VOICE/Leni/S001/ko/Leni_kill8Player_1_ko.wav,0.000
Leni,Leni_kill8Player_1_ko_0.wav,S000,Assets/Addressables/Sound/VOICE/Leni/S000/ko/Leni_kill8Player_1_ko.wav,0.000
Leni,Leni_kill8Player_1_ko_1.wav,S003,Assets/Addressables/Sound/VOICE/Leni/S003/ko/Leni_kill8Player_1_ko.wav,0.000
Leni,Leni_kill9Player_1_ko.wav,S001,Assets/Addressables/Sound/VOICE/Leni/S001/ko/Leni_kill9Player_1_ko.wav,0.000
Leni,Leni_kill9Player_1_ko_0.wav,S003,Assets/Addressables/Sound/VOICE/Leni/S003/ko/Leni_kill9Player_1_ko.wav,0.000
Leni,Leni_kill9Player_1_ko_1.wav,S000,Assets/Addressables/Sound/VOICE/Leni/S000/ko/Leni_kill9Player_1_ko.wav,0.000
Leni,Leni_killMonster_1_ko.wav,S000,Assets/Addressables/Sound/VOICE/Leni/S000/ko/Leni_killMonster_1_ko.wav,0.000
Leni,Leni_killMonster_1_ko_0.wav,S003,Assets/Addressables/Sound/VOICE/Leni/S003/ko/Leni_killMonster_1_ko.wav,0.000
Leni,Leni_killMonster_1_ko_1.wav,S001,Assets/Addressables/Sound/VOICE/Leni/S001/ko/Leni_killMonster_1_ko.wav,0.000
Leni,Leni_killMonster_2_ko.wav,S000,Assets/Addressables/Sound/VOICE/Leni/S000/ko/Leni_killMonster_2_ko.wav,파형상관 1.0000
Leni,Leni_killMonster_2_ko_0.wav,S003,Assets/Addressables/Sound/VOICE/Leni/S003/ko/Leni_killMonster_2_ko.wav,파형상관 1.0000
Leni,Leni_killMonster_2_ko_1.wav,S001,Assets/Addressables/Sound/VOICE/Leni/S001/ko/Leni_killMonster_2_ko.wav,파형상관 1.0000
Leni,Leni_killMonster_3_ko.wav,S000,Assets/Addressables/Sound/VOICE/Leni/S000/ko/Leni_killMonster_3_ko.wav,0.001
Leni,Leni_killMonster_3_ko_0.wav,S001,Assets/Addressables/Sound/VOICE/Leni/S001/ko/Leni_killMonster_3_ko.wav,0.000
Leni,Leni_killMonster_3_ko_1.wav,S003,Assets/Addressables/Sound/VOICE/Leni/S003/ko/Leni_killMonster_3_ko.wav,0.000
Leni,Leni_killedCommon_1_ko.wav,S003,Assets/Addressables/Sound/VOICE/Leni/S003/ko/Leni_killedCommon_1_ko.wav,0.000
Leni,Leni_killedCommon_2_ko.wav,S003,Assets/Addressables/Sound/VOICE/Leni/S003/ko/Leni_killedCommon_2_ko.wav,0.000
Leni,Leni_killedCommon_3_ko.wav,S003,Assets/Addressables/Sound/VOICE/Leni/S003/ko/Leni_killedCommon_3_ko.wav,0.000
Leni,Leni_learnweaponskill_Pistol_1_ko.wav,S003,Assets/Addressables/Sound/VOICE/Leni/S003/ko/Leni_learnweaponskill_Pistol_1_ko.wav,0.000
Leni,Leni_learnweaponskill_Pistol_1_ko_0.wav,S000,Assets/Addressables/Sound/VOICE/Leni/S000/ko/Leni_learnweaponskill_Pistol_1_ko.wav,0.000
Leni,Leni_learnweaponskill_Pistol_1_ko_1.wav,S001,Assets/Addressables/Sound/VOICE/Leni/S001/ko/Leni_learnweaponskill_Pistol_1_ko.wav,0.000
Leni,Leni_learnweaponskill_Pistol_2_ko.wav,S000,Assets/Addressables/Sound/VOICE/Leni/S000/ko/Leni_learnweaponskill_Pistol_2_ko.wav,0.000
Leni,Leni_learnweaponskill_Pistol_2_ko_0.wav,S003,Assets/Addressables/Sound/VOICE/Leni/S003/ko/Leni_learnweaponskill_Pistol_2_ko.wav,0.000
Leni,Leni_learnweaponskill_Pistol_2_ko_1.wav,S001,Assets/Addressables/Sound/VOICE/Leni/S001/ko/Leni_learnweaponskill_Pistol_2_ko.wav,0.000
Leni,Leni_lobby_1_ko.wav,S001,Assets/Addressables/Sound/VOICE/Leni/S001/ko/Leni_lobby_1_ko.wav,0.010
Leni,Leni_lobby_1_ko_0.wav,S000,Assets/Addressables/Sound/VOICE/Leni/S000/ko/Leni_lobby_1_ko.wav,0.000
Leni,Leni_lobby_1_ko_1.wav,S003,Assets/Addressables/Sound/VOICE/Leni/S003/ko/Leni_lobby_1_ko.wav,0.000
Leni,Leni_lootCorpsEnemyKill_1_ko.wav,S003,Assets/Addressables/Sound/VOICE/Leni/S003/ko/Leni_lootCorpsEnemyKill_1_ko.wav,0.000
Leni,Leni_lootCorpsEnemyKill_1_ko_0.wav,S001,Assets/Addressables/Sound/VOICE/Leni/S001/ko/Leni_lootCorpsEnemyKill_1_ko.wav,0.000
Leni,Leni_lootCorpsEnemyKill_1_ko_1.wav,S000,Assets/Addressables/Sound/VOICE/Leni/S000/ko/Leni_lootCorpsEnemyKill_1_ko.wav,0.000
Leni,Leni_lootCorpsSelfKill_1_ko.wav,S001,Assets/Addressables/Sound/VOICE/Leni/S001/ko/Leni_lootCorpsSelfKill_1_ko.wav,0.000
Leni,Leni_lootCorpsSelfKill_1_ko_0.wav,S003,Assets/Addressables/Sound/VOICE/Leni/S003/ko/Leni_lootCorpsSelfKill_1_ko.wav,0.000
Leni,Leni_lootCorpsSelfKill_1_ko_1.wav,S000,Assets/Addressables/Sound/VOICE/Leni/S000/ko/Leni_lootCorpsSelfKill_1_ko.wav,0.000
Leni,Leni_lost_1_ko.wav,S001,Assets/Addressables/Sound/VOICE/Leni/S001/ko/Leni_lost_1_ko.wav,0.000
Leni,Leni_lost_1_ko_0.wav,S000,Assets/Addressables/Sound/VOICE/Leni/S000/ko/Leni_lost_1_ko.wav,0.000
Leni,Leni_lost_1_ko_1.wav,S003,Assets/Addressables/Sound/VOICE/Leni/S003/ko/Leni_lost_1_ko.wav,0.000
Leni,Leni_lost_2_ko.wav,S003,Assets/Addressables/Sound/VOICE/Leni/S003/ko/Leni_lost_2_ko.wav,파형상관 1.0000
Leni,Leni_lost_2_ko_0.wav,S000,Assets/Addressables/Sound/VOICE/Leni/S000/ko/Leni_lost_2_ko.wav,파형상관 1.0000
Leni,Leni_lost_2_ko_1.wav,S001,Assets/Addressables/Sound/VOICE/Leni/S001/ko/Leni_lost_2_ko.wav,파형상관 1.0000
Leni,Leni_makeFood_1_ko.wav,S003,Assets/Addressables/Sound/VOICE/Leni/S003/ko/Leni_makeFood_1_ko.wav,0.000
Leni,Leni_makeFood_1_ko_0.wav,S000,Assets/Addressables/Sound/VOICE/Leni/S000/ko/Leni_makeFood_1_ko.wav,0.000
Leni,Leni_makeFood_1_ko_1.wav,S001,Assets/Addressables/Sound/VOICE/Leni/S001/ko/Leni_makeFood_1_ko.wav,0.000
Leni,Leni_makeFood_2_ko.wav,S003,Assets/Addressables/Sound/VOICE/Leni/S003/ko/Leni_makeFood_2_ko.wav,0.000
Leni,Leni_makeFood_2_ko_0.wav,S000,Assets/Addressables/Sound/VOICE/Leni/S000/ko/Leni_makeFood_2_ko.wav,0.000
Leni,Leni_makeFood_2_ko_1.wav,S001,Assets/Addressables/Sound/VOICE/Leni/S001/ko/Leni_makeFood_2_ko.wav,0.000
Leni,Leni_makeFood_3_ko.wav,S000,Assets/Addressables/Sound/VOICE/Leni/S000/ko/Leni_makeFood_3_ko.wav,0.000
Leni,Leni_makeFood_3_ko_0.wav,S001,Assets/Addressables/Sound/VOICE/Leni/S001/ko/Leni_makeFood_3_ko.wav,0.000
Leni,Leni_makeFood_3_ko_1.wav,S003,Assets/Addressables/Sound/VOICE/Leni/S003/ko/Leni_makeFood_3_ko.wav,0.000
Leni,Leni_moveInAlley_1_ko.wav,S000,Assets/Addressables/Sound/VOICE/Leni/S000/ko/Leni_moveInAlley_1_ko.wav,0.000
Leni,Leni_moveInAlley_1_ko_0.wav,S001,Assets/Addressables/Sound/VOICE/Leni/S001/ko/Leni_moveInAlley_1_ko.wav,0.000
Leni,Leni_moveInAlley_1_ko_1.wav,S003,Assets/Addressables/Sound/VOICE/Leni/S003/ko/Leni_moveInAlley_1_ko.wav,0.000
Leni,Leni_moveInAlley_2_ko.wav,S001,Assets/Addressables/Sound/VOICE/Leni/S001/ko/Leni_moveInAlley_2_ko.wav,0.000
Leni,Leni_moveInAlley_2_ko_0.wav,S003,Assets/Addressables/Sound/VOICE/Leni/S003/ko/Leni_moveInAlley_2_ko.wav,0.000
Leni,Leni_moveInAlley_2_ko_1.wav,S000,Assets/Addressables/Sound/VOICE/Leni/S000/ko/Leni_moveInAlley_2_ko.wav,0.000
Leni,Leni_moveInAlley_3_ko.wav,S001,Assets/Addressables/Sound/VOICE/Leni/S001/ko/Leni_moveInAlley_3_ko.wav,0.000
Leni,Leni_moveInAlley_3_ko_0.wav,S003,Assets/Addressables/Sound/VOICE/Leni/S003/ko/Leni_moveInAlley_3_ko.wav,0.000
Leni,Leni_moveInAlley_3_ko_1.wav,S000,Assets/Addressables/Sound/VOICE/Leni/S000/ko/Leni_moveInAlley_3_ko.wav,0.000
Leni,Leni_moveInArchery_1_ko.wav,S003,Assets/Addressables/Sound/VOICE/Leni/S003/ko/Leni_moveInArchery_1_ko.wav,0.000
Leni,Leni_moveInArchery_1_ko_0.wav,S000,Assets/Addressables/Sound/VOICE/Leni/S000/ko/Leni_moveInArchery_1_ko.wav,0.000
Leni,Leni_moveInArchery_1_ko_1.wav,S001,Assets/Addressables/Sound/VOICE/Leni/S001/ko/Leni_moveInArchery_1_ko.wav,0.000
Leni,Leni_moveInArchery_2_ko.wav,S003,Assets/Addressables/Sound/VOICE/Leni/S003/ko/Leni_moveInArchery_2_ko.wav,0.010
Leni,Leni_moveInArchery_2_ko_0.wav,S001,Assets/Addressables/Sound/VOICE/Leni/S001/ko/Leni_moveInArchery_2_ko.wav,0.000
Leni,Leni_moveInArchery_2_ko_1.wav,S000,Assets/Addressables/Sound/VOICE/Leni/S000/ko/Leni_moveInArchery_2_ko.wav,0.000
Leni,Leni_moveInArchery_3_ko.wav,S003,Assets/Addressables/Sound/VOICE/Leni/S003/ko/Leni_moveInArchery_3_ko.wav,0.000
Leni,Leni_moveInArchery_3_ko_0.wav,S000,Assets/Addressables/Sound/VOICE/Leni/S000/ko/Leni_moveInArchery_3_ko.wav,0.010
Leni,Leni_moveInArchery_3_ko_1.wav,S001,Assets/Addressables/Sound/VOICE/Leni/S001/ko/Leni_moveInArchery_3_ko.wav,0.000
Leni,Leni_moveInCemetery_1_ko.wav,S000,Assets/Addressables/Sound/VOICE/Leni/S000/ko/Leni_moveInCemetery_1_ko.wav,0.000
Leni,Leni_moveInCemetery_1_ko_0.wav,S003,Assets/Addressables/Sound/VOICE/Leni/S003/ko/Leni_moveInCemetery_1_ko.wav,0.000
Leni,Leni_moveInCemetery_1_ko_1.wav,S001,Assets/Addressables/Sound/VOICE/Leni/S001/ko/Leni_moveInCemetery_1_ko.wav,0.000
Leni,Leni_moveInCemetery_2_ko.wav,S003,Assets/Addressables/Sound/VOICE/Leni/S003/ko/Leni_moveInCemetery_2_ko.wav,0.000
Leni,Leni_moveInCemetery_2_ko_0.wav,S001,Assets/Addressables/Sound/VOICE/Leni/S001/ko/Leni_moveInCemetery_2_ko.wav,0.000
Leni,Leni_moveInCemetery_2_ko_1.wav,S000,Assets/Addressables/Sound/VOICE/Leni/S000/ko/Leni_moveInCemetery_2_ko.wav,0.000
Leni,Leni_moveInCemetery_3_ko.wav,S001,Assets/Addressables/Sound/VOICE/Leni/S001/ko/Leni_moveInCemetery_3_ko.wav,0.000
Leni,Leni_moveInCemetery_3_ko_0.wav,S000,Assets/Addressables/Sound/VOICE/Leni/S000/ko/Leni_moveInCemetery_3_ko.wav,0.001
Leni,Leni_moveInCemetery_3_ko_1.wav,S003,Assets/Addressables/Sound/VOICE/Leni/S003/ko/Leni_moveInCemetery_3_ko.wav,0.000
Leni,Leni_moveInChurch_1_ko.wav,S001,Assets/Addressables/Sound/VOICE/Leni/S001/ko/Leni_moveInChurch_1_ko.wav,0.000
Leni,Leni_moveInChurch_1_ko_0.wav,S000,Assets/Addressables/Sound/VOICE/Leni/S000/ko/Leni_moveInChurch_1_ko.wav,0.000
Leni,Leni_moveInChurch_1_ko_1.wav,S003,Assets/Addressables/Sound/VOICE/Leni/S003/ko/Leni_moveInChurch_1_ko.wav,0.000
Leni,Leni_moveInChurch_2_ko.wav,S001,Assets/Addressables/Sound/VOICE/Leni/S001/ko/Leni_moveInChurch_2_ko.wav,0.010
Leni,Leni_moveInChurch_2_ko_0.wav,S003,Assets/Addressables/Sound/VOICE/Leni/S003/ko/Leni_moveInChurch_2_ko.wav,0.000
Leni,Leni_moveInChurch_2_ko_1.wav,S000,Assets/Addressables/Sound/VOICE/Leni/S000/ko/Leni_moveInChurch_2_ko.wav,0.000
Leni,Leni_moveInChurch_3_ko.wav,S000,Assets/Addressables/Sound/VOICE/Leni/S000/ko/Leni_moveInChurch_3_ko.wav,0.000
Leni,Leni_moveInChurch_3_ko_0.wav,S001,Assets/Addressables/Sound/VOICE/Leni/S001/ko/Leni_moveInChurch_3_ko.wav,0.000
Leni,Leni_moveInChurch_3_ko_1.wav,S003,Assets/Addressables/Sound/VOICE/Leni/S003/ko/Leni_moveInChurch_3_ko.wav,0.000
Leni,Leni_moveInFactory_1_ko.wav,S000,Assets/Addressables/Sound/VOICE/Leni/S000/ko/Leni_moveInFactory_1_ko.wav,0.000
Leni,Leni_moveInFactory_1_ko_0.wav,S003,Assets/Addressables/Sound/VOICE/Leni/S003/ko/Leni_moveInFactory_1_ko.wav,0.000
Leni,Leni_moveInFactory_1_ko_1.wav,S001,Assets/Addressables/Sound/VOICE/Leni/S001/ko/Leni_moveInFactory_1_ko.wav,0.000
Leni,Leni_moveInFactory_2_ko.wav,S000,Assets/Addressables/Sound/VOICE/Leni/S000/ko/Leni_moveInFactory_2_ko.wav,0.010
Leni,Leni_moveInFactory_2_ko_0.wav,S003,Assets/Addressables/Sound/VOICE/Leni/S003/ko/Leni_moveInFactory_2_ko.wav,0.010
Leni,Leni_moveInFactory_2_ko_1.wav,S001,Assets/Addressables/Sound/VOICE/Leni/S001/ko/Leni_moveInFactory_2_ko.wav,0.008
Leni,Leni_moveInFactory_3_ko.wav,S003,Assets/Addressables/Sound/VOICE/Leni/S003/ko/Leni_moveInFactory_3_ko.wav,0.000
Leni,Leni_moveInFactory_3_ko_0.wav,S000,Assets/Addressables/Sound/VOICE/Leni/S000/ko/Leni_moveInFactory_3_ko.wav,0.000
Leni,Leni_moveInFactory_3_ko_1.wav,S001,Assets/Addressables/Sound/VOICE/Leni/S001/ko/Leni_moveInFactory_3_ko.wav,0.010
Leni,Leni_moveInFireStation_1_ko.wav,S003,Assets/Addressables/Sound/VOICE/Leni/S003/ko/Leni_moveInFireStation_1_ko.wav,0.000
Leni,Leni_moveInFireStation_1_ko_0.wav,S000,Assets/Addressables/Sound/VOICE/Leni/S000/ko/Leni_moveInFireStation_1_ko.wav,0.000
Leni,Leni_moveInFireStation_1_ko_1.wav,S001,Assets/Addressables/Sound/VOICE/Leni/S001/ko/Leni_moveInFireStation_1_ko.wav,0.000
Leni,Leni_moveInFireStation_2_ko.wav,S001,Assets/Addressables/Sound/VOICE/Leni/S001/ko/Leni_moveInFireStation_2_ko.wav,0.000
Leni,Leni_moveInFireStation_2_ko_0.wav,S003,Assets/Addressables/Sound/VOICE/Leni/S003/ko/Leni_moveInFireStation_2_ko.wav,0.000
Leni,Leni_moveInFireStation_2_ko_1.wav,S000,Assets/Addressables/Sound/VOICE/Leni/S000/ko/Leni_moveInFireStation_2_ko.wav,0.000
Leni,Leni_moveInFireStation_3_ko.wav,S000,Assets/Addressables/Sound/VOICE/Leni/S000/ko/Leni_moveInFireStation_3_ko.wav,0.000
Leni,Leni_moveInFireStation_3_ko_0.wav,S001,Assets/Addressables/Sound/VOICE/Leni/S001/ko/Leni_moveInFireStation_3_ko.wav,0.000
Leni,Leni_moveInFireStation_3_ko_1.wav,S003,Assets/Addressables/Sound/VOICE/Leni/S003/ko/Leni_moveInFireStation_3_ko.wav,0.000
Leni,Leni_moveInForest_1_ko.wav,S001,Assets/Addressables/Sound/VOICE/Leni/S001/ko/Leni_moveInForest_1_ko.wav,0.000
Leni,Leni_moveInForest_1_ko_0.wav,S000,Assets/Addressables/Sound/VOICE/Leni/S000/ko/Leni_moveInForest_1_ko.wav,0.000
Leni,Leni_moveInForest_1_ko_1.wav,S003,Assets/Addressables/Sound/VOICE/Leni/S003/ko/Leni_moveInForest_1_ko.wav,0.000
Leni,Leni_moveInForest_2_ko.wav,S000,Assets/Addressables/Sound/VOICE/Leni/S000/ko/Leni_moveInForest_2_ko.wav,0.000
Leni,Leni_moveInForest_2_ko_0.wav,S001,Assets/Addressables/Sound/VOICE/Leni/S001/ko/Leni_moveInForest_2_ko.wav,0.000
Leni,Leni_moveInForest_2_ko_1.wav,S003,Assets/Addressables/Sound/VOICE/Leni/S003/ko/Leni_moveInForest_2_ko.wav,0.000
Leni,Leni_moveInForest_3_ko.wav,S000,Assets/Addressables/Sound/VOICE/Leni/S000/ko/Leni_moveInForest_3_ko.wav,0.000
Leni,Leni_moveInForest_3_ko_0.wav,S001,Assets/Addressables/Sound/VOICE/Leni/S001/ko/Leni_moveInForest_3_ko.wav,0.000
Leni,Leni_moveInForest_3_ko_1.wav,S003,Assets/Addressables/Sound/VOICE/Leni/S003/ko/Leni_moveInForest_3_ko.wav,0.000
Leni,Leni_moveInGasStation_1_ko.wav,S001,Assets/Addressables/Sound/VOICE/Leni/S001/ko/Leni_moveInGasStation_1_ko.wav,0.000
Leni,Leni_moveInGasStation_1_ko_0.wav,S003,Assets/Addressables/Sound/VOICE/Leni/S003/ko/Leni_moveInGasStation_1_ko.wav,0.000
Leni,Leni_moveInGasStation_1_ko_1.wav,S000,Assets/Addressables/Sound/VOICE/Leni/S000/ko/Leni_moveInGasStation_1_ko.wav,0.000
Leni,Leni_moveInGasStation_2_ko.wav,S003,Assets/Addressables/Sound/VOICE/Leni/S003/ko/Leni_moveInGasStation_2_ko.wav,0.001
Leni,Leni_moveInGasStation_2_ko_0.wav,S000,Assets/Addressables/Sound/VOICE/Leni/S000/ko/Leni_moveInGasStation_2_ko.wav,0.000
Leni,Leni_moveInGasStation_2_ko_1.wav,S001,Assets/Addressables/Sound/VOICE/Leni/S001/ko/Leni_moveInGasStation_2_ko.wav,0.000
Leni,Leni_moveInGasStation_3_ko.wav,S000,Assets/Addressables/Sound/VOICE/Leni/S000/ko/Leni_moveInGasStation_3_ko.wav,0.000
Leni,Leni_moveInGasStation_3_ko_0.wav,S001,Assets/Addressables/Sound/VOICE/Leni/S001/ko/Leni_moveInGasStation_3_ko.wav,0.000
Leni,Leni_moveInGasStation_3_ko_1.wav,S003,Assets/Addressables/Sound/VOICE/Leni/S003/ko/Leni_moveInGasStation_3_ko.wav,0.000
Leni,Leni_moveInHarbor_1_ko.wav,S001,Assets/Addressables/Sound/VOICE/Leni/S001/ko/Leni_moveInHarbor_1_ko.wav,0.010
Leni,Leni_moveInHarbor_1_ko_0.wav,S003,Assets/Addressables/Sound/VOICE/Leni/S003/ko/Leni_moveInHarbor_1_ko.wav,0.000
Leni,Leni_moveInHarbor_1_ko_1.wav,S000,Assets/Addressables/Sound/VOICE/Leni/S000/ko/Leni_moveInHarbor_1_ko.wav,0.000
Leni,Leni_moveInHarbor_2_ko.wav,S000,Assets/Addressables/Sound/VOICE/Leni/S000/ko/Leni_moveInHarbor_2_ko.wav,0.000
Leni,Leni_moveInHarbor_2_ko_0.wav,S001,Assets/Addressables/Sound/VOICE/Leni/S001/ko/Leni_moveInHarbor_2_ko.wav,0.000
Leni,Leni_moveInHarbor_2_ko_1.wav,S003,Assets/Addressables/Sound/VOICE/Leni/S003/ko/Leni_moveInHarbor_2_ko.wav,0.000
Leni,Leni_moveInHarbor_3_ko.wav,S000,Assets/Addressables/Sound/VOICE/Leni/S000/ko/Leni_moveInHarbor_3_ko.wav,0.000
Leni,Leni_moveInHarbor_3_ko_0.wav,S003,Assets/Addressables/Sound/VOICE/Leni/S003/ko/Leni_moveInHarbor_3_ko.wav,0.000
Leni,Leni_moveInHarbor_3_ko_1.wav,S001,Assets/Addressables/Sound/VOICE/Leni/S001/ko/Leni_moveInHarbor_3_ko.wav,0.000
Leni,Leni_moveInHospital_1_ko.wav,S001,Assets/Addressables/Sound/VOICE/Leni/S001/ko/Leni_moveInHospital_1_ko.wav,0.000
Leni,Leni_moveInHospital_1_ko_0.wav,S000,Assets/Addressables/Sound/VOICE/Leni/S000/ko/Leni_moveInHospital_1_ko.wav,0.000
Leni,Leni_moveInHospital_1_ko_1.wav,S003,Assets/Addressables/Sound/VOICE/Leni/S003/ko/Leni_moveInHospital_1_ko.wav,0.000
Leni,Leni_moveInHospital_2_ko.wav,S003,Assets/Addressables/Sound/VOICE/Leni/S003/ko/Leni_moveInHospital_2_ko.wav,0.000
Leni,Leni_moveInHospital_2_ko_0.wav,S001,Assets/Addressables/Sound/VOICE/Leni/S001/ko/Leni_moveInHospital_2_ko.wav,0.000
Leni,Leni_moveInHospital_2_ko_1.wav,S000,Assets/Addressables/Sound/VOICE/Leni/S000/ko/Leni_moveInHospital_2_ko.wav,0.000
Leni,Leni_moveInHospital_3_ko.wav,S003,Assets/Addressables/Sound/VOICE/Leni/S003/ko/Leni_moveInHospital_3_ko.wav,0.000
Leni,Leni_moveInHospital_3_ko_0.wav,S001,Assets/Addressables/Sound/VOICE/Leni/S001/ko/Leni_moveInHospital_3_ko.wav,0.000
Leni,Leni_moveInHospital_3_ko_1.wav,S000,Assets/Addressables/Sound/VOICE/Leni/S000/ko/Leni_moveInHospital_3_ko.wav,0.010
Leni,Leni_moveInHotel_1_ko.wav,S001,Assets/Addressables/Sound/VOICE/Leni/S001/ko/Leni_moveInHotel_1_ko.wav,0.000
Leni,Leni_moveInHotel_1_ko_0.wav,S000,Assets/Addressables/Sound/VOICE/Leni/S000/ko/Leni_moveInHotel_1_ko.wav,0.000
Leni,Leni_moveInHotel_1_ko_1.wav,S003,Assets/Addressables/Sound/VOICE/Leni/S003/ko/Leni_moveInHotel_1_ko.wav,0.000
Leni,Leni_moveInHotel_2_ko.wav,S001,Assets/Addressables/Sound/VOICE/Leni/S001/ko/Leni_moveInHotel_2_ko.wav,0.000
Leni,Leni_moveInHotel_2_ko_0.wav,S000,Assets/Addressables/Sound/VOICE/Leni/S000/ko/Leni_moveInHotel_2_ko.wav,0.000
Leni,Leni_moveInHotel_2_ko_1.wav,S003,Assets/Addressables/Sound/VOICE/Leni/S003/ko/Leni_moveInHotel_2_ko.wav,0.000
Leni,Leni_moveInHotel_3_ko.wav,S000,Assets/Addressables/Sound/VOICE/Leni/S000/ko/Leni_moveInHotel_3_ko.wav,0.000
Leni,Leni_moveInHotel_3_ko_0.wav,S001,Assets/Addressables/Sound/VOICE/Leni/S001/ko/Leni_moveInHotel_3_ko.wav,0.000
Leni,Leni_moveInHotel_3_ko_1.wav,S003,Assets/Addressables/Sound/VOICE/Leni/S003/ko/Leni_moveInHotel_3_ko.wav,0.000
Leni,Leni_moveInLaboratoryOutside_1_ko.wav,S003,Assets/Addressables/Sound/VOICE/Leni/S003/ko/Leni_moveInLaboratoryOutside_1_ko.wav,0.000
Leni,Leni_moveInLaboratoryOutside_1_ko_0.wav,S000,Assets/Addressables/Sound/VOICE/Leni/S000/ko/Leni_moveInLaboratoryOutside_1_ko.wav,0.000
Leni,Leni_moveInLaboratoryOutside_1_ko_1.wav,S001,Assets/Addressables/Sound/VOICE/Leni/S001/ko/Leni_moveInLaboratoryOutside_1_ko.wav,0.000
Leni,Leni_moveInLaboratoryOutside_2_ko.wav,S003,Assets/Addressables/Sound/VOICE/Leni/S003/ko/Leni_moveInLaboratoryOutside_2_ko.wav,0.000
Leni,Leni_moveInLaboratoryOutside_2_ko_0.wav,S000,Assets/Addressables/Sound/VOICE/Leni/S000/ko/Leni_moveInLaboratoryOutside_2_ko.wav,0.000
Leni,Leni_moveInLaboratoryOutside_2_ko_1.wav,S001,Assets/Addressables/Sound/VOICE/Leni/S001/ko/Leni_moveInLaboratoryOutside_2_ko.wav,0.000
Leni,Leni_moveInLaboratoryOutside_3_ko.wav,S000,Assets/Addressables/Sound/VOICE/Leni/S000/ko/Leni_moveInLaboratoryOutside_3_ko.wav,0.000
Leni,Leni_moveInLaboratoryOutside_3_ko_0.wav,S001,Assets/Addressables/Sound/VOICE/Leni/S001/ko/Leni_moveInLaboratoryOutside_3_ko.wav,0.000
Leni,Leni_moveInLaboratoryOutside_3_ko_1.wav,S003,Assets/Addressables/Sound/VOICE/Leni/S003/ko/Leni_moveInLaboratoryOutside_3_ko.wav,0.010
Leni,Leni_moveInLaboratory_1_ko.wav,S003,Assets/Addressables/Sound/VOICE/Leni/S003/ko/Leni_moveInLaboratory_1_ko.wav,파형상관 1.0000
Leni,Leni_moveInLaboratory_1_ko_0.wav,S001,Assets/Addressables/Sound/VOICE/Leni/S001/ko/Leni_moveInLaboratory_1_ko.wav,파형상관 1.0000
Leni,Leni_moveInLaboratory_1_ko_1.wav,S000,Assets/Addressables/Sound/VOICE/Leni/S000/ko/Leni_moveInLaboratory_1_ko.wav,파형상관 1.0000
Leni,Leni_moveInLaboratory_2_ko.wav,S003,Assets/Addressables/Sound/VOICE/Leni/S003/ko/Leni_moveInLaboratory_2_ko.wav,0.000
Leni,Leni_moveInLaboratory_2_ko_0.wav,S000,Assets/Addressables/Sound/VOICE/Leni/S000/ko/Leni_moveInLaboratory_2_ko.wav,0.000
Leni,Leni_moveInLaboratory_2_ko_1.wav,S001,Assets/Addressables/Sound/VOICE/Leni/S001/ko/Leni_moveInLaboratory_2_ko.wav,0.000
Leni,Leni_moveInLaboratory_3_ko.wav,S000,Assets/Addressables/Sound/VOICE/Leni/S000/ko/Leni_moveInLaboratory_3_ko.wav,0.000
Leni,Leni_moveInLaboratory_3_ko_0.wav,S001,Assets/Addressables/Sound/VOICE/Leni/S001/ko/Leni_moveInLaboratory_3_ko.wav,0.000
Leni,Leni_moveInLaboratory_3_ko_1.wav,S003,Assets/Addressables/Sound/VOICE/Leni/S003/ko/Leni_moveInLaboratory_3_ko.wav,0.000
Leni,Leni_moveInPoliceStation_1_ko.wav,S000,Assets/Addressables/Sound/VOICE/Leni/S000/ko/Leni_moveInPoliceStation_1_ko.wav,0.000
Leni,Leni_moveInPoliceStation_1_ko_0.wav,S003,Assets/Addressables/Sound/VOICE/Leni/S003/ko/Leni_moveInPoliceStation_1_ko.wav,0.000
Leni,Leni_moveInPoliceStation_1_ko_1.wav,S001,Assets/Addressables/Sound/VOICE/Leni/S001/ko/Leni_moveInPoliceStation_1_ko.wav,0.000
Leni,Leni_moveInPoliceStation_2_ko.wav,S003,Assets/Addressables/Sound/VOICE/Leni/S003/ko/Leni_moveInPoliceStation_2_ko.wav,0.000
Leni,Leni_moveInPoliceStation_2_ko_0.wav,S001,Assets/Addressables/Sound/VOICE/Leni/S001/ko/Leni_moveInPoliceStation_2_ko.wav,0.000
Leni,Leni_moveInPoliceStation_2_ko_1.wav,S000,Assets/Addressables/Sound/VOICE/Leni/S000/ko/Leni_moveInPoliceStation_2_ko.wav,0.000
Leni,Leni_moveInPoliceStation_3_ko.wav,S000,Assets/Addressables/Sound/VOICE/Leni/S000/ko/Leni_moveInPoliceStation_3_ko.wav,0.000
Leni,Leni_moveInPoliceStation_3_ko_0.wav,S001,Assets/Addressables/Sound/VOICE/Leni/S001/ko/Leni_moveInPoliceStation_3_ko.wav,0.000
Leni,Leni_moveInPoliceStation_3_ko_1.wav,S003,Assets/Addressables/Sound/VOICE/Leni/S003/ko/Leni_moveInPoliceStation_3_ko.wav,0.000
Leni,Leni_moveInPond_1_ko.wav,S000,Assets/Addressables/Sound/VOICE/Leni/S000/ko/Leni_moveInPond_1_ko.wav,0.000
Leni,Leni_moveInPond_1_ko_0.wav,S003,Assets/Addressables/Sound/VOICE/Leni/S003/ko/Leni_moveInPond_1_ko.wav,0.000
Leni,Leni_moveInPond_1_ko_1.wav,S001,Assets/Addressables/Sound/VOICE/Leni/S001/ko/Leni_moveInPond_1_ko.wav,0.000
Leni,Leni_moveInPond_2_ko.wav,S000,Assets/Addressables/Sound/VOICE/Leni/S000/ko/Leni_moveInPond_2_ko.wav,0.000
Leni,Leni_moveInPond_2_ko_0.wav,S001,Assets/Addressables/Sound/VOICE/Leni/S001/ko/Leni_moveInPond_2_ko.wav,0.000
Leni,Leni_moveInPond_2_ko_1.wav,S003,Assets/Addressables/Sound/VOICE/Leni/S003/ko/Leni_moveInPond_2_ko.wav,0.000
Leni,Leni_moveInPond_3_ko.wav,S001,Assets/Addressables/Sound/VOICE/Leni/S001/ko/Leni_moveInPond_3_ko.wav,0.000
Leni,Leni_moveInPond_3_ko_0.wav,S003,Assets/Addressables/Sound/VOICE/Leni/S003/ko/Leni_moveInPond_3_ko.wav,0.000
Leni,Leni_moveInPond_3_ko_1.wav,S000,Assets/Addressables/Sound/VOICE/Leni/S000/ko/Leni_moveInPond_3_ko.wav,0.000
Leni,Leni_moveInSandyBeach_1_ko.wav,S003,Assets/Addressables/Sound/VOICE/Leni/S003/ko/Leni_moveInSandyBeach_1_ko.wav,0.000
Leni,Leni_moveInSandyBeach_1_ko_0.wav,S001,Assets/Addressables/Sound/VOICE/Leni/S001/ko/Leni_moveInSandyBeach_1_ko.wav,0.000
Leni,Leni_moveInSandyBeach_1_ko_1.wav,S000,Assets/Addressables/Sound/VOICE/Leni/S000/ko/Leni_moveInSandyBeach_1_ko.wav,0.000
Leni,Leni_moveInSandyBeach_2_ko.wav,S003,Assets/Addressables/Sound/VOICE/Leni/S003/ko/Leni_moveInSandyBeach_2_ko.wav,0.000
Leni,Leni_moveInSandyBeach_2_ko_0.wav,S001,Assets/Addressables/Sound/VOICE/Leni/S001/ko/Leni_moveInSandyBeach_2_ko.wav,0.000
Leni,Leni_moveInSandyBeach_2_ko_1.wav,S000,Assets/Addressables/Sound/VOICE/Leni/S000/ko/Leni_moveInSandyBeach_2_ko.wav,0.000
Leni,Leni_moveInSandyBeach_3_ko.wav,S000,Assets/Addressables/Sound/VOICE/Leni/S000/ko/Leni_moveInSandyBeach_3_ko.wav,0.000
Leni,Leni_moveInSandyBeach_3_ko_0.wav,S003,Assets/Addressables/Sound/VOICE/Leni/S003/ko/Leni_moveInSandyBeach_3_ko.wav,0.000
Leni,Leni_moveInSandyBeach_3_ko_1.wav,S001,Assets/Addressables/Sound/VOICE/Leni/S001/ko/Leni_moveInSandyBeach_3_ko.wav,0.000
Leni,Leni_moveInSchool_1_ko.wav,S000,Assets/Addressables/Sound/VOICE/Leni/S000/ko/Leni_moveInSchool_1_ko.wav,0.000
Leni,Leni_moveInSchool_1_ko_0.wav,S001,Assets/Addressables/Sound/VOICE/Leni/S001/ko/Leni_moveInSchool_1_ko.wav,0.000
Leni,Leni_moveInSchool_1_ko_1.wav,S003,Assets/Addressables/Sound/VOICE/Leni/S003/ko/Leni_moveInSchool_1_ko.wav,0.000
Leni,Leni_moveInSchool_2_ko.wav,S000,Assets/Addressables/Sound/VOICE/Leni/S000/ko/Leni_moveInSchool_2_ko.wav,0.000
Leni,Leni_moveInSchool_2_ko_0.wav,S001,Assets/Addressables/Sound/VOICE/Leni/S001/ko/Leni_moveInSchool_2_ko.wav,0.005
Leni,Leni_moveInSchool_2_ko_1.wav,S003,Assets/Addressables/Sound/VOICE/Leni/S003/ko/Leni_moveInSchool_2_ko.wav,0.000
Leni,Leni_moveInSchool_3_ko.wav,S000,Assets/Addressables/Sound/VOICE/Leni/S000/ko/Leni_moveInSchool_3_ko.wav,0.000
Leni,Leni_moveInSchool_3_ko_0.wav,S001,Assets/Addressables/Sound/VOICE/Leni/S001/ko/Leni_moveInSchool_3_ko.wav,0.000
Leni,Leni_moveInSchool_3_ko_1.wav,S003,Assets/Addressables/Sound/VOICE/Leni/S003/ko/Leni_moveInSchool_3_ko.wav,0.000
Leni,Leni_moveInStream_1_ko.wav,S000,Assets/Addressables/Sound/VOICE/Leni/S000/ko/Leni_moveInStream_1_ko.wav,0.000
Leni,Leni_moveInStream_1_ko_0.wav,S001,Assets/Addressables/Sound/VOICE/Leni/S001/ko/Leni_moveInStream_1_ko.wav,0.000
Leni,Leni_moveInStream_1_ko_1.wav,S003,Assets/Addressables/Sound/VOICE/Leni/S003/ko/Leni_moveInStream_1_ko.wav,0.000
Leni,Leni_moveInStream_2_ko.wav,S001,Assets/Addressables/Sound/VOICE/Leni/S001/ko/Leni_moveInStream_2_ko.wav,0.000
Leni,Leni_moveInStream_2_ko_0.wav,S003,Assets/Addressables/Sound/VOICE/Leni/S003/ko/Leni_moveInStream_2_ko.wav,0.000
Leni,Leni_moveInStream_2_ko_1.wav,S000,Assets/Addressables/Sound/VOICE/Leni/S000/ko/Leni_moveInStream_2_ko.wav,0.000
Leni,Leni_moveInStream_3_ko.wav,S001,Assets/Addressables/Sound/VOICE/Leni/S001/ko/Leni_moveInStream_3_ko.wav,0.000
Leni,Leni_moveInStream_3_ko_0.wav,S003,Assets/Addressables/Sound/VOICE/Leni/S003/ko/Leni_moveInStream_3_ko.wav,0.000
Leni,Leni_moveInStream_3_ko_1.wav,S000,Assets/Addressables/Sound/VOICE/Leni/S000/ko/Leni_moveInStream_3_ko.wav,0.000
Leni,Leni_moveInTemple_1_ko.wav,S000,Assets/Addressables/Sound/VOICE/Leni/S000/ko/Leni_moveInTemple_1_ko.wav,0.000
Leni,Leni_moveInTemple_1_ko_0.wav,S003,Assets/Addressables/Sound/VOICE/Leni/S003/ko/Leni_moveInTemple_1_ko.wav,0.000
Leni,Leni_moveInTemple_1_ko_1.wav,S001,Assets/Addressables/Sound/VOICE/Leni/S001/ko/Leni_moveInTemple_1_ko.wav,0.008
Leni,Leni_moveInTemple_2_ko.wav,S003,Assets/Addressables/Sound/VOICE/Leni/S003/ko/Leni_moveInTemple_2_ko.wav,파형상관 1.0000
Leni,Leni_moveInTemple_2_ko_0.wav,S000,Assets/Addressables/Sound/VOICE/Leni/S000/ko/Leni_moveInTemple_2_ko.wav,파형상관 1.0000
Leni,Leni_moveInTemple_2_ko_1.wav,S001,Assets/Addressables/Sound/VOICE/Leni/S001/ko/Leni_moveInTemple_2_ko.wav,파형상관 1.0000
Leni,Leni_moveInTemple_3_ko.wav,S001,Assets/Addressables/Sound/VOICE/Leni/S001/ko/Leni_moveInTemple_3_ko.wav,0.000
Leni,Leni_moveInTemple_3_ko_0.wav,S003,Assets/Addressables/Sound/VOICE/Leni/S003/ko/Leni_moveInTemple_3_ko.wav,0.000
Leni,Leni_moveInTemple_3_ko_1.wav,S000,Assets/Addressables/Sound/VOICE/Leni/S000/ko/Leni_moveInTemple_3_ko.wav,0.000
Leni,Leni_moveInUptown_1_ko.wav,S001,Assets/Addressables/Sound/VOICE/Leni/S001/ko/Leni_moveInUptown_1_ko.wav,0.000
Leni,Leni_moveInUptown_1_ko_0.wav,S003,Assets/Addressables/Sound/VOICE/Leni/S003/ko/Leni_moveInUptown_1_ko.wav,0.000
Leni,Leni_moveInUptown_1_ko_1.wav,S000,Assets/Addressables/Sound/VOICE/Leni/S000/ko/Leni_moveInUptown_1_ko.wav,0.000
Leni,Leni_moveInUptown_2_ko.wav,S003,Assets/Addressables/Sound/VOICE/Leni/S003/ko/Leni_moveInUptown_2_ko.wav,0.000
Leni,Leni_moveInUptown_2_ko_0.wav,S000,Assets/Addressables/Sound/VOICE/Leni/S000/ko/Leni_moveInUptown_2_ko.wav,0.010
Leni,Leni_moveInUptown_2_ko_1.wav,S001,Assets/Addressables/Sound/VOICE/Leni/S001/ko/Leni_moveInUptown_2_ko.wav,0.000
Leni,Leni_moveInUptown_3_ko.wav,S001,Assets/Addressables/Sound/VOICE/Leni/S001/ko/Leni_moveInUptown_3_ko.wav,파형상관 1.0000
Leni,Leni_moveInUptown_3_ko_0.wav,S003,Assets/Addressables/Sound/VOICE/Leni/S003/ko/Leni_moveInUptown_3_ko.wav,파형상관 1.0000
Leni,Leni_moveInUptown_3_ko_1.wav,S000,Assets/Addressables/Sound/VOICE/Leni/S000/ko/Leni_moveInUptown_3_ko.wav,파형상관 1.0000
Leni,Leni_moveInWarehouse_1_ko.wav,S001,Assets/Addressables/Sound/VOICE/Leni/S001/ko/Leni_moveInWarehouse_1_ko.wav,0.000
Leni,Leni_moveInWarehouse_1_ko_0.wav,S000,Assets/Addressables/Sound/VOICE/Leni/S000/ko/Leni_moveInWarehouse_1_ko.wav,0.000
Leni,Leni_moveInWarehouse_1_ko_1.wav,S003,Assets/Addressables/Sound/VOICE/Leni/S003/ko/Leni_moveInWarehouse_1_ko.wav,0.000
Leni,Leni_moveInWarehouse_2_ko.wav,S000,Assets/Addressables/Sound/VOICE/Leni/S000/ko/Leni_moveInWarehouse_2_ko.wav,0.000
Leni,Leni_moveInWarehouse_2_ko_0.wav,S001,Assets/Addressables/Sound/VOICE/Leni/S001/ko/Leni_moveInWarehouse_2_ko.wav,0.000
Leni,Leni_moveInWarehouse_2_ko_1.wav,S003,Assets/Addressables/Sound/VOICE/Leni/S003/ko/Leni_moveInWarehouse_2_ko.wav,0.000
Leni,Leni_moveInWarehouse_3_ko.wav,S001,Assets/Addressables/Sound/VOICE/Leni/S001/ko/Leni_moveInWarehouse_3_ko.wav,0.000
Leni,Leni_moveInWarehouse_3_ko_0.wav,S003,Assets/Addressables/Sound/VOICE/Leni/S003/ko/Leni_moveInWarehouse_3_ko.wav,0.010
Leni,Leni_moveInWarehouse_3_ko_1.wav,S000,Assets/Addressables/Sound/VOICE/Leni/S000/ko/Leni_moveInWarehouse_3_ko.wav,0.000
Leni,Leni_moveRestrictedArea_1_ko.wav,S000,Assets/Addressables/Sound/VOICE/Leni/S000/ko/Leni_moveRestrictedArea_1_ko.wav,0.000
Leni,Leni_moveRestrictedArea_1_ko_0.wav,S001,Assets/Addressables/Sound/VOICE/Leni/S001/ko/Leni_moveRestrictedArea_1_ko.wav,0.000
Leni,Leni_moveRestrictedArea_1_ko_1.wav,S003,Assets/Addressables/Sound/VOICE/Leni/S003/ko/Leni_moveRestrictedArea_1_ko.wav,0.000
Leni,Leni_moveRestrictedArea_2_ko.wav,S000,Assets/Addressables/Sound/VOICE/Leni/S000/ko/Leni_moveRestrictedArea_2_ko.wav,0.000
Leni,Leni_moveRestrictedArea_2_ko_0.wav,S003,Assets/Addressables/Sound/VOICE/Leni/S003/ko/Leni_moveRestrictedArea_2_ko.wav,0.000
Leni,Leni_moveRestrictedArea_2_ko_1.wav,S001,Assets/Addressables/Sound/VOICE/Leni/S001/ko/Leni_moveRestrictedArea_2_ko.wav,0.008
Leni,Leni_moveRestrictedArea_3_ko.wav,S003,Assets/Addressables/Sound/VOICE/Leni/S003/ko/Leni_moveRestrictedArea_3_ko.wav,0.000
Leni,Leni_moveRestrictedArea_3_ko_0.wav,S001,Assets/Addressables/Sound/VOICE/Leni/S001/ko/Leni_moveRestrictedArea_3_ko.wav,0.005
Leni,Leni_moveRestrictedArea_3_ko_1.wav,S000,Assets/Addressables/Sound/VOICE/Leni/S000/ko/Leni_moveRestrictedArea_3_ko.wav,0.000
Leni,Leni_moveinBargeship_1_ko.wav,S003,Assets/Addressables/Sound/VOICE/Leni/S003/ko/Leni_moveinBargeship_1_ko.wav,0.000
Leni,Leni_moveinBargeship_1_ko_0.wav,S001,Assets/Addressables/Sound/VOICE/Leni/S001/ko/Leni_moveinBargeship_1_ko.wav,0.000
Leni,Leni_moveinBargeship_1_ko_1.wav,S000,Assets/Addressables/Sound/VOICE/Leni/S000/ko/Leni_moveinBargeship_1_ko.wav,0.000
Leni,Leni_moveinBargeship_2_ko.wav,S000,Assets/Addressables/Sound/VOICE/Leni/S000/ko/Leni_moveinBargeship_2_ko.wav,0.000
Leni,Leni_moveinBargeship_2_ko_0.wav,S001,Assets/Addressables/Sound/VOICE/Leni/S001/ko/Leni_moveinBargeship_2_ko.wav,0.000
Leni,Leni_moveinBargeship_2_ko_1.wav,S003,Assets/Addressables/Sound/VOICE/Leni/S003/ko/Leni_moveinBargeship_2_ko.wav,0.004
Leni,Leni_moveinBargeship_3_ko.wav,S003,Assets/Addressables/Sound/VOICE/Leni/S003/ko/Leni_moveinBargeship_3_ko.wav,0.000
Leni,Leni_moveinBargeship_3_ko_0.wav,S001,Assets/Addressables/Sound/VOICE/Leni/S001/ko/Leni_moveinBargeship_3_ko.wav,0.000
Leni,Leni_moveinBargeship_3_ko_1.wav,S000,Assets/Addressables/Sound/VOICE/Leni/S000/ko/Leni_moveinBargeship_3_ko.wav,0.000
Leni,Leni_requestItem_1_ko.wav,S000,Assets/Addressables/Sound/VOICE/Leni/S000/ko/Leni_requestItem_1_ko.wav,파형상관 1.0000
Leni,Leni_requestItem_1_ko_0.wav,S003,Assets/Addressables/Sound/VOICE/Leni/S003/ko/Leni_requestItem_1_ko.wav,파형상관 1.0000
Leni,Leni_requestItem_1_ko_1.wav,S001,Assets/Addressables/Sound/VOICE/Leni/S001/ko/Leni_requestItem_1_ko.wav,파형상관 1.0000
Leni,Leni_rest_1_ko.wav,S000,Assets/Addressables/Sound/VOICE/Leni/S000/ko/Leni_rest_1_ko.wav,0.000
Leni,Leni_rest_1_ko_0.wav,S001,Assets/Addressables/Sound/VOICE/Leni/S001/ko/Leni_rest_1_ko.wav,0.000
Leni,Leni_rest_1_ko_1.wav,S003,Assets/Addressables/Sound/VOICE/Leni/S003/ko/Leni_rest_1_ko.wav,0.000
Leni,Leni_resurrection_1_ko.wav,S003,Assets/Addressables/Sound/VOICE/Leni/S003/ko/Leni_resurrection_1_ko.wav,0.000
Leni,Leni_resurrection_1_ko_0.wav,S000,Assets/Addressables/Sound/VOICE/Leni/S000/ko/Leni_resurrection_1_ko.wav,0.000
Leni,Leni_resurrection_1_ko_1.wav,S001,Assets/Addressables/Sound/VOICE/Leni/S001/ko/Leni_resurrection_1_ko.wav,0.000
Leni,Leni_resurrection_2_ko.wav,S000,Assets/Addressables/Sound/VOICE/Leni/S000/ko/Leni_resurrection_2_ko.wav,0.000
Leni,Leni_resurrection_2_ko_0.wav,S001,Assets/Addressables/Sound/VOICE/Leni/S001/ko/Leni_resurrection_2_ko.wav,0.000
Leni,Leni_resurrection_2_ko_1.wav,S003,Assets/Addressables/Sound/VOICE/Leni/S003/ko/Leni_resurrection_2_ko.wav,0.000
Leni,Leni_resurrection_3_ko.wav,S000,Assets/Addressables/Sound/VOICE/Leni/S000/ko/Leni_resurrection_3_ko.wav,0.000
Leni,Leni_resurrection_3_ko_0.wav,S001,Assets/Addressables/Sound/VOICE/Leni/S001/ko/Leni_resurrection_3_ko.wav,0.000
Leni,Leni_resurrection_3_ko_1.wav,S003,Assets/Addressables/Sound/VOICE/Leni/S003/ko/Leni_resurrection_3_ko.wav,0.000
Leni,Leni_revive_1_ko.wav,S001,Assets/Addressables/Sound/VOICE/Leni/S001/ko/Leni_revive_1_ko.wav,0.000
Leni,Leni_revive_1_ko_0.wav,S003,Assets/Addressables/Sound/VOICE/Leni/S003/ko/Leni_revive_1_ko.wav,0.000
Leni,Leni_revive_1_ko_1.wav,S000,Assets/Addressables/Sound/VOICE/Leni/S000/ko/Leni_revive_1_ko.wav,0.000
Leni,Leni_revive_2_ko.wav,S001,Assets/Addressables/Sound/VOICE/Leni/S001/ko/Leni_revive_2_ko.wav,파형상관 1.0000
Leni,Leni_revive_2_ko_0.wav,S000,Assets/Addressables/Sound/VOICE/Leni/S000/ko/Leni_revive_2_ko.wav,파형상관 1.0000
Leni,Leni_revive_2_ko_1.wav,S003,Assets/Addressables/Sound/VOICE/Leni/S003/ko/Leni_revive_2_ko.wav,파형상관 1.0000
Leni,Leni_revive_3_ko.wav,S001,Assets/Addressables/Sound/VOICE/Leni/S001/ko/Leni_revive_3_ko.wav,0.000
Leni,Leni_revive_3_ko_0.wav,S003,Assets/Addressables/Sound/VOICE/Leni/S003/ko/Leni_revive_3_ko.wav,0.000
Leni,Leni_revive_3_ko_1.wav,S000,Assets/Addressables/Sound/VOICE/Leni/S000/ko/Leni_revive_3_ko.wav,0.000
Leni,Leni_save_1_ko.wav,S000,Assets/Addressables/Sound/VOICE/Leni/S000/ko/Leni_save_1_ko.wav,0.000
Leni,Leni_save_1_ko_0.wav,S001,Assets/Addressables/Sound/VOICE/Leni/S001/ko/Leni_save_1_ko.wav,0.000
Leni,Leni_save_1_ko_1.wav,S003,Assets/Addressables/Sound/VOICE/Leni/S003/ko/Leni_save_1_ko.wav,0.000
Leni,Leni_save_2_ko.wav,S000,Assets/Addressables/Sound/VOICE/Leni/S000/ko/Leni_save_2_ko.wav,파형상관 1.0000
Leni,Leni_save_2_ko_0.wav,S001,Assets/Addressables/Sound/VOICE/Leni/S001/ko/Leni_save_2_ko.wav,파형상관 1.0000
Leni,Leni_save_2_ko_1.wav,S003,Assets/Addressables/Sound/VOICE/Leni/S003/ko/Leni_save_2_ko.wav,파형상관 1.0000
Leni,Leni_selected_1_ko.wav,S000,Assets/Addressables/Sound/VOICE/Leni/S000/ko/Leni_selected_1_ko.wav,0.006
Leni,Leni_selected_1_ko_0.wav,S001,Assets/Addressables/Sound/VOICE/Leni/S001/ko/Leni_selected_1_ko.wav,0.003
Leni,Leni_selected_1_ko_1.wav,S003,Assets/Addressables/Sound/VOICE/Leni/S003/ko/Leni_selected_1_ko.wav,0.000
Leni,Leni_setting1_1_ko.wav,S001,Assets/Addressables/Sound/VOICE/Leni/S001/ko/Leni_setting1_1_ko.wav,0.000
Leni,Leni_setting1_1_ko_0.wav,S000,Assets/Addressables/Sound/VOICE/Leni/S000/ko/Leni_setting1_1_ko.wav,0.000
Leni,Leni_setting1_1_ko_1.wav,S003,Assets/Addressables/Sound/VOICE/Leni/S003/ko/Leni_setting1_1_ko.wav,0.000
Leni,Leni_setting1_2_ko.wav,S000,Assets/Addressables/Sound/VOICE/Leni/S000/ko/Leni_setting1_2_ko.wav,0.000
Leni,Leni_setting1_2_ko_0.wav,S001,Assets/Addressables/Sound/VOICE/Leni/S001/ko/Leni_setting1_2_ko.wav,0.000
Leni,Leni_setting1_2_ko_1.wav,S003,Assets/Addressables/Sound/VOICE/Leni/S003/ko/Leni_setting1_2_ko.wav,0.010
Leni,Leni_setting2_1_ko.wav,S000,Assets/Addressables/Sound/VOICE/Leni/S000/ko/Leni_setting2_1_ko.wav,0.000
Leni,Leni_setting2_1_ko_0.wav,S003,Assets/Addressables/Sound/VOICE/Leni/S003/ko/Leni_setting2_1_ko.wav,0.000
Leni,Leni_setting2_1_ko_1.wav,S001,Assets/Addressables/Sound/VOICE/Leni/S001/ko/Leni_setting2_1_ko.wav,0.000
Leni,Leni_setting2_2_ko.wav,S003,Assets/Addressables/Sound/VOICE/Leni/S003/ko/Leni_setting2_2_ko.wav,0.000
Leni,Leni_setting3_1_ko.wav,S003,Assets/Addressables/Sound/VOICE/Leni/S003/ko/Leni_setting3_1_ko.wav,0.000
Leni,Leni_setting3_1_ko_0.wav,S000,Assets/Addressables/Sound/VOICE/Leni/S000/ko/Leni_setting3_1_ko.wav,0.007
Leni,Leni_setting3_1_ko_1.wav,S001,Assets/Addressables/Sound/VOICE/Leni/S001/ko/Leni_setting3_1_ko.wav,0.000
Leni,Leni_setting3_2_ko.wav,S003,Assets/Addressables/Sound/VOICE/Leni/S003/ko/Leni_setting3_2_ko.wav,0.000
Leni,Leni_setting4_1_ko.wav,S000,Assets/Addressables/Sound/VOICE/Leni/S000/ko/Leni_setting4_1_ko.wav,0.000
Leni,Leni_setting4_1_ko_0.wav,S003,Assets/Addressables/Sound/VOICE/Leni/S003/ko/Leni_setting4_1_ko.wav,0.000
Leni,Leni_setting4_1_ko_1.wav,S001,Assets/Addressables/Sound/VOICE/Leni/S001/ko/Leni_setting4_1_ko.wav,0.000
Leni,Leni_setting4_2_ko.wav,S003,Assets/Addressables/Sound/VOICE/Leni/S003/ko/Leni_setting4_2_ko.wav,0.000
Leni,Leni_setting4_2_ko_0.wav,S001,Assets/Addressables/Sound/VOICE/Leni/S001/ko/Leni_setting4_2_ko.wav,0.000
Leni,Leni_setting4_2_ko_1.wav,S000,Assets/Addressables/Sound/VOICE/Leni/S000/ko/Leni_setting4_2_ko.wav,0.000
Leni,Leni_setting5_1_ko.wav,S003,Assets/Addressables/Sound/VOICE/Leni/S003/ko/Leni_setting5_1_ko.wav,0.010
Leni,Leni_setting5_1_ko_0.wav,S001,Assets/Addressables/Sound/VOICE/Leni/S001/ko/Leni_setting5_1_ko.wav,0.001
Leni,Leni_setting5_1_ko_1.wav,S000,Assets/Addressables/Sound/VOICE/Leni/S000/ko/Leni_setting5_1_ko.wav,0.000
Leni,Leni_setting5_2_ko.wav,S003,Assets/Addressables/Sound/VOICE/Leni/S003/ko/Leni_setting5_2_ko.wav,0.000
Leni,Leni_setting5_2_ko_0.wav,S001,Assets/Addressables/Sound/VOICE/Leni/S001/ko/Leni_setting5_2_ko.wav,0.000
Leni,Leni_setting5_2_ko_1.wav,S000,Assets/Addressables/Sound/VOICE/Leni/S000/ko/Leni_setting5_2_ko.wav,0.000
Leni,Leni_setting5_3_ko.wav,S000,Assets/Addressables/Sound/VOICE/Leni/S000/ko/Leni_setting5_3_ko.wav,0.000
Leni,Leni_setting5_3_ko_0.wav,S001,Assets/Addressables/Sound/VOICE/Leni/S001/ko/Leni_setting5_3_ko.wav,0.000
Leni,Leni_setting5_4_ko.wav,S000,Assets/Addressables/Sound/VOICE/Leni/S000/ko/Leni_setting5_4_ko.wav,0.000
Leni,Leni_setting5_4_ko_0.wav,S001,Assets/Addressables/Sound/VOICE/Leni/S001/ko/Leni_setting5_4_ko.wav,0.000
Leni,Leni_setting6_1_ko.wav,S000,Assets/Addressables/Sound/VOICE/Leni/S000/ko/Leni_setting6_1_ko.wav,0.000
Leni,Leni_setting6_1_ko_0.wav,S001,Assets/Addressables/Sound/VOICE/Leni/S001/ko/Leni_setting6_1_ko.wav,0.000
Leni,Leni_setting6_1_ko_1.wav,S003,Assets/Addressables/Sound/VOICE/Leni/S003/ko/Leni_setting6_1_ko.wav,0.000
Leni,Leni_setting6_2_ko.wav,S000,Assets/Addressables/Sound/VOICE/Leni/S000/ko/Leni_setting6_2_ko.wav,0.000
Leni,Leni_setting6_2_ko_0.wav,S003,Assets/Addressables/Sound/VOICE/Leni/S003/ko/Leni_setting6_2_ko.wav,0.000
Leni,Leni_setting6_2_ko_1.wav,S001,Assets/Addressables/Sound/VOICE/Leni/S001/ko/Leni_setting6_2_ko.wav,0.000
Leni,Leni_setting6_3_ko.wav,S001,Assets/Addressables/Sound/VOICE/Leni/S001/ko/Leni_setting6_3_ko.wav,0.000
Leni,Leni_setting6_3_ko_0.wav,S003,Assets/Addressables/Sound/VOICE/Leni/S003/ko/Leni_setting6_3_ko.wav,0.000
Leni,Leni_setting6_3_ko_1.wav,S000,Assets/Addressables/Sound/VOICE/Leni/S000/ko/Leni_setting6_3_ko.wav,0.000
Leni,Leni_setting6_4_ko.wav,S003,Assets/Addressables/Sound/VOICE/Leni/S003/ko/Leni_setting6_4_ko.wav,0.009
Leni,Leni_setting6_4_ko_0.wav,S001,Assets/Addressables/Sound/VOICE/Leni/S001/ko/Leni_setting6_4_ko.wav,0.000
Leni,Leni_setting6_4_ko_1.wav,S000,Assets/Addressables/Sound/VOICE/Leni/S000/ko/Leni_setting6_4_ko.wav,0.000
Leni,Leni_targetOn_1_ko.wav,S000,Assets/Addressables/Sound/VOICE/Leni/S000/ko/Leni_targetOn_1_ko.wav,0.000
Leni,Leni_targetOn_1_ko_0.wav,S003,Assets/Addressables/Sound/VOICE/Leni/S003/ko/Leni_targetOn_1_ko.wav,0.000
Leni,Leni_targetOn_1_ko_1.wav,S001,Assets/Addressables/Sound/VOICE/Leni/S001/ko/Leni_targetOn_1_ko.wav,0.000
Leni,Leni_targetOn_2_ko.wav,S001,Assets/Addressables/Sound/VOICE/Leni/S001/ko/Leni_targetOn_2_ko.wav,0.002
Leni,Leni_targetOn_2_ko_0.wav,S003,Assets/Addressables/Sound/VOICE/Leni/S003/ko/Leni_targetOn_2_ko.wav,0.000
Leni,Leni_targetOn_2_ko_1.wav,S000,Assets/Addressables/Sound/VOICE/Leni/S000/ko/Leni_targetOn_2_ko.wav,0.000
Leni,Leni_terminateActivate_1_ko.wav,S003,Assets/Addressables/Sound/VOICE/Leni/S003/ko/Leni_terminateActivate_1_ko.wav,0.000
Leni,Leni_terminateActivate_1_ko_0.wav,S000,Assets/Addressables/Sound/VOICE/Leni/S000/ko/Leni_terminateActivate_1_ko.wav,0.000
Leni,Leni_terminateActivate_1_ko_1.wav,S001,Assets/Addressables/Sound/VOICE/Leni/S001/ko/Leni_terminateActivate_1_ko.wav,0.000
Leni,Leni_trap_1_ko.wav,S003,Assets/Addressables/Sound/VOICE/Leni/S003/ko/Leni_trap_1_ko.wav,0.000
Leni,Leni_trap_1_ko_0.wav,S001,Assets/Addressables/Sound/VOICE/Leni/S001/ko/Leni_trap_1_ko.wav,0.000
Leni,Leni_trap_1_ko_1.wav,S000,Assets/Addressables/Sound/VOICE/Leni/S000/ko/Leni_trap_1_ko.wav,0.000
Leni,Leni_trap_2_ko.wav,S000,Assets/Addressables/Sound/VOICE/Leni/S000/ko/Leni_trap_2_ko.wav,0.000
Leni,Leni_trap_2_ko_0.wav,S001,Assets/Addressables/Sound/VOICE/Leni/S001/ko/Leni_trap_2_ko.wav,0.000
Leni,Leni_trap_2_ko_1.wav,S003,Assets/Addressables/Sound/VOICE/Leni/S003/ko/Leni_trap_2_ko.wav,0.000
Leni,Leni_victory_1_ko.wav,S003,Assets/Addressables/Sound/VOICE/Leni/S003/ko/Leni_victory_1_ko.wav,0.000
Leni,Leni_victory_1_ko_0.wav,S000,Assets/Addressables/Sound/VOICE/Leni/S000/ko/Leni_victory_1_ko.wav,0.000
Leni,Leni_victory_1_ko_1.wav,S001,Assets/Addressables/Sound/VOICE/Leni/S001/ko/Leni_victory_1_ko.wav,0.000
Leni,Leni_victory_2_ko.wav,S000,Assets/Addressables/Sound/VOICE/Leni/S000/ko/Leni_victory_2_ko.wav,0.000
Leni,Leni_victory_2_ko_0.wav,S003,Assets/Addressables/Sound/VOICE/Leni/S003/ko/Leni_victory_2_ko.wav,0.000
Leni,Leni_victory_2_ko_1.wav,S001,Assets/Addressables/Sound/VOICE/Leni/S001/ko/Leni_victory_2_ko.wav,0.000
Magnus,Magnus_PlaySkill1004100_1_ko.wav,S000,Assets/Addressables/Sound/VOICE/Magnus/S000/ko/Magnus_PlaySkill1004100_1_ko.wav,0.000
Magnus,Magnus_PlaySkill1004100_2_ko.wav,S000,Assets/Addressables/Sound/VOICE/Magnus/S000/ko/Magnus_PlaySkill1004100_2_ko.wav,0.000
Magnus,Magnus_PlaySkill1004100_3_ko.wav,S000,Assets/Addressables/Sound/VOICE/Magnus/S000/ko/Magnus_PlaySkill1004100_3_ko.wav,0.000
Magnus,Magnus_PlaySkill1004200seq0_1_ko.wav,S005,Assets/Addressables/Sound/VOICE/Magnus/S005/ko/Magnus_PlaySkill1004200seq0_1_ko.wav,0.000
Magnus,Magnus_PlaySkill1004200seq0_1_ko_0.wav,S000,Assets/Addressables/Sound/VOICE/Magnus/S000/ko/Magnus_PlaySkill1004200seq0_1_ko.wav,0.000
Magnus,Magnus_PlaySkill1004200seq0_2_ko.wav,S005,Assets/Addressables/Sound/VOICE/Magnus/S005/ko/Magnus_PlaySkill1004200seq0_2_ko.wav,0.000
Magnus,Magnus_PlaySkill1004200seq0_2_ko_0.wav,S000,Assets/Addressables/Sound/VOICE/Magnus/S000/ko/Magnus_PlaySkill1004200seq0_2_ko.wav,0.010
Magnus,Magnus_PlaySkill1004200seq0_3_ko.wav,S000,Assets/Addressables/Sound/VOICE/Magnus/S000/ko/Magnus_PlaySkill1004200seq0_3_ko.wav,0.000
Magnus,Magnus_PlaySkill1004200seq0_3_ko_0.wav,S005,Assets/Addressables/Sound/VOICE/Magnus/S005/ko/Magnus_PlaySkill1004200seq0_3_ko.wav,0.010
Magnus,Magnus_PlaySkill1004200seq0_4_ko.wav,S005,Assets/Addressables/Sound/VOICE/Magnus/S005/ko/Magnus_PlaySkill1004200seq0_4_ko.wav,0.000
Magnus,Magnus_PlaySkill1004300seq0_1_ko.wav,S005,Assets/Addressables/Sound/VOICE/Magnus/S005/ko/Magnus_PlaySkill1004300seq0_1_ko.wav,0.000
Magnus,Magnus_PlaySkill1004300seq0_1_ko_0.wav,S000,Assets/Addressables/Sound/VOICE/Magnus/S000/ko/Magnus_PlaySkill1004300seq0_1_ko.wav,0.005
Magnus,Magnus_PlaySkill1004300seq0_2_ko.wav,S005,Assets/Addressables/Sound/VOICE/Magnus/S005/ko/Magnus_PlaySkill1004300seq0_2_ko.wav,0.000
Magnus,Magnus_PlaySkill1004300seq0_2_ko_0.wav,S000,Assets/Addressables/Sound/VOICE/Magnus/S000/ko/Magnus_PlaySkill1004300seq0_2_ko.wav,0.000
Magnus,Magnus_PlaySkill1004300seq0_3_ko.wav,S005,Assets/Addressables/Sound/VOICE/Magnus/S005/ko/Magnus_PlaySkill1004300seq0_3_ko.wav,0.000
Magnus,Magnus_PlaySkill1004300seq0_3_ko_0.wav,S000,Assets/Addressables/Sound/VOICE/Magnus/S000/ko/Magnus_PlaySkill1004300seq0_3_ko.wav,0.000
Magnus,Magnus_PlaySkill1004400seq0_1_ko.wav,S005,Assets/Addressables/Sound/VOICE/Magnus/S005/ko/Magnus_PlaySkill1004400seq0_1_ko.wav,0.000
Magnus,Magnus_PlaySkill1004400seq0_1_ko_0.wav,S000,Assets/Addressables/Sound/VOICE/Magnus/S000/ko/Magnus_PlaySkill1004400seq0_1_ko.wav,0.004
Magnus,Magnus_PlaySkill1004400seq0_2_ko.wav,S005,Assets/Addressables/Sound/VOICE/Magnus/S005/ko/Magnus_PlaySkill1004400seq0_2_ko.wav,0.001
Magnus,Magnus_PlaySkill1004400seq0_2_ko_0.wav,S000,Assets/Addressables/Sound/VOICE/Magnus/S000/ko/Magnus_PlaySkill1004400seq0_2_ko.wav,0.000
Magnus,Magnus_PlaySkill1004400seq0_3_ko.wav,S005,Assets/Addressables/Sound/VOICE/Magnus/S005/ko/Magnus_PlaySkill1004400seq0_3_ko.wav,0.000
Magnus,Magnus_PlaySkill1004400seq0_3_ko_0.wav,S000,Assets/Addressables/Sound/VOICE/Magnus/S000/ko/Magnus_PlaySkill1004400seq0_3_ko.wav,0.000
Magnus,Magnus_PlaySkill1004400seq0_4_ko.wav,S005,Assets/Addressables/Sound/VOICE/Magnus/S005/ko/Magnus_PlaySkill1004400seq0_4_ko.wav,0.000
Magnus,Magnus_PlaySkill1004500seq0_1_ko.wav,S000,Assets/Addressables/Sound/VOICE/Magnus/S000/ko/Magnus_PlaySkill1004500seq0_1_ko.wav,0.000
Magnus,Magnus_PlaySkill1004500seq0_1_ko_0.wav,S005,Assets/Addressables/Sound/VOICE/Magnus/S005/ko/Magnus_PlaySkill1004500seq0_1_ko.wav,0.000
Magnus,Magnus_PlaySkill1004500seq0_2_ko.wav,S005,Assets/Addressables/Sound/VOICE/Magnus/S005/ko/Magnus_PlaySkill1004500seq0_2_ko.wav,0.000
Magnus,Magnus_PlaySkill1004500seq0_2_ko_0.wav,S000,Assets/Addressables/Sound/VOICE/Magnus/S000/ko/Magnus_PlaySkill1004500seq0_2_ko.wav,0.000
Magnus,Magnus_PlaySkill1004500seq0_3_ko.wav,S005,Assets/Addressables/Sound/VOICE/Magnus/S005/ko/Magnus_PlaySkill1004500seq0_3_ko.wav,0.000
Magnus,Magnus_PlaySkill1004500seq0_3_ko_0.wav,S000,Assets/Addressables/Sound/VOICE/Magnus/S000/ko/Magnus_PlaySkill1004500seq0_3_ko.wav,0.000
Magnus,Magnus_VictoryCutscene_ko.wav,S000,Assets/Addressables/Sound/VOICE/Magnus/S000/ko/Magnus_VictoryCutscene_ko.wav,0.000
Magnus,Magnus_VictoryCutscene_ko_0.wav,S005,Assets/Addressables/Sound/VOICE/Magnus/S005/ko/Magnus_VictoryCutscene_ko.wav,0.000
Magnus,Magnus_airSupply_1_ko.wav,S005,Assets/Addressables/Sound/VOICE/Magnus/S005/ko/Magnus_airSupply_1_ko.wav,0.000
Magnus,Magnus_airSupply_1_ko_0.wav,S000,Assets/Addressables/Sound/VOICE/Magnus/S000/ko/Magnus_airSupply_1_ko.wav,0.000
Magnus,Magnus_airSupply_2_ko.wav,S000,Assets/Addressables/Sound/VOICE/Magnus/S000/ko/Magnus_airSupply_2_ko.wav,0.000
Magnus,Magnus_airSupply_2_ko_0.wav,S005,Assets/Addressables/Sound/VOICE/Magnus/S005/ko/Magnus_airSupply_2_ko.wav,0.000
Magnus,Magnus_airSupply_3_ko.wav,S000,Assets/Addressables/Sound/VOICE/Magnus/S000/ko/Magnus_airSupply_3_ko.wav,0.000
Magnus,Magnus_airSupply_3_ko_0.wav,S005,Assets/Addressables/Sound/VOICE/Magnus/S005/ko/Magnus_airSupply_3_ko.wav,0.000
Magnus,Magnus_box_1_ko.wav,S005,Assets/Addressables/Sound/VOICE/Magnus/S005/ko/Magnus_box_1_ko.wav,0.000
Magnus,Magnus_box_1_ko_0.wav,S000,Assets/Addressables/Sound/VOICE/Magnus/S000/ko/Magnus_box_1_ko.wav,0.000
Magnus,Magnus_box_2_ko.wav,S005,Assets/Addressables/Sound/VOICE/Magnus/S005/ko/Magnus_box_2_ko.wav,0.000
Magnus,Magnus_box_2_ko_0.wav,S000,Assets/Addressables/Sound/VOICE/Magnus/S000/ko/Magnus_box_2_ko.wav,0.000
Magnus,Magnus_box_3_ko.wav,S000,Assets/Addressables/Sound/VOICE/Magnus/S000/ko/Magnus_box_3_ko.wav,0.000
Magnus,Magnus_box_3_ko_0.wav,S005,Assets/Addressables/Sound/VOICE/Magnus/S005/ko/Magnus_box_3_ko.wav,0.000
Magnus,Magnus_box_4_ko.wav,S005,Assets/Addressables/Sound/VOICE/Magnus/S005/ko/Magnus_box_4_ko.wav,0.000
Magnus,Magnus_callRemoteDrone_1_ko.wav,S000,Assets/Addressables/Sound/VOICE/Magnus/S000/ko/Magnus_callRemoteDrone_1_ko.wav,0.000
Magnus,Magnus_callRemoteDrone_1_ko_0.wav,S005,Assets/Addressables/Sound/VOICE/Magnus/S005/ko/Magnus_callRemoteDrone_1_ko.wav,0.000
Magnus,Magnus_callRemoteDrone_2_ko.wav,S005,Assets/Addressables/Sound/VOICE/Magnus/S005/ko/Magnus_callRemoteDrone_2_ko.wav,0.000
Magnus,Magnus_callRemoteDrone_2_ko_0.wav,S000,Assets/Addressables/Sound/VOICE/Magnus/S000/ko/Magnus_callRemoteDrone_2_ko.wav,0.000
Magnus,Magnus_cctv_1_ko.wav,S000,Assets/Addressables/Sound/VOICE/Magnus/S000/ko/Magnus_cctv_1_ko.wav,0.000
Magnus,Magnus_cctv_1_ko_0.wav,S005,Assets/Addressables/Sound/VOICE/Magnus/S005/ko/Magnus_cctv_1_ko.wav,0.000
Magnus,Magnus_cctv_2_ko.wav,S005,Assets/Addressables/Sound/VOICE/Magnus/S005/ko/Magnus_cctv_2_ko.wav,0.000
Magnus,Magnus_cctv_2_ko_0.wav,S000,Assets/Addressables/Sound/VOICE/Magnus/S000/ko/Magnus_cctv_2_ko.wav,0.000
Magnus,Magnus_clutchActivate_1_ko.wav,S000,Assets/Addressables/Sound/VOICE/Magnus/S000/ko/Magnus_clutchActivate_1_ko.wav,0.000
Magnus,Magnus_clutchActivate_1_ko_0.wav,S005,Assets/Addressables/Sound/VOICE/Magnus/S005/ko/Magnus_clutchActivate_1_ko.wav,0.000
Magnus,Magnus_cobaltOccupation_1_ko.wav,S000,Assets/Addressables/Sound/VOICE/Magnus/S000/ko/Magnus_cobaltOccupation_1_ko.wav,0.000
Magnus,Magnus_cobaltOccupation_1_ko_0.wav,S005,Assets/Addressables/Sound/VOICE/Magnus/S005/ko/Magnus_cobaltOccupation_1_ko.wav,0.000
Magnus,Magnus_collectbrunch_1_ko.wav,S005,Assets/Addressables/Sound/VOICE/Magnus/S005/ko/Magnus_collectbrunch_1_ko.wav,0.000
Magnus,Magnus_collectbrunch_1_ko_0.wav,S000,Assets/Addressables/Sound/VOICE/Magnus/S000/ko/Magnus_collectbrunch_1_ko.wav,0.000
Magnus,Magnus_collectfishRiver_1_ko.wav,S000,Assets/Addressables/Sound/VOICE/Magnus/S000/ko/Magnus_collectfishRiver_1_ko.wav,0.010
Magnus,Magnus_collectfishRiver_1_ko_0.wav,S005,Assets/Addressables/Sound/VOICE/Magnus/S005/ko/Magnus_collectfishRiver_1_ko.wav,0.010
Magnus,Magnus_collectfishSea_1_ko.wav,S000,Assets/Addressables/Sound/VOICE/Magnus/S000/ko/Magnus_collectfishSea_1_ko.wav,0.000
Magnus,Magnus_collectfishSea_1_ko_0.wav,S005,Assets/Addressables/Sound/VOICE/Magnus/S005/ko/Magnus_collectfishSea_1_ko.wav,0.000
Magnus,Magnus_collectflower_1_ko.wav,S005,Assets/Addressables/Sound/VOICE/Magnus/S005/ko/Magnus_collectflower_1_ko.wav,0.000
Magnus,Magnus_collectflower_1_ko_0.wav,S000,Assets/Addressables/Sound/VOICE/Magnus/S000/ko/Magnus_collectflower_1_ko.wav,0.000
Magnus,Magnus_collectmushroom_1_ko.wav,S000,Assets/Addressables/Sound/VOICE/Magnus/S000/ko/Magnus_collectmushroom_1_ko.wav,0.000
Magnus,Magnus_collectmushroom_1_ko_0.wav,S005,Assets/Addressables/Sound/VOICE/Magnus/S005/ko/Magnus_collectmushroom_1_ko.wav,0.000
Magnus,Magnus_collectpotato_1_ko.wav,S005,Assets/Addressables/Sound/VOICE/Magnus/S005/ko/Magnus_collectpotato_1_ko.wav,0.000
Magnus,Magnus_collectpotato_1_ko_0.wav,S000,Assets/Addressables/Sound/VOICE/Magnus/S000/ko/Magnus_collectpotato_1_ko.wav,0.000
Magnus,Magnus_collectstone_1_ko.wav,S005,Assets/Addressables/Sound/VOICE/Magnus/S005/ko/Magnus_collectstone_1_ko.wav,0.000
Magnus,Magnus_collectstone_1_ko_0.wav,S000,Assets/Addressables/Sound/VOICE/Magnus/S000/ko/Magnus_collectstone_1_ko.wav,0.000
Magnus,Magnus_collectwater_1_ko.wav,S000,Assets/Addressables/Sound/VOICE/Magnus/S000/ko/Magnus_collectwater_1_ko.wav,0.000
Magnus,Magnus_collectwater_1_ko_0.wav,S005,Assets/Addressables/Sound/VOICE/Magnus/S005/ko/Magnus_collectwater_1_ko.wav,0.000
Magnus,Magnus_communicationPing_food_1_ko.wav,S000,Assets/Addressables/Sound/VOICE/Magnus/S000/ko/Magnus_communicationPing_food_1_ko.wav,0.000
Magnus,Magnus_communicationPing_goal_1_ko.wav,S000,Assets/Addressables/Sound/VOICE/Magnus/S000/ko/Magnus_communicationPing_goal_1_ko.wav,0.000
Magnus,Magnus_communicationPing_goodjob_1_ko.wav,S000,Assets/Addressables/Sound/VOICE/Magnus/S000/ko/Magnus_communicationPing_goodjob_1_ko.wav,0.000
Magnus,Magnus_communicationPing_ok_1_ko.wav,S000,Assets/Addressables/Sound/VOICE/Magnus/S000/ko/Magnus_communicationPing_ok_1_ko.wav,0.000
Magnus,Magnus_communicationPing_sorry_1_ko.wav,S000,Assets/Addressables/Sound/VOICE/Magnus/S000/ko/Magnus_communicationPing_sorry_1_ko.wav,0.000
Magnus,Magnus_communicationPing_thankyou_1_ko.wav,S000,Assets/Addressables/Sound/VOICE/Magnus/S000/ko/Magnus_communicationPing_thankyou_1_ko.wav,0.000
Magnus,Magnus_communicationPing_waiting_1_ko.wav,S000,Assets/Addressables/Sound/VOICE/Magnus/S000/ko/Magnus_communicationPing_waiting_1_ko.wav,0.000
Magnus,Magnus_communicationPing_whatyouneed_1_ko.wav,S000,Assets/Addressables/Sound/VOICE/Magnus/S000/ko/Magnus_communicationPing_whatyouneed_1_ko.wav,0.000
Magnus,Magnus_communicationping_drink_1_ko.wav,S000,Assets/Addressables/Sound/VOICE/Magnus/S000/ko/Magnus_communicationping_drink_1_ko.wav,0.000
Magnus,Magnus_communicationping_gathering_1_ko.wav,S000,Assets/Addressables/Sound/VOICE/Magnus/S000/ko/Magnus_communicationping_gathering_1_ko.wav,0.000
Magnus,Magnus_craftEpic_1_ko.wav,S000,Assets/Addressables/Sound/VOICE/Magnus/S000/ko/Magnus_craftEpic_1_ko.wav,0.000
Magnus,Magnus_craftEpic_1_ko_0.wav,S005,Assets/Addressables/Sound/VOICE/Magnus/S005/ko/Magnus_craftEpic_1_ko.wav,0.000
Magnus,Magnus_craftEpic_2_ko.wav,S005,Assets/Addressables/Sound/VOICE/Magnus/S005/ko/Magnus_craftEpic_2_ko.wav,0.000
Magnus,Magnus_craftEpic_2_ko_0.wav,S000,Assets/Addressables/Sound/VOICE/Magnus/S000/ko/Magnus_craftEpic_2_ko.wav,0.000
Magnus,Magnus_craftEpic_3_ko.wav,S005,Assets/Addressables/Sound/VOICE/Magnus/S005/ko/Magnus_craftEpic_3_ko.wav,0.000
Magnus,Magnus_craftEpic_3_ko_0.wav,S000,Assets/Addressables/Sound/VOICE/Magnus/S000/ko/Magnus_craftEpic_3_ko.wav,0.000
Magnus,Magnus_craftLegend_1_ko.wav,S005,Assets/Addressables/Sound/VOICE/Magnus/S005/ko/Magnus_craftLegend_1_ko.wav,0.000
Magnus,Magnus_craftLegend_1_ko_0.wav,S000,Assets/Addressables/Sound/VOICE/Magnus/S000/ko/Magnus_craftLegend_1_ko.wav,0.006
Magnus,Magnus_craftLegend_2_ko.wav,S005,Assets/Addressables/Sound/VOICE/Magnus/S005/ko/Magnus_craftLegend_2_ko.wav,0.000
Magnus,Magnus_craftLegend_2_ko_0.wav,S000,Assets/Addressables/Sound/VOICE/Magnus/S000/ko/Magnus_craftLegend_2_ko.wav,0.000
Magnus,Magnus_craftLegend_3_ko.wav,S005,Assets/Addressables/Sound/VOICE/Magnus/S005/ko/Magnus_craftLegend_3_ko.wav,0.000
Magnus,Magnus_craftLegend_3_ko_0.wav,S000,Assets/Addressables/Sound/VOICE/Magnus/S000/ko/Magnus_craftLegend_3_ko.wav,0.000
Magnus,Magnus_craftMystic_1_ko.wav,S005,Assets/Addressables/Sound/VOICE/Magnus/S005/ko/Magnus_craftMystic_1_ko.wav,0.000
Magnus,Magnus_craftMystic_1_ko_0.wav,S000,Assets/Addressables/Sound/VOICE/Magnus/S000/ko/Magnus_craftMystic_1_ko.wav,0.000
Magnus,Magnus_craftMystic_2_ko.wav,S000,Assets/Addressables/Sound/VOICE/Magnus/S000/ko/Magnus_craftMystic_2_ko.wav,0.000
Magnus,Magnus_craftMystic_2_ko_0.wav,S005,Assets/Addressables/Sound/VOICE/Magnus/S005/ko/Magnus_craftMystic_2_ko.wav,0.000
Magnus,Magnus_craftMystic_3_ko.wav,S005,Assets/Addressables/Sound/VOICE/Magnus/S005/ko/Magnus_craftMystic_3_ko.wav,0.000
Magnus,Magnus_craftMystic_3_ko_0.wav,S000,Assets/Addressables/Sound/VOICE/Magnus/S000/ko/Magnus_craftMystic_3_ko.wav,0.000
Magnus,Magnus_craftRare_1_ko.wav,S000,Assets/Addressables/Sound/VOICE/Magnus/S000/ko/Magnus_craftRare_1_ko.wav,0.000
Magnus,Magnus_craftRare_1_ko_0.wav,S005,Assets/Addressables/Sound/VOICE/Magnus/S005/ko/Magnus_craftRare_1_ko.wav,0.000
Magnus,Magnus_craftRare_2_ko.wav,S005,Assets/Addressables/Sound/VOICE/Magnus/S005/ko/Magnus_craftRare_2_ko.wav,0.000
Magnus,Magnus_craftRare_2_ko_0.wav,S000,Assets/Addressables/Sound/VOICE/Magnus/S000/ko/Magnus_craftRare_2_ko.wav,0.000
Magnus,Magnus_craftRare_3_ko.wav,S000,Assets/Addressables/Sound/VOICE/Magnus/S000/ko/Magnus_craftRare_3_ko.wav,0.000
Magnus,Magnus_craftRare_3_ko_0.wav,S005,Assets/Addressables/Sound/VOICE/Magnus/S005/ko/Magnus_craftRare_3_ko.wav,0.000
Magnus,Magnus_craftUncommon_1_ko.wav,S000,Assets/Addressables/Sound/VOICE/Magnus/S000/ko/Magnus_craftUncommon_1_ko.wav,0.000
Magnus,Magnus_craftUncommon_1_ko_0.wav,S005,Assets/Addressables/Sound/VOICE/Magnus/S005/ko/Magnus_craftUncommon_1_ko.wav,0.000
Magnus,Magnus_craftUncommon_2_ko.wav,S000,Assets/Addressables/Sound/VOICE/Magnus/S000/ko/Magnus_craftUncommon_2_ko.wav,0.000
Magnus,Magnus_craftUncommon_2_ko_0.wav,S005,Assets/Addressables/Sound/VOICE/Magnus/S005/ko/Magnus_craftUncommon_2_ko.wav,0.000
Magnus,Magnus_craftUncommon_3_ko.wav,S005,Assets/Addressables/Sound/VOICE/Magnus/S005/ko/Magnus_craftUncommon_3_ko.wav,0.000
Magnus,Magnus_craftUncommon_3_ko_0.wav,S000,Assets/Addressables/Sound/VOICE/Magnus/S000/ko/Magnus_craftUncommon_3_ko.wav,0.000
Magnus,Magnus_findCorpsEnemyKill_1_ko.wav,S005,Assets/Addressables/Sound/VOICE/Magnus/S005/ko/Magnus_findCorpsEnemyKill_1_ko.wav,0.003
Magnus,Magnus_findCorpsEnemyKill_1_ko_0.wav,S000,Assets/Addressables/Sound/VOICE/Magnus/S000/ko/Magnus_findCorpsEnemyKill_1_ko.wav,0.000
Magnus,Magnus_firstMove_1_ko.wav,S000,Assets/Addressables/Sound/VOICE/Magnus/S000/ko/Magnus_firstMove_1_ko.wav,0.000
Magnus,Magnus_firstMove_1_ko_0.wav,S005,Assets/Addressables/Sound/VOICE/Magnus/S005/ko/Magnus_firstMove_1_ko.wav,0.010
Magnus,Magnus_firstMove_2_ko.wav,S005,Assets/Addressables/Sound/VOICE/Magnus/S005/ko/Magnus_firstMove_2_ko.wav,0.000
Magnus,Magnus_firstMove_2_ko_0.wav,S000,Assets/Addressables/Sound/VOICE/Magnus/S000/ko/Magnus_firstMove_2_ko.wav,0.000
Magnus,Magnus_firstMove_3_ko.wav,S000,Assets/Addressables/Sound/VOICE/Magnus/S000/ko/Magnus_firstMove_3_ko.wav,0.000
Magnus,Magnus_firstMove_3_ko_0.wav,S005,Assets/Addressables/Sound/VOICE/Magnus/S005/ko/Magnus_firstMove_3_ko.wav,0.000
Magnus,Magnus_hacking_1_ko.wav,S005,Assets/Addressables/Sound/VOICE/Magnus/S005/ko/Magnus_hacking_1_ko.wav,0.000
Magnus,Magnus_hacking_2_ko.wav,S005,Assets/Addressables/Sound/VOICE/Magnus/S005/ko/Magnus_hacking_2_ko.wav,0.000
Magnus,Magnus_hacking_lost_1_ko.wav,S005,Assets/Addressables/Sound/VOICE/Magnus/S005/ko/Magnus_hacking_lost_1_ko.wav,0.000
Magnus,Magnus_highlyPlaced_1_ko.wav,S000,Assets/Addressables/Sound/VOICE/Magnus/S000/ko/Magnus_highlyPlaced_1_ko.wav,0.010
Magnus,Magnus_highlyPlaced_1_ko_0.wav,S005,Assets/Addressables/Sound/VOICE/Magnus/S005/ko/Magnus_highlyPlaced_1_ko.wav,0.000
Magnus,Magnus_highlyPlaced_2_ko.wav,S005,Assets/Addressables/Sound/VOICE/Magnus/S005/ko/Magnus_highlyPlaced_2_ko.wav,0.000
Magnus,Magnus_highlyPlaced_2_ko_0.wav,S000,Assets/Addressables/Sound/VOICE/Magnus/S000/ko/Magnus_highlyPlaced_2_ko.wav,0.010
Magnus,Magnus_hyperloopAlly_1_ko.wav,S005,Assets/Addressables/Sound/VOICE/Magnus/S005/ko/Magnus_hyperloopAlly_1_ko.wav,0.000
Magnus,Magnus_hyperloopAlly_1_ko_0.wav,S000,Assets/Addressables/Sound/VOICE/Magnus/S000/ko/Magnus_hyperloopAlly_1_ko.wav,0.000
Magnus,Magnus_hyperloopAlly_2_ko.wav,S005,Assets/Addressables/Sound/VOICE/Magnus/S005/ko/Magnus_hyperloopAlly_2_ko.wav,0.000
Magnus,Magnus_hyperloopAlly_2_ko_0.wav,S000,Assets/Addressables/Sound/VOICE/Magnus/S000/ko/Magnus_hyperloopAlly_2_ko.wav,0.000
Magnus,Magnus_hyperloop_1_ko.wav,S000,Assets/Addressables/Sound/VOICE/Magnus/S000/ko/Magnus_hyperloop_1_ko.wav,0.000
Magnus,Magnus_hyperloop_1_ko_0.wav,S005,Assets/Addressables/Sound/VOICE/Magnus/S005/ko/Magnus_hyperloop_1_ko.wav,0.000
Magnus,Magnus_hyperloop_2_ko.wav,S005,Assets/Addressables/Sound/VOICE/Magnus/S005/ko/Magnus_hyperloop_2_ko.wav,0.000
Magnus,Magnus_hyperloop_2_ko_0.wav,S000,Assets/Addressables/Sound/VOICE/Magnus/S000/ko/Magnus_hyperloop_2_ko.wav,0.003
Magnus,Magnus_kill10Player_1_ko.wav,S000,Assets/Addressables/Sound/VOICE/Magnus/S000/ko/Magnus_kill10Player_1_ko.wav,0.000
Magnus,Magnus_kill10Player_1_ko_0.wav,S005,Assets/Addressables/Sound/VOICE/Magnus/S005/ko/Magnus_kill10Player_1_ko.wav,0.000
Magnus,Magnus_kill11Player_1_ko.wav,S000,Assets/Addressables/Sound/VOICE/Magnus/S000/ko/Magnus_kill11Player_1_ko.wav,0.000
Magnus,Magnus_kill11Player_1_ko_0.wav,S005,Assets/Addressables/Sound/VOICE/Magnus/S005/ko/Magnus_kill11Player_1_ko.wav,0.000
Magnus,Magnus_kill12Player_1_ko.wav,S005,Assets/Addressables/Sound/VOICE/Magnus/S005/ko/Magnus_kill12Player_1_ko.wav,0.000
Magnus,Magnus_kill12Player_1_ko_0.wav,S000,Assets/Addressables/Sound/VOICE/Magnus/S000/ko/Magnus_kill12Player_1_ko.wav,0.000
Magnus,Magnus_kill13Player_1_ko.wav,S005,Assets/Addressables/Sound/VOICE/Magnus/S005/ko/Magnus_kill13Player_1_ko.wav,0.000
Magnus,Magnus_kill13Player_1_ko_0.wav,S000,Assets/Addressables/Sound/VOICE/Magnus/S000/ko/Magnus_kill13Player_1_ko.wav,0.000
Magnus,Magnus_kill14Player_1_ko.wav,S000,Assets/Addressables/Sound/VOICE/Magnus/S000/ko/Magnus_kill14Player_1_ko.wav,0.000
Magnus,Magnus_kill14Player_1_ko_0.wav,S005,Assets/Addressables/Sound/VOICE/Magnus/S005/ko/Magnus_kill14Player_1_ko.wav,0.000
Magnus,Magnus_kill1Player_1_ko.wav,S000,Assets/Addressables/Sound/VOICE/Magnus/S000/ko/Magnus_kill1Player_1_ko.wav,0.000
Magnus,Magnus_kill1Player_1_ko_0.wav,S005,Assets/Addressables/Sound/VOICE/Magnus/S005/ko/Magnus_kill1Player_1_ko.wav,0.000
Magnus,Magnus_kill1Player_2_ko.wav,S000,Assets/Addressables/Sound/VOICE/Magnus/S000/ko/Magnus_kill1Player_2_ko.wav,0.000
Magnus,Magnus_kill1Player_2_ko_0.wav,S005,Assets/Addressables/Sound/VOICE/Magnus/S005/ko/Magnus_kill1Player_2_ko.wav,0.000
Magnus,Magnus_kill2Player_1_ko.wav,S005,Assets/Addressables/Sound/VOICE/Magnus/S005/ko/Magnus_kill2Player_1_ko.wav,0.000
Magnus,Magnus_kill2Player_1_ko_0.wav,S000,Assets/Addressables/Sound/VOICE/Magnus/S000/ko/Magnus_kill2Player_1_ko.wav,0.000
Magnus,Magnus_kill3Player_1_ko.wav,S000,Assets/Addressables/Sound/VOICE/Magnus/S000/ko/Magnus_kill3Player_1_ko.wav,0.000
Magnus,Magnus_kill3Player_1_ko_0.wav,S005,Assets/Addressables/Sound/VOICE/Magnus/S005/ko/Magnus_kill3Player_1_ko.wav,0.000
Magnus,Magnus_kill4Player_1_ko.wav,S005,Assets/Addressables/Sound/VOICE/Magnus/S005/ko/Magnus_kill4Player_1_ko.wav,0.000
Magnus,Magnus_kill4Player_1_ko_0.wav,S000,Assets/Addressables/Sound/VOICE/Magnus/S000/ko/Magnus_kill4Player_1_ko.wav,0.000
Magnus,Magnus_kill5Player_1_ko.wav,S000,Assets/Addressables/Sound/VOICE/Magnus/S000/ko/Magnus_kill5Player_1_ko.wav,0.000
Magnus,Magnus_kill5Player_1_ko_0.wav,S005,Assets/Addressables/Sound/VOICE/Magnus/S005/ko/Magnus_kill5Player_1_ko.wav,0.000
Magnus,Magnus_kill6Player_1_ko.wav,S000,Assets/Addressables/Sound/VOICE/Magnus/S000/ko/Magnus_kill6Player_1_ko.wav,0.000
Magnus,Magnus_kill6Player_1_ko_0.wav,S005,Assets/Addressables/Sound/VOICE/Magnus/S005/ko/Magnus_kill6Player_1_ko.wav,0.000
Magnus,Magnus_kill7Player_1_ko.wav,S005,Assets/Addressables/Sound/VOICE/Magnus/S005/ko/Magnus_kill7Player_1_ko.wav,0.000
Magnus,Magnus_kill7Player_1_ko_0.wav,S000,Assets/Addressables/Sound/VOICE/Magnus/S000/ko/Magnus_kill7Player_1_ko.wav,0.000
Magnus,Magnus_kill8Player_1_ko.wav,S005,Assets/Addressables/Sound/VOICE/Magnus/S005/ko/Magnus_kill8Player_1_ko.wav,파형상관 1.0000
Magnus,Magnus_kill8Player_1_ko_0.wav,S000,Assets/Addressables/Sound/VOICE/Magnus/S000/ko/Magnus_kill8Player_1_ko.wav,파형상관 1.0000
Magnus,Magnus_kill9Player_1_ko.wav,S005,Assets/Addressables/Sound/VOICE/Magnus/S005/ko/Magnus_kill9Player_1_ko.wav,0.000
Magnus,Magnus_kill9Player_1_ko_0.wav,S000,Assets/Addressables/Sound/VOICE/Magnus/S000/ko/Magnus_kill9Player_1_ko.wav,0.000
Magnus,Magnus_killMonster_1_ko.wav,S005,Assets/Addressables/Sound/VOICE/Magnus/S005/ko/Magnus_killMonster_1_ko.wav,0.000
Magnus,Magnus_killMonster_1_ko_0.wav,S000,Assets/Addressables/Sound/VOICE/Magnus/S000/ko/Magnus_killMonster_1_ko.wav,0.000
Magnus,Magnus_killMonster_2_ko.wav,S000,Assets/Addressables/Sound/VOICE/Magnus/S000/ko/Magnus_killMonster_2_ko.wav,0.000
Magnus,Magnus_killMonster_2_ko_0.wav,S005,Assets/Addressables/Sound/VOICE/Magnus/S005/ko/Magnus_killMonster_2_ko.wav,0.000
Magnus,Magnus_killMonster_3_ko.wav,S005,Assets/Addressables/Sound/VOICE/Magnus/S005/ko/Magnus_killMonster_3_ko.wav,0.000
Magnus,Magnus_killMonster_3_ko_0.wav,S000,Assets/Addressables/Sound/VOICE/Magnus/S000/ko/Magnus_killMonster_3_ko.wav,0.000
Magnus,Magnus_killedCommon_1_ko.wav,S005,Assets/Addressables/Sound/VOICE/Magnus/S005/ko/Magnus_killedCommon_1_ko.wav,0.000
Magnus,Magnus_killedCommon_2_ko.wav,S005,Assets/Addressables/Sound/VOICE/Magnus/S005/ko/Magnus_killedCommon_2_ko.wav,0.000
Magnus,Magnus_killedCommon_3_ko.wav,S005,Assets/Addressables/Sound/VOICE/Magnus/S005/ko/Magnus_killedCommon_3_ko.wav,0.000
Magnus,Magnus_learnweaponskill_Bat_1_ko.wav,S005,Assets/Addressables/Sound/VOICE/Magnus/S005/ko/Magnus_learnweaponskill_Bat_1_ko.wav,0.000
Magnus,Magnus_learnweaponskill_Bat_1_ko_0.wav,S000,Assets/Addressables/Sound/VOICE/Magnus/S000/ko/Magnus_learnweaponskill_Bat_1_ko.wav,0.000
Magnus,Magnus_learnweaponskill_Bat_2_ko.wav,S000,Assets/Addressables/Sound/VOICE/Magnus/S000/ko/Magnus_learnweaponskill_Bat_2_ko.wav,0.000
Magnus,Magnus_learnweaponskill_Bat_2_ko_0.wav,S005,Assets/Addressables/Sound/VOICE/Magnus/S005/ko/Magnus_learnweaponskill_Bat_2_ko.wav,0.000
Magnus,Magnus_learnweaponskill_Hammer_1_ko.wav,S005,Assets/Addressables/Sound/VOICE/Magnus/S005/ko/Magnus_learnweaponskill_Hammer_1_ko.wav,0.000
Magnus,Magnus_learnweaponskill_Hammer_1_ko_0.wav,S000,Assets/Addressables/Sound/VOICE/Magnus/S000/ko/Magnus_learnweaponskill_Hammer_1_ko.wav,0.000
Magnus,Magnus_learnweaponskill_Hammer_2_ko.wav,S000,Assets/Addressables/Sound/VOICE/Magnus/S000/ko/Magnus_learnweaponskill_Hammer_2_ko.wav,0.000
Magnus,Magnus_learnweaponskill_Hammer_2_ko_0.wav,S005,Assets/Addressables/Sound/VOICE/Magnus/S005/ko/Magnus_learnweaponskill_Hammer_2_ko.wav,0.000
Magnus,Magnus_lootCorpsEnemyKill_1_ko.wav,S005,Assets/Addressables/Sound/VOICE/Magnus/S005/ko/Magnus_lootCorpsEnemyKill_1_ko.wav,0.010
Magnus,Magnus_lootCorpsEnemyKill_1_ko_0.wav,S000,Assets/Addressables/Sound/VOICE/Magnus/S000/ko/Magnus_lootCorpsEnemyKill_1_ko.wav,0.000
Magnus,Magnus_lootCorpsSelfKill_1_ko.wav,S005,Assets/Addressables/Sound/VOICE/Magnus/S005/ko/Magnus_lootCorpsSelfKill_1_ko.wav,0.000
Magnus,Magnus_lootCorpsSelfKill_1_ko_0.wav,S000,Assets/Addressables/Sound/VOICE/Magnus/S000/ko/Magnus_lootCorpsSelfKill_1_ko.wav,0.000
Magnus,Magnus_lost_1_ko.wav,S000,Assets/Addressables/Sound/VOICE/Magnus/S000/ko/Magnus_lost_1_ko.wav,0.000
Magnus,Magnus_lost_1_ko_0.wav,S005,Assets/Addressables/Sound/VOICE/Magnus/S005/ko/Magnus_lost_1_ko.wav,0.000
Magnus,Magnus_lost_2_ko.wav,S005,Assets/Addressables/Sound/VOICE/Magnus/S005/ko/Magnus_lost_2_ko.wav,0.000
Magnus,Magnus_lost_2_ko_0.wav,S000,Assets/Addressables/Sound/VOICE/Magnus/S000/ko/Magnus_lost_2_ko.wav,0.010
Magnus,Magnus_makeFood_1_ko.wav,S005,Assets/Addressables/Sound/VOICE/Magnus/S005/ko/Magnus_makeFood_1_ko.wav,0.000
Magnus,Magnus_makeFood_1_ko_0.wav,S000,Assets/Addressables/Sound/VOICE/Magnus/S000/ko/Magnus_makeFood_1_ko.wav,0.000
Magnus,Magnus_makeFood_2_ko.wav,S005,Assets/Addressables/Sound/VOICE/Magnus/S005/ko/Magnus_makeFood_2_ko.wav,0.000
Magnus,Magnus_makeFood_2_ko_0.wav,S000,Assets/Addressables/Sound/VOICE/Magnus/S000/ko/Magnus_makeFood_2_ko.wav,0.000
Magnus,Magnus_makeFood_3_ko.wav,S005,Assets/Addressables/Sound/VOICE/Magnus/S005/ko/Magnus_makeFood_3_ko.wav,0.000
Magnus,Magnus_makeFood_3_ko_0.wav,S000,Assets/Addressables/Sound/VOICE/Magnus/S000/ko/Magnus_makeFood_3_ko.wav,0.000
Magnus,Magnus_moveInAlley_1_ko.wav,S005,Assets/Addressables/Sound/VOICE/Magnus/S005/ko/Magnus_moveInAlley_1_ko.wav,0.000
Magnus,Magnus_moveInAlley_1_ko_0.wav,S000,Assets/Addressables/Sound/VOICE/Magnus/S000/ko/Magnus_moveInAlley_1_ko.wav,0.000
Magnus,Magnus_moveInAlley_2_ko.wav,S005,Assets/Addressables/Sound/VOICE/Magnus/S005/ko/Magnus_moveInAlley_2_ko.wav,0.000
Magnus,Magnus_moveInAlley_2_ko_0.wav,S000,Assets/Addressables/Sound/VOICE/Magnus/S000/ko/Magnus_moveInAlley_2_ko.wav,0.000
Magnus,Magnus_moveInAlley_3_ko.wav,S000,Assets/Addressables/Sound/VOICE/Magnus/S000/ko/Magnus_moveInAlley_3_ko.wav,0.000
Magnus,Magnus_moveInAlley_3_ko_0.wav,S005,Assets/Addressables/Sound/VOICE/Magnus/S005/ko/Magnus_moveInAlley_3_ko.wav,0.000
Magnus,Magnus_moveInArchery_1_ko.wav,S005,Assets/Addressables/Sound/VOICE/Magnus/S005/ko/Magnus_moveInArchery_1_ko.wav,0.000
Magnus,Magnus_moveInArchery_1_ko_0.wav,S000,Assets/Addressables/Sound/VOICE/Magnus/S000/ko/Magnus_moveInArchery_1_ko.wav,0.000
Magnus,Magnus_moveInArchery_2_ko.wav,S005,Assets/Addressables/Sound/VOICE/Magnus/S005/ko/Magnus_moveInArchery_2_ko.wav,0.000
Magnus,Magnus_moveInArchery_2_ko_0.wav,S000,Assets/Addressables/Sound/VOICE/Magnus/S000/ko/Magnus_moveInArchery_2_ko.wav,0.007
Magnus,Magnus_moveInArchery_3_ko.wav,S000,Assets/Addressables/Sound/VOICE/Magnus/S000/ko/Magnus_moveInArchery_3_ko.wav,0.000
Magnus,Magnus_moveInArchery_3_ko_0.wav,S005,Assets/Addressables/Sound/VOICE/Magnus/S005/ko/Magnus_moveInArchery_3_ko.wav,0.000
Magnus,Magnus_moveInCemetery_1_ko.wav,S005,Assets/Addressables/Sound/VOICE/Magnus/S005/ko/Magnus_moveInCemetery_1_ko.wav,0.000
Magnus,Magnus_moveInCemetery_1_ko_0.wav,S000,Assets/Addressables/Sound/VOICE/Magnus/S000/ko/Magnus_moveInCemetery_1_ko.wav,0.000
Magnus,Magnus_moveInCemetery_2_ko.wav,S005,Assets/Addressables/Sound/VOICE/Magnus/S005/ko/Magnus_moveInCemetery_2_ko.wav,0.000
Magnus,Magnus_moveInCemetery_2_ko_0.wav,S000,Assets/Addressables/Sound/VOICE/Magnus/S000/ko/Magnus_moveInCemetery_2_ko.wav,0.000
Magnus,Magnus_moveInCemetery_3_ko.wav,S000,Assets/Addressables/Sound/VOICE/Magnus/S000/ko/Magnus_moveInCemetery_3_ko.wav,0.000
Magnus,Magnus_moveInCemetery_3_ko_0.wav,S005,Assets/Addressables/Sound/VOICE/Magnus/S005/ko/Magnus_moveInCemetery_3_ko.wav,0.000
Magnus,Magnus_moveInChurch_1_ko.wav,S000,Assets/Addressables/Sound/VOICE/Magnus/S000/ko/Magnus_moveInChurch_1_ko.wav,0.000
Magnus,Magnus_moveInChurch_1_ko_0.wav,S005,Assets/Addressables/Sound/VOICE/Magnus/S005/ko/Magnus_moveInChurch_1_ko.wav,0.000
Magnus,Magnus_moveInChurch_2_ko.wav,S005,Assets/Addressables/Sound/VOICE/Magnus/S005/ko/Magnus_moveInChurch_2_ko.wav,0.010
Magnus,Magnus_moveInChurch_2_ko_0.wav,S000,Assets/Addressables/Sound/VOICE/Magnus/S000/ko/Magnus_moveInChurch_2_ko.wav,0.000
Magnus,Magnus_moveInChurch_3_ko.wav,S005,Assets/Addressables/Sound/VOICE/Magnus/S005/ko/Magnus_moveInChurch_3_ko.wav,0.000
Magnus,Magnus_moveInChurch_3_ko_0.wav,S000,Assets/Addressables/Sound/VOICE/Magnus/S000/ko/Magnus_moveInChurch_3_ko.wav,0.000
Magnus,Magnus_moveInFactory_1_ko.wav,S000,Assets/Addressables/Sound/VOICE/Magnus/S000/ko/Magnus_moveInFactory_1_ko.wav,0.000
Magnus,Magnus_moveInFactory_1_ko_0.wav,S005,Assets/Addressables/Sound/VOICE/Magnus/S005/ko/Magnus_moveInFactory_1_ko.wav,0.000
Magnus,Magnus_moveInFactory_2_ko.wav,S005,Assets/Addressables/Sound/VOICE/Magnus/S005/ko/Magnus_moveInFactory_2_ko.wav,0.000
Magnus,Magnus_moveInFactory_2_ko_0.wav,S000,Assets/Addressables/Sound/VOICE/Magnus/S000/ko/Magnus_moveInFactory_2_ko.wav,0.000
Magnus,Magnus_moveInFactory_3_ko.wav,S005,Assets/Addressables/Sound/VOICE/Magnus/S005/ko/Magnus_moveInFactory_3_ko.wav,0.010
Magnus,Magnus_moveInFactory_3_ko_0.wav,S000,Assets/Addressables/Sound/VOICE/Magnus/S000/ko/Magnus_moveInFactory_3_ko.wav,0.000
Magnus,Magnus_moveInFireStation_1_ko.wav,S005,Assets/Addressables/Sound/VOICE/Magnus/S005/ko/Magnus_moveInFireStation_1_ko.wav,0.000
Magnus,Magnus_moveInFireStation_1_ko_0.wav,S000,Assets/Addressables/Sound/VOICE/Magnus/S000/ko/Magnus_moveInFireStation_1_ko.wav,0.000
Magnus,Magnus_moveInFireStation_2_ko.wav,S000,Assets/Addressables/Sound/VOICE/Magnus/S000/ko/Magnus_moveInFireStation_2_ko.wav,0.000
Magnus,Magnus_moveInFireStation_2_ko_0.wav,S005,Assets/Addressables/Sound/VOICE/Magnus/S005/ko/Magnus_moveInFireStation_2_ko.wav,0.000
Magnus,Magnus_moveInFireStation_3_ko.wav,S000,Assets/Addressables/Sound/VOICE/Magnus/S000/ko/Magnus_moveInFireStation_3_ko.wav,0.000
Magnus,Magnus_moveInFireStation_3_ko_0.wav,S005,Assets/Addressables/Sound/VOICE/Magnus/S005/ko/Magnus_moveInFireStation_3_ko.wav,0.000
Magnus,Magnus_moveInForest_1_ko.wav,S005,Assets/Addressables/Sound/VOICE/Magnus/S005/ko/Magnus_moveInForest_1_ko.wav,0.000
Magnus,Magnus_moveInForest_1_ko_0.wav,S000,Assets/Addressables/Sound/VOICE/Magnus/S000/ko/Magnus_moveInForest_1_ko.wav,0.000
Magnus,Magnus_moveInForest_2_ko.wav,S000,Assets/Addressables/Sound/VOICE/Magnus/S000/ko/Magnus_moveInForest_2_ko.wav,0.000
Magnus,Magnus_moveInForest_2_ko_0.wav,S005,Assets/Addressables/Sound/VOICE/Magnus/S005/ko/Magnus_moveInForest_2_ko.wav,0.010
Magnus,Magnus_moveInForest_3_ko.wav,S005,Assets/Addressables/Sound/VOICE/Magnus/S005/ko/Magnus_moveInForest_3_ko.wav,0.000
Magnus,Magnus_moveInForest_3_ko_0.wav,S000,Assets/Addressables/Sound/VOICE/Magnus/S000/ko/Magnus_moveInForest_3_ko.wav,0.000
Magnus,Magnus_moveInGasStation_1_ko.wav,S005,Assets/Addressables/Sound/VOICE/Magnus/S005/ko/Magnus_moveInGasStation_1_ko.wav,0.000
Magnus,Magnus_moveInGasStation_1_ko_0.wav,S000,Assets/Addressables/Sound/VOICE/Magnus/S000/ko/Magnus_moveInGasStation_1_ko.wav,0.000
Magnus,Magnus_moveInGasStation_2_ko.wav,S005,Assets/Addressables/Sound/VOICE/Magnus/S005/ko/Magnus_moveInGasStation_2_ko.wav,0.010
Magnus,Magnus_moveInGasStation_2_ko_0.wav,S000,Assets/Addressables/Sound/VOICE/Magnus/S000/ko/Magnus_moveInGasStation_2_ko.wav,0.000
Magnus,Magnus_moveInGasStation_3_ko.wav,S005,Assets/Addressables/Sound/VOICE/Magnus/S005/ko/Magnus_moveInGasStation_3_ko.wav,0.000
Magnus,Magnus_moveInGasStation_3_ko_0.wav,S000,Assets/Addressables/Sound/VOICE/Magnus/S000/ko/Magnus_moveInGasStation_3_ko.wav,0.000
Magnus,Magnus_moveInHarbor_1_ko.wav,S000,Assets/Addressables/Sound/VOICE/Magnus/S000/ko/Magnus_moveInHarbor_1_ko.wav,0.000
Magnus,Magnus_moveInHarbor_1_ko_0.wav,S005,Assets/Addressables/Sound/VOICE/Magnus/S005/ko/Magnus_moveInHarbor_1_ko.wav,0.001
Magnus,Magnus_moveInHarbor_2_ko.wav,S000,Assets/Addressables/Sound/VOICE/Magnus/S000/ko/Magnus_moveInHarbor_2_ko.wav,0.000
Magnus,Magnus_moveInHarbor_2_ko_0.wav,S005,Assets/Addressables/Sound/VOICE/Magnus/S005/ko/Magnus_moveInHarbor_2_ko.wav,0.000
Magnus,Magnus_moveInHarbor_3_ko.wav,S000,Assets/Addressables/Sound/VOICE/Magnus/S000/ko/Magnus_moveInHarbor_3_ko.wav,0.000
Magnus,Magnus_moveInHarbor_3_ko_0.wav,S005,Assets/Addressables/Sound/VOICE/Magnus/S005/ko/Magnus_moveInHarbor_3_ko.wav,0.000
Magnus,Magnus_moveInHospital_1_ko.wav,S000,Assets/Addressables/Sound/VOICE/Magnus/S000/ko/Magnus_moveInHospital_1_ko.wav,0.000
Magnus,Magnus_moveInHospital_1_ko_0.wav,S005,Assets/Addressables/Sound/VOICE/Magnus/S005/ko/Magnus_moveInHospital_1_ko.wav,0.000
Magnus,Magnus_moveInHospital_2_ko.wav,S005,Assets/Addressables/Sound/VOICE/Magnus/S005/ko/Magnus_moveInHospital_2_ko.wav,0.000
Magnus,Magnus_moveInHospital_2_ko_0.wav,S000,Assets/Addressables/Sound/VOICE/Magnus/S000/ko/Magnus_moveInHospital_2_ko.wav,0.000
Magnus,Magnus_moveInHospital_3_ko.wav,S000,Assets/Addressables/Sound/VOICE/Magnus/S000/ko/Magnus_moveInHospital_3_ko.wav,0.009
Magnus,Magnus_moveInHospital_3_ko_0.wav,S005,Assets/Addressables/Sound/VOICE/Magnus/S005/ko/Magnus_moveInHospital_3_ko.wav,0.010
Magnus,Magnus_moveInHotel_1_ko.wav,S005,Assets/Addressables/Sound/VOICE/Magnus/S005/ko/Magnus_moveInHotel_1_ko.wav,0.010
Magnus,Magnus_moveInHotel_1_ko_0.wav,S000,Assets/Addressables/Sound/VOICE/Magnus/S000/ko/Magnus_moveInHotel_1_ko.wav,0.000
Magnus,Magnus_moveInHotel_2_ko.wav,S000,Assets/Addressables/Sound/VOICE/Magnus/S000/ko/Magnus_moveInHotel_2_ko.wav,0.000
Magnus,Magnus_moveInHotel_2_ko_0.wav,S005,Assets/Addressables/Sound/VOICE/Magnus/S005/ko/Magnus_moveInHotel_2_ko.wav,0.000
Magnus,Magnus_moveInHotel_3_ko.wav,S000,Assets/Addressables/Sound/VOICE/Magnus/S000/ko/Magnus_moveInHotel_3_ko.wav,0.000
Magnus,Magnus_moveInHotel_3_ko_0.wav,S005,Assets/Addressables/Sound/VOICE/Magnus/S005/ko/Magnus_moveInHotel_3_ko.wav,0.000
Magnus,Magnus_moveInLaboratoryOutside_1_ko.wav,S005,Assets/Addressables/Sound/VOICE/Magnus/S005/ko/Magnus_moveInLaboratoryOutside_1_ko.wav,0.000
Magnus,Magnus_moveInLaboratoryOutside_1_ko_0.wav,S000,Assets/Addressables/Sound/VOICE/Magnus/S000/ko/Magnus_moveInLaboratoryOutside_1_ko.wav,0.000
Magnus,Magnus_moveInLaboratoryOutside_2_ko.wav,S005,Assets/Addressables/Sound/VOICE/Magnus/S005/ko/Magnus_moveInLaboratoryOutside_2_ko.wav,0.010
Magnus,Magnus_moveInLaboratoryOutside_2_ko_0.wav,S000,Assets/Addressables/Sound/VOICE/Magnus/S000/ko/Magnus_moveInLaboratoryOutside_2_ko.wav,0.000
Magnus,Magnus_moveInLaboratoryOutside_3_ko.wav,S000,Assets/Addressables/Sound/VOICE/Magnus/S000/ko/Magnus_moveInLaboratoryOutside_3_ko.wav,0.000
Magnus,Magnus_moveInLaboratoryOutside_3_ko_0.wav,S005,Assets/Addressables/Sound/VOICE/Magnus/S005/ko/Magnus_moveInLaboratoryOutside_3_ko.wav,0.000
Magnus,Magnus_moveInLaboratory_1_ko.wav,S000,Assets/Addressables/Sound/VOICE/Magnus/S000/ko/Magnus_moveInLaboratory_1_ko.wav,0.000
Magnus,Magnus_moveInLaboratory_1_ko_0.wav,S005,Assets/Addressables/Sound/VOICE/Magnus/S005/ko/Magnus_moveInLaboratory_1_ko.wav,0.000
Magnus,Magnus_moveInLaboratory_2_ko.wav,S005,Assets/Addressables/Sound/VOICE/Magnus/S005/ko/Magnus_moveInLaboratory_2_ko.wav,0.000
Magnus,Magnus_moveInLaboratory_2_ko_0.wav,S000,Assets/Addressables/Sound/VOICE/Magnus/S000/ko/Magnus_moveInLaboratory_2_ko.wav,0.000
Magnus,Magnus_moveInLaboratory_3_ko.wav,S005,Assets/Addressables/Sound/VOICE/Magnus/S005/ko/Magnus_moveInLaboratory_3_ko.wav,0.000
Magnus,Magnus_moveInLaboratory_3_ko_0.wav,S000,Assets/Addressables/Sound/VOICE/Magnus/S000/ko/Magnus_moveInLaboratory_3_ko.wav,0.000
Magnus,Magnus_moveInPoliceStation_1_ko.wav,S000,Assets/Addressables/Sound/VOICE/Magnus/S000/ko/Magnus_moveInPoliceStation_1_ko.wav,0.005
Magnus,Magnus_moveInPoliceStation_1_ko_0.wav,S005,Assets/Addressables/Sound/VOICE/Magnus/S005/ko/Magnus_moveInPoliceStation_1_ko.wav,0.000
Magnus,Magnus_moveInPoliceStation_2_ko.wav,S005,Assets/Addressables/Sound/VOICE/Magnus/S005/ko/Magnus_moveInPoliceStation_2_ko.wav,0.000
Magnus,Magnus_moveInPoliceStation_2_ko_0.wav,S000,Assets/Addressables/Sound/VOICE/Magnus/S000/ko/Magnus_moveInPoliceStation_2_ko.wav,0.000
Magnus,Magnus_moveInPoliceStation_3_ko.wav,S000,Assets/Addressables/Sound/VOICE/Magnus/S000/ko/Magnus_moveInPoliceStation_3_ko.wav,0.000
Magnus,Magnus_moveInPoliceStation_3_ko_0.wav,S005,Assets/Addressables/Sound/VOICE/Magnus/S005/ko/Magnus_moveInPoliceStation_3_ko.wav,0.000
Magnus,Magnus_moveInPond_1_ko.wav,S000,Assets/Addressables/Sound/VOICE/Magnus/S000/ko/Magnus_moveInPond_1_ko.wav,0.000
Magnus,Magnus_moveInPond_1_ko_0.wav,S005,Assets/Addressables/Sound/VOICE/Magnus/S005/ko/Magnus_moveInPond_1_ko.wav,0.000
Magnus,Magnus_moveInPond_2_ko.wav,S005,Assets/Addressables/Sound/VOICE/Magnus/S005/ko/Magnus_moveInPond_2_ko.wav,0.000
Magnus,Magnus_moveInPond_2_ko_0.wav,S000,Assets/Addressables/Sound/VOICE/Magnus/S000/ko/Magnus_moveInPond_2_ko.wav,0.000
Magnus,Magnus_moveInPond_3_ko.wav,S005,Assets/Addressables/Sound/VOICE/Magnus/S005/ko/Magnus_moveInPond_3_ko.wav,0.000
Magnus,Magnus_moveInPond_3_ko_0.wav,S000,Assets/Addressables/Sound/VOICE/Magnus/S000/ko/Magnus_moveInPond_3_ko.wav,0.000
Magnus,Magnus_moveInSandyBeach_1_ko.wav,S000,Assets/Addressables/Sound/VOICE/Magnus/S000/ko/Magnus_moveInSandyBeach_1_ko.wav,0.000
Magnus,Magnus_moveInSandyBeach_1_ko_0.wav,S005,Assets/Addressables/Sound/VOICE/Magnus/S005/ko/Magnus_moveInSandyBeach_1_ko.wav,0.000
Magnus,Magnus_moveInSandyBeach_2_ko.wav,S005,Assets/Addressables/Sound/VOICE/Magnus/S005/ko/Magnus_moveInSandyBeach_2_ko.wav,0.000
Magnus,Magnus_moveInSandyBeach_2_ko_0.wav,S000,Assets/Addressables/Sound/VOICE/Magnus/S000/ko/Magnus_moveInSandyBeach_2_ko.wav,0.000
Magnus,Magnus_moveInSandyBeach_3_ko.wav,S000,Assets/Addressables/Sound/VOICE/Magnus/S000/ko/Magnus_moveInSandyBeach_3_ko.wav,0.000
Magnus,Magnus_moveInSandyBeach_3_ko_0.wav,S005,Assets/Addressables/Sound/VOICE/Magnus/S005/ko/Magnus_moveInSandyBeach_3_ko.wav,0.010
Magnus,Magnus_moveInSchool_1_ko.wav,S000,Assets/Addressables/Sound/VOICE/Magnus/S000/ko/Magnus_moveInSchool_1_ko.wav,0.000
Magnus,Magnus_moveInSchool_1_ko_0.wav,S005,Assets/Addressables/Sound/VOICE/Magnus/S005/ko/Magnus_moveInSchool_1_ko.wav,0.000
Magnus,Magnus_moveInSchool_2_ko.wav,S000,Assets/Addressables/Sound/VOICE/Magnus/S000/ko/Magnus_moveInSchool_2_ko.wav,0.000
Magnus,Magnus_moveInSchool_2_ko_0.wav,S005,Assets/Addressables/Sound/VOICE/Magnus/S005/ko/Magnus_moveInSchool_2_ko.wav,0.000
Magnus,Magnus_moveInSchool_3_ko.wav,S005,Assets/Addressables/Sound/VOICE/Magnus/S005/ko/Magnus_moveInSchool_3_ko.wav,0.009
Magnus,Magnus_moveInSchool_3_ko_0.wav,S000,Assets/Addressables/Sound/VOICE/Magnus/S000/ko/Magnus_moveInSchool_3_ko.wav,0.000
Magnus,Magnus_moveInStream_1_ko.wav,S005,Assets/Addressables/Sound/VOICE/Magnus/S005/ko/Magnus_moveInStream_1_ko.wav,0.000
Magnus,Magnus_moveInStream_1_ko_0.wav,S000,Assets/Addressables/Sound/VOICE/Magnus/S000/ko/Magnus_moveInStream_1_ko.wav,0.000
Magnus,Magnus_moveInStream_2_ko.wav,S005,Assets/Addressables/Sound/VOICE/Magnus/S005/ko/Magnus_moveInStream_2_ko.wav,0.000
Magnus,Magnus_moveInStream_2_ko_0.wav,S000,Assets/Addressables/Sound/VOICE/Magnus/S000/ko/Magnus_moveInStream_2_ko.wav,0.000
Magnus,Magnus_moveInStream_3_ko.wav,S000,Assets/Addressables/Sound/VOICE/Magnus/S000/ko/Magnus_moveInStream_3_ko.wav,0.000
Magnus,Magnus_moveInStream_3_ko_0.wav,S005,Assets/Addressables/Sound/VOICE/Magnus/S005/ko/Magnus_moveInStream_3_ko.wav,0.000
Magnus,Magnus_moveInTemple_1_ko.wav,S000,Assets/Addressables/Sound/VOICE/Magnus/S000/ko/Magnus_moveInTemple_1_ko.wav,0.000
Magnus,Magnus_moveInTemple_1_ko_0.wav,S005,Assets/Addressables/Sound/VOICE/Magnus/S005/ko/Magnus_moveInTemple_1_ko.wav,0.000
Magnus,Magnus_moveInTemple_2_ko.wav,S005,Assets/Addressables/Sound/VOICE/Magnus/S005/ko/Magnus_moveInTemple_2_ko.wav,0.000
Magnus,Magnus_moveInTemple_2_ko_0.wav,S000,Assets/Addressables/Sound/VOICE/Magnus/S000/ko/Magnus_moveInTemple_2_ko.wav,0.000
Magnus,Magnus_moveInTemple_3_ko.wav,S000,Assets/Addressables/Sound/VOICE/Magnus/S000/ko/Magnus_moveInTemple_3_ko.wav,0.000
Magnus,Magnus_moveInTemple_3_ko_0.wav,S005,Assets/Addressables/Sound/VOICE/Magnus/S005/ko/Magnus_moveInTemple_3_ko.wav,0.000
Magnus,Magnus_moveInUptown_1_ko.wav,S005,Assets/Addressables/Sound/VOICE/Magnus/S005/ko/Magnus_moveInUptown_1_ko.wav,0.000
Magnus,Magnus_moveInUptown_1_ko_0.wav,S000,Assets/Addressables/Sound/VOICE/Magnus/S000/ko/Magnus_moveInUptown_1_ko.wav,0.000
Magnus,Magnus_moveInUptown_2_ko.wav,S000,Assets/Addressables/Sound/VOICE/Magnus/S000/ko/Magnus_moveInUptown_2_ko.wav,0.000
Magnus,Magnus_moveInUptown_2_ko_0.wav,S005,Assets/Addressables/Sound/VOICE/Magnus/S005/ko/Magnus_moveInUptown_2_ko.wav,0.000
Magnus,Magnus_moveInUptown_3_ko.wav,S000,Assets/Addressables/Sound/VOICE/Magnus/S000/ko/Magnus_moveInUptown_3_ko.wav,0.000
Magnus,Magnus_moveInUptown_3_ko_0.wav,S005,Assets/Addressables/Sound/VOICE/Magnus/S005/ko/Magnus_moveInUptown_3_ko.wav,0.000
Magnus,Magnus_moveInWarehouse_1_ko.wav,S000,Assets/Addressables/Sound/VOICE/Magnus/S000/ko/Magnus_moveInWarehouse_1_ko.wav,0.000
Magnus,Magnus_moveInWarehouse_1_ko_0.wav,S005,Assets/Addressables/Sound/VOICE/Magnus/S005/ko/Magnus_moveInWarehouse_1_ko.wav,0.000
Magnus,Magnus_moveInWarehouse_2_ko.wav,S005,Assets/Addressables/Sound/VOICE/Magnus/S005/ko/Magnus_moveInWarehouse_2_ko.wav,0.000
Magnus,Magnus_moveInWarehouse_2_ko_0.wav,S000,Assets/Addressables/Sound/VOICE/Magnus/S000/ko/Magnus_moveInWarehouse_2_ko.wav,0.000
Magnus,Magnus_moveInWarehouse_3_ko.wav,S000,Assets/Addressables/Sound/VOICE/Magnus/S000/ko/Magnus_moveInWarehouse_3_ko.wav,0.000
Magnus,Magnus_moveInWarehouse_3_ko_0.wav,S005,Assets/Addressables/Sound/VOICE/Magnus/S005/ko/Magnus_moveInWarehouse_3_ko.wav,0.000
Magnus,Magnus_moveRestrictedArea_1_ko.wav,S000,Assets/Addressables/Sound/VOICE/Magnus/S000/ko/Magnus_moveRestrictedArea_1_ko.wav,0.010
Magnus,Magnus_moveRestrictedArea_1_ko_0.wav,S005,Assets/Addressables/Sound/VOICE/Magnus/S005/ko/Magnus_moveRestrictedArea_1_ko.wav,0.000
Magnus,Magnus_moveRestrictedArea_2_ko.wav,S005,Assets/Addressables/Sound/VOICE/Magnus/S005/ko/Magnus_moveRestrictedArea_2_ko.wav,0.000
Magnus,Magnus_moveRestrictedArea_2_ko_0.wav,S000,Assets/Addressables/Sound/VOICE/Magnus/S000/ko/Magnus_moveRestrictedArea_2_ko.wav,0.000
Magnus,Magnus_moveRestrictedArea_3_ko.wav,S000,Assets/Addressables/Sound/VOICE/Magnus/S000/ko/Magnus_moveRestrictedArea_3_ko.wav,0.000
Magnus,Magnus_moveRestrictedArea_3_ko_0.wav,S005,Assets/Addressables/Sound/VOICE/Magnus/S005/ko/Magnus_moveRestrictedArea_3_ko.wav,0.000
Magnus,Magnus_moveinBargeship_1_ko.wav,S000,Assets/Addressables/Sound/VOICE/Magnus/S000/ko/Magnus_moveinBargeship_1_ko.wav,0.000
Magnus,Magnus_moveinBargeship_1_ko_0.wav,S005,Assets/Addressables/Sound/VOICE/Magnus/S005/ko/Magnus_moveinBargeship_1_ko.wav,0.001
Magnus,Magnus_moveinBargeship_2_ko.wav,S005,Assets/Addressables/Sound/VOICE/Magnus/S005/ko/Magnus_moveinBargeship_2_ko.wav,0.000
Magnus,Magnus_moveinBargeship_2_ko_0.wav,S000,Assets/Addressables/Sound/VOICE/Magnus/S000/ko/Magnus_moveinBargeship_2_ko.wav,0.000
Magnus,Magnus_moveinBargeship_3_ko.wav,S005,Assets/Addressables/Sound/VOICE/Magnus/S005/ko/Magnus_moveinBargeship_3_ko.wav,0.000
Magnus,Magnus_moveinBargeship_3_ko_0.wav,S000,Assets/Addressables/Sound/VOICE/Magnus/S000/ko/Magnus_moveinBargeship_3_ko.wav,0.000
Magnus,Magnus_requestItem_1_ko.wav,S005,Assets/Addressables/Sound/VOICE/Magnus/S005/ko/Magnus_requestItem_1_ko.wav,0.000
Magnus,Magnus_rest_1_ko.wav,S005,Assets/Addressables/Sound/VOICE/Magnus/S005/ko/Magnus_rest_1_ko.wav,0.000
Magnus,Magnus_rest_1_ko_0.wav,S000,Assets/Addressables/Sound/VOICE/Magnus/S000/ko/Magnus_rest_1_ko.wav,0.000
Magnus,Magnus_resurrection_1_ko.wav,S000,Assets/Addressables/Sound/VOICE/Magnus/S000/ko/Magnus_resurrection_1_ko.wav,0.000
Magnus,Magnus_resurrection_1_ko_0.wav,S005,Assets/Addressables/Sound/VOICE/Magnus/S005/ko/Magnus_resurrection_1_ko.wav,0.000
Magnus,Magnus_resurrection_2_ko.wav,S000,Assets/Addressables/Sound/VOICE/Magnus/S000/ko/Magnus_resurrection_2_ko.wav,0.000
Magnus,Magnus_resurrection_2_ko_0.wav,S005,Assets/Addressables/Sound/VOICE/Magnus/S005/ko/Magnus_resurrection_2_ko.wav,0.000
Magnus,Magnus_resurrection_3_ko.wav,S000,Assets/Addressables/Sound/VOICE/Magnus/S000/ko/Magnus_resurrection_3_ko.wav,0.000
Magnus,Magnus_resurrection_3_ko_0.wav,S005,Assets/Addressables/Sound/VOICE/Magnus/S005/ko/Magnus_resurrection_3_ko.wav,0.000
Magnus,Magnus_revive_1_ko.wav,S005,Assets/Addressables/Sound/VOICE/Magnus/S005/ko/Magnus_revive_1_ko.wav,0.000
Magnus,Magnus_revive_1_ko_0.wav,S000,Assets/Addressables/Sound/VOICE/Magnus/S000/ko/Magnus_revive_1_ko.wav,0.000
Magnus,Magnus_revive_2_ko.wav,S000,Assets/Addressables/Sound/VOICE/Magnus/S000/ko/Magnus_revive_2_ko.wav,0.000
Magnus,Magnus_revive_2_ko_0.wav,S005,Assets/Addressables/Sound/VOICE/Magnus/S005/ko/Magnus_revive_2_ko.wav,0.000
Magnus,Magnus_save_1_ko.wav,S005,Assets/Addressables/Sound/VOICE/Magnus/S005/ko/Magnus_save_1_ko.wav,0.000
Magnus,Magnus_save_1_ko_0.wav,S000,Assets/Addressables/Sound/VOICE/Magnus/S000/ko/Magnus_save_1_ko.wav,0.000
Magnus,Magnus_selected2_1_ko.wav,S005,Assets/Addressables/Sound/VOICE/Magnus/S005/ko/Magnus_selected2_1_ko.wav,0.000
Magnus,Magnus_selected2_1_ko_0.wav,S000,Assets/Addressables/Sound/VOICE/Magnus/S000/ko/Magnus_selected2_1_ko.wav,0.000
Magnus,Magnus_selected_1_ko.wav,S000,Assets/Addressables/Sound/VOICE/Magnus/S000/ko/Magnus_selected_1_ko.wav,0.000
Magnus,Magnus_selected_1_ko_0.wav,S005,Assets/Addressables/Sound/VOICE/Magnus/S005/ko/Magnus_selected_1_ko.wav,0.000
Magnus,Magnus_setting1_1_ko.wav,S005,Assets/Addressables/Sound/VOICE/Magnus/S005/ko/Magnus_setting1_1_ko.wav,0.000
Magnus,Magnus_setting1_1_ko_0.wav,S000,Assets/Addressables/Sound/VOICE/Magnus/S000/ko/Magnus_setting1_1_ko.wav,0.000
Magnus,Magnus_setting1_2_ko.wav,S005,Assets/Addressables/Sound/VOICE/Magnus/S005/ko/Magnus_setting1_2_ko.wav,0.010
Magnus,Magnus_setting2_1_ko.wav,S000,Assets/Addressables/Sound/VOICE/Magnus/S000/ko/Magnus_setting2_1_ko.wav,0.000
Magnus,Magnus_setting2_1_ko_0.wav,S005,Assets/Addressables/Sound/VOICE/Magnus/S005/ko/Magnus_setting2_1_ko.wav,0.000
Magnus,Magnus_setting2_2_ko.wav,S005,Assets/Addressables/Sound/VOICE/Magnus/S005/ko/Magnus_setting2_2_ko.wav,0.002
Magnus,Magnus_setting3_1_ko.wav,S000,Assets/Addressables/Sound/VOICE/Magnus/S000/ko/Magnus_setting3_1_ko.wav,0.000
Magnus,Magnus_setting3_1_ko_0.wav,S005,Assets/Addressables/Sound/VOICE/Magnus/S005/ko/Magnus_setting3_1_ko.wav,0.000
Magnus,Magnus_setting3_2_ko.wav,S005,Assets/Addressables/Sound/VOICE/Magnus/S005/ko/Magnus_setting3_2_ko.wav,0.000
Magnus,Magnus_setting4_1_ko.wav,S000,Assets/Addressables/Sound/VOICE/Magnus/S000/ko/Magnus_setting4_1_ko.wav,0.000
Magnus,Magnus_setting4_1_ko_0.wav,S005,Assets/Addressables/Sound/VOICE/Magnus/S005/ko/Magnus_setting4_1_ko.wav,0.000
Magnus,Magnus_setting4_2_ko.wav,S005,Assets/Addressables/Sound/VOICE/Magnus/S005/ko/Magnus_setting4_2_ko.wav,0.000
Magnus,Magnus_setting5_1_ko.wav,S000,Assets/Addressables/Sound/VOICE/Magnus/S000/ko/Magnus_setting5_1_ko.wav,0.000
Magnus,Magnus_setting5_1_ko_0.wav,S005,Assets/Addressables/Sound/VOICE/Magnus/S005/ko/Magnus_setting5_1_ko.wav,0.000
Magnus,Magnus_setting5_2_ko.wav,S005,Assets/Addressables/Sound/VOICE/Magnus/S005/ko/Magnus_setting5_2_ko.wav,0.000
Magnus,Magnus_setting5_3_ko.wav,S005,Assets/Addressables/Sound/VOICE/Magnus/S005/ko/Magnus_setting5_3_ko.wav,0.000
Magnus,Magnus_setting5_4_ko.wav,S005,Assets/Addressables/Sound/VOICE/Magnus/S005/ko/Magnus_setting5_4_ko.wav,0.000
Magnus,Magnus_setting6_1_ko.wav,S000,Assets/Addressables/Sound/VOICE/Magnus/S000/ko/Magnus_setting6_1_ko.wav,0.000
Magnus,Magnus_setting6_1_ko_0.wav,S005,Assets/Addressables/Sound/VOICE/Magnus/S005/ko/Magnus_setting6_1_ko.wav,0.000
Magnus,Magnus_setting6_2_ko.wav,S005,Assets/Addressables/Sound/VOICE/Magnus/S005/ko/Magnus_setting6_2_ko.wav,0.000
Magnus,Magnus_setting6_3_ko.wav,S005,Assets/Addressables/Sound/VOICE/Magnus/S005/ko/Magnus_setting6_3_ko.wav,0.000
Magnus,Magnus_setting6_4_ko.wav,S005,Assets/Addressables/Sound/VOICE/Magnus/S005/ko/Magnus_setting6_4_ko.wav,0.000
Magnus,Magnus_setting6_5_ko.wav,S005,Assets/Addressables/Sound/VOICE/Magnus/S005/ko/Magnus_setting6_5_ko.wav,0.000
Magnus,Magnus_targetOn_1_ko.wav,S000,Assets/Addressables/Sound/VOICE/Magnus/S000/ko/Magnus_targetOn_1_ko.wav,0.000
Magnus,Magnus_targetOn_1_ko_0.wav,S005,Assets/Addressables/Sound/VOICE/Magnus/S005/ko/Magnus_targetOn_1_ko.wav,0.000
Magnus,Magnus_targetOn_2_ko.wav,S005,Assets/Addressables/Sound/VOICE/Magnus/S005/ko/Magnus_targetOn_2_ko.wav,0.000
Magnus,Magnus_targetOn_2_ko_0.wav,S000,Assets/Addressables/Sound/VOICE/Magnus/S000/ko/Magnus_targetOn_2_ko.wav,0.000
Magnus,Magnus_terminateActivate_1_ko.wav,S005,Assets/Addressables/Sound/VOICE/Magnus/S005/ko/Magnus_terminateActivate_1_ko.wav,0.000
Magnus,Magnus_terminateActivate_1_ko_0.wav,S000,Assets/Addressables/Sound/VOICE/Magnus/S000/ko/Magnus_terminateActivate_1_ko.wav,0.000
Magnus,Magnus_trap_1_ko.wav,S000,Assets/Addressables/Sound/VOICE/Magnus/S000/ko/Magnus_trap_1_ko.wav,0.000
Magnus,Magnus_trap_1_ko_0.wav,S005,Assets/Addressables/Sound/VOICE/Magnus/S005/ko/Magnus_trap_1_ko.wav,0.000
Magnus,Magnus_trap_2_ko.wav,S005,Assets/Addressables/Sound/VOICE/Magnus/S005/ko/Magnus_trap_2_ko.wav,0.000
Magnus,Magnus_trap_2_ko_0.wav,S000,Assets/Addressables/Sound/VOICE/Magnus/S000/ko/Magnus_trap_2_ko.wav,0.000
Magnus,Magnus_victory_1_ko.wav,S005,Assets/Addressables/Sound/VOICE/Magnus/S005/ko/Magnus_victory_1_ko.wav,0.000
Magnus,Magnus_victory_1_ko_0.wav,S000,Assets/Addressables/Sound/VOICE/Magnus/S000/ko/Magnus_victory_1_ko.wav,0.000
Magnus,Magnus_victory_2_ko.wav,S005,Assets/Addressables/Sound/VOICE/Magnus/S005/ko/Magnus_victory_2_ko.wav,0.000
Magnus,Magnus_victory_2_ko_0.wav,S000,Assets/Addressables/Sound/VOICE/Magnus/S000/ko/Magnus_victory_2_ko.wav,0.000
Sissela,Sissela_Dead_1_ko.wav,S004,Assets/Addressables/Sound/VOICE/Sissela/S004/ko/Sissela_Dead_1_ko.wav,0.000
Sissela,Sissela_Dead_2_ko.wav,S004,Assets/Addressables/Sound/VOICE/Sissela/S004/ko/Sissela_Dead_2_ko.wav,0.000
Sissela,Sissela_Dead_3_ko.wav,S004,Assets/Addressables/Sound/VOICE/Sissela/S004/ko/Sissela_Dead_3_ko.wav,0.000
Sissela,Sissela_PlaySkill1015100seq0_1_ko.wav,S004,Assets/Addressables/Sound/VOICE/Sissela/S004/ko/Sissela_PlaySkill1015100seq0_1_ko.wav,0.000
Sissela,Sissela_PlaySkill1015100seq0_2_ko.wav,S004,Assets/Addressables/Sound/VOICE/Sissela/S004/ko/Sissela_PlaySkill1015100seq0_2_ko.wav,0.000
Sissela,Sissela_PlaySkill1015100seq0_3_ko.wav,S004,Assets/Addressables/Sound/VOICE/Sissela/S004/ko/Sissela_PlaySkill1015100seq0_3_ko.wav,0.000
Sissela,Sissela_PlaySkill1015200seq0_1_ko.wav,S004,Assets/Addressables/Sound/VOICE/Sissela/S004/ko/Sissela_PlaySkill1015200seq0_1_ko.wav,0.000
Sissela,Sissela_PlaySkill1015200seq0_1_ko_0.wav,S000,Assets/Addressables/Sound/VOICE/Sissela/S000/ko/Sissela_PlaySkill1015200seq0_1_ko.wav,0.000
Sissela,Sissela_PlaySkill1015200seq0_2_ko.wav,S000,Assets/Addressables/Sound/VOICE/Sissela/S000/ko/Sissela_PlaySkill1015200seq0_2_ko.wav,0.000
Sissela,Sissela_PlaySkill1015200seq0_2_ko_0.wav,S004,Assets/Addressables/Sound/VOICE/Sissela/S004/ko/Sissela_PlaySkill1015200seq0_2_ko.wav,0.000
Sissela,Sissela_PlaySkill1015200seq0_3_ko.wav,S004,Assets/Addressables/Sound/VOICE/Sissela/S004/ko/Sissela_PlaySkill1015200seq0_3_ko.wav,0.000
Sissela,Sissela_PlaySkill1015200seq0_3_ko_0.wav,S000,Assets/Addressables/Sound/VOICE/Sissela/S000/ko/Sissela_PlaySkill1015200seq0_3_ko.wav,0.000
Sissela,Sissela_PlaySkill1015300seq0_1_ko.wav,S004,Assets/Addressables/Sound/VOICE/Sissela/S004/ko/Sissela_PlaySkill1015300seq0_1_ko.wav,0.000
Sissela,Sissela_PlaySkill1015300seq0_1_ko_0.wav,S000,Assets/Addressables/Sound/VOICE/Sissela/S000/ko/Sissela_PlaySkill1015300seq0_1_ko.wav,0.000
Sissela,Sissela_PlaySkill1015300seq0_2_ko.wav,S000,Assets/Addressables/Sound/VOICE/Sissela/S000/ko/Sissela_PlaySkill1015300seq0_2_ko.wav,0.000
Sissela,Sissela_PlaySkill1015300seq0_2_ko_0.wav,S004,Assets/Addressables/Sound/VOICE/Sissela/S004/ko/Sissela_PlaySkill1015300seq0_2_ko.wav,0.007
Sissela,Sissela_PlaySkill1015300seq0_3_ko.wav,S000,Assets/Addressables/Sound/VOICE/Sissela/S000/ko/Sissela_PlaySkill1015300seq0_3_ko.wav,0.000
Sissela,Sissela_PlaySkill1015300seq0_3_ko_0.wav,S004,Assets/Addressables/Sound/VOICE/Sissela/S004/ko/Sissela_PlaySkill1015300seq0_3_ko.wav,0.000
Sissela,Sissela_PlaySkill1015500seq0_1_ko.wav,S004,Assets/Addressables/Sound/VOICE/Sissela/S004/ko/Sissela_PlaySkill1015500seq0_1_ko.wav,0.000
Sissela,Sissela_PlaySkill1015500seq0_1_ko_0.wav,S005,Assets/Addressables/Sound/VOICE/Sissela/S005/ko/Sissela_PlaySkill1015500seq0_1_ko.wav,0.000
Sissela,Sissela_PlaySkill1015500seq0_1_ko_1.wav,S000,Assets/Addressables/Sound/VOICE/Sissela/S000/ko/Sissela_PlaySkill1015500seq0_1_ko.wav,0.000
Sissela,Sissela_PlaySkill1015500seq0_2_ko.wav,S000,Assets/Addressables/Sound/VOICE/Sissela/S000/ko/Sissela_PlaySkill1015500seq0_2_ko.wav,0.000
Sissela,Sissela_PlaySkill1015500seq0_2_ko_0.wav,S004,Assets/Addressables/Sound/VOICE/Sissela/S004/ko/Sissela_PlaySkill1015500seq0_2_ko.wav,0.000
Sissela,Sissela_PlaySkill1015500seq0_2_ko_1.wav,S005,Assets/Addressables/Sound/VOICE/Sissela/S005/ko/Sissela_PlaySkill1015500seq0_2_ko.wav,0.000
Sissela,Sissela_PlaySkill1015500seq0_3_ko.wav,S000,Assets/Addressables/Sound/VOICE/Sissela/S000/ko/Sissela_PlaySkill1015500seq0_3_ko.wav,0.000
Sissela,Sissela_PlaySkill1015500seq0_3_ko_0.wav,S005,Assets/Addressables/Sound/VOICE/Sissela/S005/ko/Sissela_PlaySkill1015500seq0_3_ko.wav,0.010
Sissela,Sissela_PlaySkill1015500seq0_3_ko_1.wav,S004,Assets/Addressables/Sound/VOICE/Sissela/S004/ko/Sissela_PlaySkill1015500seq0_3_ko.wav,0.000
Sissela,Sissela_VictoryCutscene_ko.wav,S000,Assets/Addressables/Sound/VOICE/Sissela/S000/ko/Sissela_VictoryCutscene_ko.wav,파형상관 1.0000
Sissela,Sissela_VictoryCutscene_ko_0.wav,S004,Assets/Addressables/Sound/VOICE/Sissela/S004/ko/Sissela_VictoryCutscene_ko.wav,파형상관 1.0000
Sissela,Sissela_airSupply_1_ko.wav,S000,Assets/Addressables/Sound/VOICE/Sissela/S000/ko/Sissela_airSupply_1_ko.wav,0.000
Sissela,Sissela_airSupply_1_ko_0.wav,S004,Assets/Addressables/Sound/VOICE/Sissela/S004/ko/Sissela_airSupply_1_ko.wav,0.000
Sissela,Sissela_airSupply_2_ko.wav,S004,Assets/Addressables/Sound/VOICE/Sissela/S004/ko/Sissela_airSupply_2_ko.wav,0.000
Sissela,Sissela_airSupply_2_ko_0.wav,S000,Assets/Addressables/Sound/VOICE/Sissela/S000/ko/Sissela_airSupply_2_ko.wav,0.000
Sissela,Sissela_airSupply_3_ko.wav,S000,Assets/Addressables/Sound/VOICE/Sissela/S000/ko/Sissela_airSupply_3_ko.wav,0.000
Sissela,Sissela_airSupply_3_ko_0.wav,S004,Assets/Addressables/Sound/VOICE/Sissela/S004/ko/Sissela_airSupply_3_ko.wav,0.000
Sissela,Sissela_box_1_ko.wav,S004,Assets/Addressables/Sound/VOICE/Sissela/S004/ko/Sissela_box_1_ko.wav,0.000
Sissela,Sissela_box_1_ko_0.wav,S000,Assets/Addressables/Sound/VOICE/Sissela/S000/ko/Sissela_box_1_ko.wav,0.000
Sissela,Sissela_box_2_ko.wav,S004,Assets/Addressables/Sound/VOICE/Sissela/S004/ko/Sissela_box_2_ko.wav,0.000
Sissela,Sissela_box_2_ko_0.wav,S000,Assets/Addressables/Sound/VOICE/Sissela/S000/ko/Sissela_box_2_ko.wav,0.000
Sissela,Sissela_box_3_ko.wav,S004,Assets/Addressables/Sound/VOICE/Sissela/S004/ko/Sissela_box_3_ko.wav,0.000
Sissela,Sissela_box_3_ko_0.wav,S000,Assets/Addressables/Sound/VOICE/Sissela/S000/ko/Sissela_box_3_ko.wav,0.000
Sissela,Sissela_box_4_ko.wav,S000,Assets/Addressables/Sound/VOICE/Sissela/S000/ko/Sissela_box_4_ko.wav,0.000
Sissela,Sissela_box_4_ko_0.wav,S004,Assets/Addressables/Sound/VOICE/Sissela/S004/ko/Sissela_box_4_ko.wav,0.000
Sissela,Sissela_callRemoteDrone_1_ko.wav,S000,Assets/Addressables/Sound/VOICE/Sissela/S000/ko/Sissela_callRemoteDrone_1_ko.wav,0.000
Sissela,Sissela_callRemoteDrone_2_ko.wav,S000,Assets/Addressables/Sound/VOICE/Sissela/S000/ko/Sissela_callRemoteDrone_2_ko.wav,0.000
Sissela,Sissela_cctv_1_ko.wav,S000,Assets/Addressables/Sound/VOICE/Sissela/S000/ko/Sissela_cctv_1_ko.wav,0.000
Sissela,Sissela_cctv_1_ko_0.wav,S004,Assets/Addressables/Sound/VOICE/Sissela/S004/ko/Sissela_cctv_1_ko.wav,0.000
Sissela,Sissela_cctv_2_ko.wav,S004,Assets/Addressables/Sound/VOICE/Sissela/S004/ko/Sissela_cctv_2_ko.wav,0.000
Sissela,Sissela_cctv_2_ko_0.wav,S000,Assets/Addressables/Sound/VOICE/Sissela/S000/ko/Sissela_cctv_2_ko.wav,0.000
Sissela,Sissela_clutchActivate_1_ko.wav,S000,Assets/Addressables/Sound/VOICE/Sissela/S000/ko/Sissela_clutchActivate_1_ko.wav,0.000
Sissela,Sissela_clutchActivate_1_ko_0.wav,S004,Assets/Addressables/Sound/VOICE/Sissela/S004/ko/Sissela_clutchActivate_1_ko.wav,0.000
Sissela,Sissela_cobaltOccupation_1_ko.wav,S000,Assets/Addressables/Sound/VOICE/Sissela/S000/ko/Sissela_cobaltOccupation_1_ko.wav,0.000
Sissela,Sissela_collectbrunch_1_ko.wav,S000,Assets/Addressables/Sound/VOICE/Sissela/S000/ko/Sissela_collectbrunch_1_ko.wav,0.000
Sissela,Sissela_collectbrunch_1_ko_0.wav,S004,Assets/Addressables/Sound/VOICE/Sissela/S004/ko/Sissela_collectbrunch_1_ko.wav,0.000
Sissela,Sissela_collectfishRiver_1_ko.wav,S004,Assets/Addressables/Sound/VOICE/Sissela/S004/ko/Sissela_collectfishRiver_1_ko.wav,0.010
Sissela,Sissela_collectfishRiver_1_ko_0.wav,S000,Assets/Addressables/Sound/VOICE/Sissela/S000/ko/Sissela_collectfishRiver_1_ko.wav,0.000
Sissela,Sissela_collectfishSea_1_ko.wav,S004,Assets/Addressables/Sound/VOICE/Sissela/S004/ko/Sissela_collectfishSea_1_ko.wav,0.000
Sissela,Sissela_collectfishSea_1_ko_0.wav,S000,Assets/Addressables/Sound/VOICE/Sissela/S000/ko/Sissela_collectfishSea_1_ko.wav,0.000
Sissela,Sissela_collectflower_1_ko.wav,S000,Assets/Addressables/Sound/VOICE/Sissela/S000/ko/Sissela_collectflower_1_ko.wav,0.000
Sissela,Sissela_collectflower_1_ko_0.wav,S004,Assets/Addressables/Sound/VOICE/Sissela/S004/ko/Sissela_collectflower_1_ko.wav,0.000
Sissela,Sissela_collectpotato_1_ko.wav,S004,Assets/Addressables/Sound/VOICE/Sissela/S004/ko/Sissela_collectpotato_1_ko.wav,0.000
Sissela,Sissela_collectpotato_1_ko_0.wav,S000,Assets/Addressables/Sound/VOICE/Sissela/S000/ko/Sissela_collectpotato_1_ko.wav,0.000
Sissela,Sissela_collectstone_1_ko.wav,S004,Assets/Addressables/Sound/VOICE/Sissela/S004/ko/Sissela_collectstone_1_ko.wav,0.010
Sissela,Sissela_collectstone_1_ko_0.wav,S000,Assets/Addressables/Sound/VOICE/Sissela/S000/ko/Sissela_collectstone_1_ko.wav,0.000
Sissela,Sissela_collectwater_1_ko.wav,S004,Assets/Addressables/Sound/VOICE/Sissela/S004/ko/Sissela_collectwater_1_ko.wav,0.000
Sissela,Sissela_collectwater_1_ko_0.wav,S000,Assets/Addressables/Sound/VOICE/Sissela/S000/ko/Sissela_collectwater_1_ko.wav,0.000
Sissela,Sissela_communicationPing_food_1_ko.wav,S000,Assets/Addressables/Sound/VOICE/Sissela/S000/ko/Sissela_communicationPing_food_1_ko.wav,0.000
Sissela,Sissela_communicationPing_goal_1_ko.wav,S000,Assets/Addressables/Sound/VOICE/Sissela/S000/ko/Sissela_communicationPing_goal_1_ko.wav,0.000
Sissela,Sissela_communicationPing_ok_1_ko.wav,S000,Assets/Addressables/Sound/VOICE/Sissela/S000/ko/Sissela_communicationPing_ok_1_ko.wav,0.000
Sissela,Sissela_communicationPing_waiting_1_ko.wav,S000,Assets/Addressables/Sound/VOICE/Sissela/S000/ko/Sissela_communicationPing_waiting_1_ko.wav,0.000
Sissela,Sissela_communicationping_drink_1_ko.wav,S000,Assets/Addressables/Sound/VOICE/Sissela/S000/ko/Sissela_communicationping_drink_1_ko.wav,0.000
Sissela,Sissela_communicationping_gathering_1_ko.wav,S000,Assets/Addressables/Sound/VOICE/Sissela/S000/ko/Sissela_communicationping_gathering_1_ko.wav,0.000
Sissela,Sissela_craftEpic_1_ko.wav,S004,Assets/Addressables/Sound/VOICE/Sissela/S004/ko/Sissela_craftEpic_1_ko.wav,0.000
Sissela,Sissela_craftEpic_1_ko_0.wav,S000,Assets/Addressables/Sound/VOICE/Sissela/S000/ko/Sissela_craftEpic_1_ko.wav,0.000
Sissela,Sissela_craftEpic_2_ko.wav,S004,Assets/Addressables/Sound/VOICE/Sissela/S004/ko/Sissela_craftEpic_2_ko.wav,0.000
Sissela,Sissela_craftEpic_2_ko_0.wav,S000,Assets/Addressables/Sound/VOICE/Sissela/S000/ko/Sissela_craftEpic_2_ko.wav,0.000
Sissela,Sissela_craftEpic_3_ko.wav,S000,Assets/Addressables/Sound/VOICE/Sissela/S000/ko/Sissela_craftEpic_3_ko.wav,0.000
Sissela,Sissela_craftEpic_3_ko_0.wav,S004,Assets/Addressables/Sound/VOICE/Sissela/S004/ko/Sissela_craftEpic_3_ko.wav,0.000
Sissela,Sissela_craftLegend_1_ko.wav,S000,Assets/Addressables/Sound/VOICE/Sissela/S000/ko/Sissela_craftLegend_1_ko.wav,0.000
Sissela,Sissela_craftLegend_1_ko_0.wav,S004,Assets/Addressables/Sound/VOICE/Sissela/S004/ko/Sissela_craftLegend_1_ko.wav,0.000
Sissela,Sissela_craftLegend_2_ko.wav,S004,Assets/Addressables/Sound/VOICE/Sissela/S004/ko/Sissela_craftLegend_2_ko.wav,0.000
Sissela,Sissela_craftLegend_2_ko_0.wav,S000,Assets/Addressables/Sound/VOICE/Sissela/S000/ko/Sissela_craftLegend_2_ko.wav,0.000
Sissela,Sissela_craftLegend_3_ko.wav,S000,Assets/Addressables/Sound/VOICE/Sissela/S000/ko/Sissela_craftLegend_3_ko.wav,0.000
Sissela,Sissela_craftLegend_3_ko_0.wav,S004,Assets/Addressables/Sound/VOICE/Sissela/S004/ko/Sissela_craftLegend_3_ko.wav,0.000
Sissela,Sissela_craftRare_1_ko.wav,S004,Assets/Addressables/Sound/VOICE/Sissela/S004/ko/Sissela_craftRare_1_ko.wav,0.000
Sissela,Sissela_craftRare_1_ko_0.wav,S000,Assets/Addressables/Sound/VOICE/Sissela/S000/ko/Sissela_craftRare_1_ko.wav,0.000
Sissela,Sissela_craftRare_2_ko.wav,S004,Assets/Addressables/Sound/VOICE/Sissela/S004/ko/Sissela_craftRare_2_ko.wav,0.000
Sissela,Sissela_craftRare_2_ko_0.wav,S000,Assets/Addressables/Sound/VOICE/Sissela/S000/ko/Sissela_craftRare_2_ko.wav,0.000
Sissela,Sissela_craftRare_3_ko.wav,S004,Assets/Addressables/Sound/VOICE/Sissela/S004/ko/Sissela_craftRare_3_ko.wav,파형상관 1.0000
Sissela,Sissela_craftRare_3_ko_0.wav,S000,Assets/Addressables/Sound/VOICE/Sissela/S000/ko/Sissela_craftRare_3_ko.wav,파형상관 1.0000
Sissela,Sissela_craftUncommon_1_ko.wav,S004,Assets/Addressables/Sound/VOICE/Sissela/S004/ko/Sissela_craftUncommon_1_ko.wav,0.009
Sissela,Sissela_craftUncommon_1_ko_0.wav,S000,Assets/Addressables/Sound/VOICE/Sissela/S000/ko/Sissela_craftUncommon_1_ko.wav,0.010
Sissela,Sissela_craftUncommon_2_ko.wav,S000,Assets/Addressables/Sound/VOICE/Sissela/S000/ko/Sissela_craftUncommon_2_ko.wav,0.000
Sissela,Sissela_craftUncommon_2_ko_0.wav,S004,Assets/Addressables/Sound/VOICE/Sissela/S004/ko/Sissela_craftUncommon_2_ko.wav,0.000
Sissela,Sissela_craftUncommon_3_ko.wav,S004,Assets/Addressables/Sound/VOICE/Sissela/S004/ko/Sissela_craftUncommon_3_ko.wav,0.000
Sissela,Sissela_craftUncommon_3_ko_0.wav,S000,Assets/Addressables/Sound/VOICE/Sissela/S000/ko/Sissela_craftUncommon_3_ko.wav,0.000
Sissela,Sissela_findCorpsEnemyKill_1_ko.wav,S004,Assets/Addressables/Sound/VOICE/Sissela/S004/ko/Sissela_findCorpsEnemyKill_1_ko.wav,0.000
Sissela,Sissela_findCorpsEnemyKill_1_ko_0.wav,S000,Assets/Addressables/Sound/VOICE/Sissela/S000/ko/Sissela_findCorpsEnemyKill_1_ko.wav,0.000
Sissela,Sissela_firstMove_1_ko.wav,S004,Assets/Addressables/Sound/VOICE/Sissela/S004/ko/Sissela_firstMove_1_ko.wav,0.000
Sissela,Sissela_firstMove_1_ko_0.wav,S000,Assets/Addressables/Sound/VOICE/Sissela/S000/ko/Sissela_firstMove_1_ko.wav,0.000
Sissela,Sissela_firstMove_2_ko.wav,S000,Assets/Addressables/Sound/VOICE/Sissela/S000/ko/Sissela_firstMove_2_ko.wav,0.010
Sissela,Sissela_firstMove_2_ko_0.wav,S004,Assets/Addressables/Sound/VOICE/Sissela/S004/ko/Sissela_firstMove_2_ko.wav,0.000
Sissela,Sissela_firstMove_3_ko.wav,S000,Assets/Addressables/Sound/VOICE/Sissela/S000/ko/Sissela_firstMove_3_ko.wav,0.000
Sissela,Sissela_firstMove_3_ko_0.wav,S004,Assets/Addressables/Sound/VOICE/Sissela/S004/ko/Sissela_firstMove_3_ko.wav,0.000
Sissela,Sissela_hacking_1_ko.wav,S000,Assets/Addressables/Sound/VOICE/Sissela/S000/ko/Sissela_hacking_1_ko.wav,0.000
Sissela,Sissela_hacking_2_ko.wav,S000,Assets/Addressables/Sound/VOICE/Sissela/S000/ko/Sissela_hacking_2_ko.wav,0.000
Sissela,Sissela_hackinglost_1_ko.wav,S004,Assets/Addressables/Sound/VOICE/Sissela/S004/ko/Sissela_hackinglost_1_ko.wav,0.000
Sissela,Sissela_hackinglost_1_ko_0.wav,S000,Assets/Addressables/Sound/VOICE/Sissela/S000/ko/Sissela_hackinglost_1_ko.wav,0.000
Sissela,Sissela_highlyPlaced_1_ko.wav,S000,Assets/Addressables/Sound/VOICE/Sissela/S000/ko/Sissela_highlyPlaced_1_ko.wav,0.000
Sissela,Sissela_highlyPlaced_1_ko_0.wav,S004,Assets/Addressables/Sound/VOICE/Sissela/S004/ko/Sissela_highlyPlaced_1_ko.wav,0.000
Sissela,Sissela_highlyPlaced_2_ko.wav,S000,Assets/Addressables/Sound/VOICE/Sissela/S000/ko/Sissela_highlyPlaced_2_ko.wav,0.000
Sissela,Sissela_highlyPlaced_2_ko_0.wav,S004,Assets/Addressables/Sound/VOICE/Sissela/S004/ko/Sissela_highlyPlaced_2_ko.wav,0.000
Sissela,Sissela_hyperloopAlly_1_ko.wav,S000,Assets/Addressables/Sound/VOICE/Sissela/S000/ko/Sissela_hyperloopAlly_1_ko.wav,0.000
Sissela,Sissela_hyperloopAlly_2_ko.wav,S000,Assets/Addressables/Sound/VOICE/Sissela/S000/ko/Sissela_hyperloopAlly_2_ko.wav,0.000
Sissela,Sissela_hyperloopAlly_3_ko.wav,S000,Assets/Addressables/Sound/VOICE/Sissela/S000/ko/Sissela_hyperloopAlly_3_ko.wav,0.000
Sissela,Sissela_hyperloop_1_ko.wav,S004,Assets/Addressables/Sound/VOICE/Sissela/S004/ko/Sissela_hyperloop_1_ko.wav,0.000
Sissela,Sissela_hyperloop_1_ko_0.wav,S000,Assets/Addressables/Sound/VOICE/Sissela/S000/ko/Sissela_hyperloop_1_ko.wav,0.010
Sissela,Sissela_hyperloop_2_ko.wav,S000,Assets/Addressables/Sound/VOICE/Sissela/S000/ko/Sissela_hyperloop_2_ko.wav,0.000
Sissela,Sissela_hyperloop_2_ko_0.wav,S004,Assets/Addressables/Sound/VOICE/Sissela/S004/ko/Sissela_hyperloop_2_ko.wav,0.000
Sissela,Sissela_kill10Player_1_ko.wav,S004,Assets/Addressables/Sound/VOICE/Sissela/S004/ko/Sissela_kill10Player_1_ko.wav,0.000
Sissela,Sissela_kill10Player_1_ko_0.wav,S000,Assets/Addressables/Sound/VOICE/Sissela/S000/ko/Sissela_kill10Player_1_ko.wav,0.000
Sissela,Sissela_kill11Player_1_ko.wav,S004,Assets/Addressables/Sound/VOICE/Sissela/S004/ko/Sissela_kill11Player_1_ko.wav,0.010
Sissela,Sissela_kill11Player_1_ko_0.wav,S000,Assets/Addressables/Sound/VOICE/Sissela/S000/ko/Sissela_kill11Player_1_ko.wav,0.000
Sissela,Sissela_kill12Player_1_ko.wav,S000,Assets/Addressables/Sound/VOICE/Sissela/S000/ko/Sissela_kill12Player_1_ko.wav,0.000
Sissela,Sissela_kill12Player_1_ko_0.wav,S004,Assets/Addressables/Sound/VOICE/Sissela/S004/ko/Sissela_kill12Player_1_ko.wav,0.000
Sissela,Sissela_kill13Player_1_ko.wav,S004,Assets/Addressables/Sound/VOICE/Sissela/S004/ko/Sissela_kill13Player_1_ko.wav,0.000
Sissela,Sissela_kill13Player_1_ko_0.wav,S000,Assets/Addressables/Sound/VOICE/Sissela/S000/ko/Sissela_kill13Player_1_ko.wav,0.000
Sissela,Sissela_kill14Player_1_ko.wav,S004,Assets/Addressables/Sound/VOICE/Sissela/S004/ko/Sissela_kill14Player_1_ko.wav,0.000
Sissela,Sissela_kill14Player_1_ko_0.wav,S000,Assets/Addressables/Sound/VOICE/Sissela/S000/ko/Sissela_kill14Player_1_ko.wav,0.008
Sissela,Sissela_kill1Player_1_ko.wav,S004,Assets/Addressables/Sound/VOICE/Sissela/S004/ko/Sissela_kill1Player_1_ko.wav,0.000
Sissela,Sissela_kill1Player_1_ko_0.wav,S000,Assets/Addressables/Sound/VOICE/Sissela/S000/ko/Sissela_kill1Player_1_ko.wav,0.000
Sissela,Sissela_kill1Player_2_ko.wav,S004,Assets/Addressables/Sound/VOICE/Sissela/S004/ko/Sissela_kill1Player_2_ko.wav,0.000
Sissela,Sissela_kill1Player_2_ko_0.wav,S000,Assets/Addressables/Sound/VOICE/Sissela/S000/ko/Sissela_kill1Player_2_ko.wav,0.000
Sissela,Sissela_kill2Player_1_ko.wav,S000,Assets/Addressables/Sound/VOICE/Sissela/S000/ko/Sissela_kill2Player_1_ko.wav,0.000
Sissela,Sissela_kill2Player_1_ko_0.wav,S004,Assets/Addressables/Sound/VOICE/Sissela/S004/ko/Sissela_kill2Player_1_ko.wav,0.006
Sissela,Sissela_kill3Player_1_ko.wav,S000,Assets/Addressables/Sound/VOICE/Sissela/S000/ko/Sissela_kill3Player_1_ko.wav,0.000
Sissela,Sissela_kill3Player_1_ko_0.wav,S004,Assets/Addressables/Sound/VOICE/Sissela/S004/ko/Sissela_kill3Player_1_ko.wav,0.000
Sissela,Sissela_kill4Player_1_ko.wav,S000,Assets/Addressables/Sound/VOICE/Sissela/S000/ko/Sissela_kill4Player_1_ko.wav,0.000
Sissela,Sissela_kill4Player_1_ko_0.wav,S004,Assets/Addressables/Sound/VOICE/Sissela/S004/ko/Sissela_kill4Player_1_ko.wav,0.000
Sissela,Sissela_kill5Player_1_ko.wav,S000,Assets/Addressables/Sound/VOICE/Sissela/S000/ko/Sissela_kill5Player_1_ko.wav,0.000
Sissela,Sissela_kill5Player_1_ko_0.wav,S004,Assets/Addressables/Sound/VOICE/Sissela/S004/ko/Sissela_kill5Player_1_ko.wav,0.000
Sissela,Sissela_kill6Player_1_ko.wav,S004,Assets/Addressables/Sound/VOICE/Sissela/S004/ko/Sissela_kill6Player_1_ko.wav,0.000
Sissela,Sissela_kill6Player_1_ko_0.wav,S000,Assets/Addressables/Sound/VOICE/Sissela/S000/ko/Sissela_kill6Player_1_ko.wav,0.000
Sissela,Sissela_kill7Player_1_ko.wav,S004,Assets/Addressables/Sound/VOICE/Sissela/S004/ko/Sissela_kill7Player_1_ko.wav,0.000
Sissela,Sissela_kill7Player_1_ko_0.wav,S000,Assets/Addressables/Sound/VOICE/Sissela/S000/ko/Sissela_kill7Player_1_ko.wav,0.000
Sissela,Sissela_kill8Player_1_ko.wav,S004,Assets/Addressables/Sound/VOICE/Sissela/S004/ko/Sissela_kill8Player_1_ko.wav,0.000
Sissela,Sissela_kill8Player_1_ko_0.wav,S000,Assets/Addressables/Sound/VOICE/Sissela/S000/ko/Sissela_kill8Player_1_ko.wav,0.000
Sissela,Sissela_kill9Player_1_ko.wav,S004,Assets/Addressables/Sound/VOICE/Sissela/S004/ko/Sissela_kill9Player_1_ko.wav,0.000
Sissela,Sissela_kill9Player_1_ko_0.wav,S000,Assets/Addressables/Sound/VOICE/Sissela/S000/ko/Sissela_kill9Player_1_ko.wav,0.000
Sissela,Sissela_killMonster_1_ko.wav,S000,Assets/Addressables/Sound/VOICE/Sissela/S000/ko/Sissela_killMonster_1_ko.wav,0.000
Sissela,Sissela_killMonster_1_ko_0.wav,S004,Assets/Addressables/Sound/VOICE/Sissela/S004/ko/Sissela_killMonster_1_ko.wav,0.000
Sissela,Sissela_killMonster_2_ko.wav,S000,Assets/Addressables/Sound/VOICE/Sissela/S000/ko/Sissela_killMonster_2_ko.wav,0.000
Sissela,Sissela_killMonster_2_ko_0.wav,S004,Assets/Addressables/Sound/VOICE/Sissela/S004/ko/Sissela_killMonster_2_ko.wav,0.000
Sissela,Sissela_killMonster_3_ko.wav,S004,Assets/Addressables/Sound/VOICE/Sissela/S004/ko/Sissela_killMonster_3_ko.wav,0.000
Sissela,Sissela_killMonster_3_ko_0.wav,S000,Assets/Addressables/Sound/VOICE/Sissela/S000/ko/Sissela_killMonster_3_ko.wav,0.000
Sissela,Sissela_learnweaponskill_DirectFire_1_ko.wav,S004,Assets/Addressables/Sound/VOICE/Sissela/S004/ko/Sissela_learnweaponskill_DirectFire_1_ko.wav,0.000
Sissela,Sissela_learnweaponskill_DirectFire_1_ko_0.wav,S000,Assets/Addressables/Sound/VOICE/Sissela/S000/ko/Sissela_learnweaponskill_DirectFire_1_ko.wav,0.000
Sissela,Sissela_learnweaponskill_DirectFire_2_ko.wav,S004,Assets/Addressables/Sound/VOICE/Sissela/S004/ko/Sissela_learnweaponskill_DirectFire_2_ko.wav,0.000
Sissela,Sissela_learnweaponskill_DirectFire_2_ko_0.wav,S000,Assets/Addressables/Sound/VOICE/Sissela/S000/ko/Sissela_learnweaponskill_DirectFire_2_ko.wav,0.000
Sissela,Sissela_learnweaponskill_HighAngleFire_1_ko.wav,S000,Assets/Addressables/Sound/VOICE/Sissela/S000/ko/Sissela_learnweaponskill_HighAngleFire_1_ko.wav,0.000
Sissela,Sissela_learnweaponskill_HighAngleFire_1_ko_0.wav,S004,Assets/Addressables/Sound/VOICE/Sissela/S004/ko/Sissela_learnweaponskill_HighAngleFire_1_ko.wav,0.000
Sissela,Sissela_learnweaponskill_HighAngleFire_2_ko.wav,S000,Assets/Addressables/Sound/VOICE/Sissela/S000/ko/Sissela_learnweaponskill_HighAngleFire_2_ko.wav,0.010
Sissela,Sissela_learnweaponskill_HighAngleFire_2_ko_0.wav,S004,Assets/Addressables/Sound/VOICE/Sissela/S004/ko/Sissela_learnweaponskill_HighAngleFire_2_ko.wav,0.000
Sissela,Sissela_lootCorpsEnemyKill_1_ko.wav,S004,Assets/Addressables/Sound/VOICE/Sissela/S004/ko/Sissela_lootCorpsEnemyKill_1_ko.wav,0.000
Sissela,Sissela_lootCorpsEnemyKill_1_ko_0.wav,S000,Assets/Addressables/Sound/VOICE/Sissela/S000/ko/Sissela_lootCorpsEnemyKill_1_ko.wav,0.000
Sissela,Sissela_lootCorpsSelfKill_1_ko.wav,S004,Assets/Addressables/Sound/VOICE/Sissela/S004/ko/Sissela_lootCorpsSelfKill_1_ko.wav,0.000
Sissela,Sissela_lootCorpsSelfKill_1_ko_0.wav,S000,Assets/Addressables/Sound/VOICE/Sissela/S000/ko/Sissela_lootCorpsSelfKill_1_ko.wav,0.000
Sissela,Sissela_lost_1_ko.wav,S004,Assets/Addressables/Sound/VOICE/Sissela/S004/ko/Sissela_lost_1_ko.wav,0.000
Sissela,Sissela_lost_1_ko_0.wav,S000,Assets/Addressables/Sound/VOICE/Sissela/S000/ko/Sissela_lost_1_ko.wav,0.000
Sissela,Sissela_lost_2_ko.wav,S000,Assets/Addressables/Sound/VOICE/Sissela/S000/ko/Sissela_lost_2_ko.wav,0.000
Sissela,Sissela_lost_2_ko_0.wav,S004,Assets/Addressables/Sound/VOICE/Sissela/S004/ko/Sissela_lost_2_ko.wav,0.000
Sissela,Sissela_makeFood_1_ko.wav,S000,Assets/Addressables/Sound/VOICE/Sissela/S000/ko/Sissela_makeFood_1_ko.wav,0.000
Sissela,Sissela_makeFood_2_ko.wav,S000,Assets/Addressables/Sound/VOICE/Sissela/S000/ko/Sissela_makeFood_2_ko.wav,0.000
Sissela,Sissela_makeFood_3_ko.wav,S000,Assets/Addressables/Sound/VOICE/Sissela/S000/ko/Sissela_makeFood_3_ko.wav,0.000
Sissela,Sissela_moveInAlley_1_ko.wav,S000,Assets/Addressables/Sound/VOICE/Sissela/S000/ko/Sissela_moveInAlley_1_ko.wav,0.000
Sissela,Sissela_moveInAlley_1_ko_0.wav,S004,Assets/Addressables/Sound/VOICE/Sissela/S004/ko/Sissela_moveInAlley_1_ko.wav,0.000
Sissela,Sissela_moveInAlley_2_ko.wav,S000,Assets/Addressables/Sound/VOICE/Sissela/S000/ko/Sissela_moveInAlley_2_ko.wav,0.000
Sissela,Sissela_moveInAlley_2_ko_0.wav,S004,Assets/Addressables/Sound/VOICE/Sissela/S004/ko/Sissela_moveInAlley_2_ko.wav,0.000
Sissela,Sissela_moveInAlley_3_ko.wav,S000,Assets/Addressables/Sound/VOICE/Sissela/S000/ko/Sissela_moveInAlley_3_ko.wav,0.000
Sissela,Sissela_moveInAlley_3_ko_0.wav,S004,Assets/Addressables/Sound/VOICE/Sissela/S004/ko/Sissela_moveInAlley_3_ko.wav,0.000
Sissela,Sissela_moveInArchery_1_ko.wav,S004,Assets/Addressables/Sound/VOICE/Sissela/S004/ko/Sissela_moveInArchery_1_ko.wav,0.010
Sissela,Sissela_moveInArchery_1_ko_0.wav,S000,Assets/Addressables/Sound/VOICE/Sissela/S000/ko/Sissela_moveInArchery_1_ko.wav,0.000
Sissela,Sissela_moveInArchery_2_ko.wav,S000,Assets/Addressables/Sound/VOICE/Sissela/S000/ko/Sissela_moveInArchery_2_ko.wav,0.000
Sissela,Sissela_moveInArchery_2_ko_0.wav,S004,Assets/Addressables/Sound/VOICE/Sissela/S004/ko/Sissela_moveInArchery_2_ko.wav,0.000
Sissela,Sissela_moveInArchery_3_ko.wav,S004,Assets/Addressables/Sound/VOICE/Sissela/S004/ko/Sissela_moveInArchery_3_ko.wav,0.000
Sissela,Sissela_moveInArchery_3_ko_0.wav,S000,Assets/Addressables/Sound/VOICE/Sissela/S000/ko/Sissela_moveInArchery_3_ko.wav,0.000
Sissela,Sissela_moveInCemetery_1_ko.wav,S004,Assets/Addressables/Sound/VOICE/Sissela/S004/ko/Sissela_moveInCemetery_1_ko.wav,0.000
Sissela,Sissela_moveInCemetery_1_ko_0.wav,S000,Assets/Addressables/Sound/VOICE/Sissela/S000/ko/Sissela_moveInCemetery_1_ko.wav,0.000
Sissela,Sissela_moveInCemetery_2_ko.wav,S004,Assets/Addressables/Sound/VOICE/Sissela/S004/ko/Sissela_moveInCemetery_2_ko.wav,0.000
Sissela,Sissela_moveInCemetery_2_ko_0.wav,S000,Assets/Addressables/Sound/VOICE/Sissela/S000/ko/Sissela_moveInCemetery_2_ko.wav,0.000
Sissela,Sissela_moveInCemetery_3_ko.wav,S000,Assets/Addressables/Sound/VOICE/Sissela/S000/ko/Sissela_moveInCemetery_3_ko.wav,0.000
Sissela,Sissela_moveInCemetery_3_ko_0.wav,S004,Assets/Addressables/Sound/VOICE/Sissela/S004/ko/Sissela_moveInCemetery_3_ko.wav,0.000
Sissela,Sissela_moveInChurch_1_ko.wav,S004,Assets/Addressables/Sound/VOICE/Sissela/S004/ko/Sissela_moveInChurch_1_ko.wav,0.009
Sissela,Sissela_moveInChurch_1_ko_0.wav,S000,Assets/Addressables/Sound/VOICE/Sissela/S000/ko/Sissela_moveInChurch_1_ko.wav,0.000
Sissela,Sissela_moveInChurch_2_ko.wav,S000,Assets/Addressables/Sound/VOICE/Sissela/S000/ko/Sissela_moveInChurch_2_ko.wav,0.000
Sissela,Sissela_moveInChurch_2_ko_0.wav,S004,Assets/Addressables/Sound/VOICE/Sissela/S004/ko/Sissela_moveInChurch_2_ko.wav,0.000
Sissela,Sissela_moveInChurch_3_ko.wav,S004,Assets/Addressables/Sound/VOICE/Sissela/S004/ko/Sissela_moveInChurch_3_ko.wav,0.000
Sissela,Sissela_moveInChurch_3_ko_0.wav,S000,Assets/Addressables/Sound/VOICE/Sissela/S000/ko/Sissela_moveInChurch_3_ko.wav,0.000
Sissela,Sissela_moveInFactory_1_ko.wav,S000,Assets/Addressables/Sound/VOICE/Sissela/S000/ko/Sissela_moveInFactory_1_ko.wav,0.000
Sissela,Sissela_moveInFactory_1_ko_0.wav,S004,Assets/Addressables/Sound/VOICE/Sissela/S004/ko/Sissela_moveInFactory_1_ko.wav,0.000
Sissela,Sissela_moveInFactory_2_ko.wav,S004,Assets/Addressables/Sound/VOICE/Sissela/S004/ko/Sissela_moveInFactory_2_ko.wav,0.000
Sissela,Sissela_moveInFactory_2_ko_0.wav,S000,Assets/Addressables/Sound/VOICE/Sissela/S000/ko/Sissela_moveInFactory_2_ko.wav,0.000
Sissela,Sissela_moveInFactory_3_ko.wav,S004,Assets/Addressables/Sound/VOICE/Sissela/S004/ko/Sissela_moveInFactory_3_ko.wav,0.010
Sissela,Sissela_moveInFactory_3_ko_0.wav,S000,Assets/Addressables/Sound/VOICE/Sissela/S000/ko/Sissela_moveInFactory_3_ko.wav,0.000
Sissela,Sissela_moveInFireStation_1_ko.wav,S000,Assets/Addressables/Sound/VOICE/Sissela/S000/ko/Sissela_moveInFireStation_1_ko.wav,0.000
Sissela,Sissela_moveInFireStation_1_ko_0.wav,S004,Assets/Addressables/Sound/VOICE/Sissela/S004/ko/Sissela_moveInFireStation_1_ko.wav,0.000
Sissela,Sissela_moveInFireStation_2_ko.wav,S004,Assets/Addressables/Sound/VOICE/Sissela/S004/ko/Sissela_moveInFireStation_2_ko.wav,0.000
Sissela,Sissela_moveInFireStation_2_ko_0.wav,S000,Assets/Addressables/Sound/VOICE/Sissela/S000/ko/Sissela_moveInFireStation_2_ko.wav,0.000
Sissela,Sissela_moveInFireStation_3_ko.wav,S000,Assets/Addressables/Sound/VOICE/Sissela/S000/ko/Sissela_moveInFireStation_3_ko.wav,0.000
Sissela,Sissela_moveInFireStation_3_ko_0.wav,S004,Assets/Addressables/Sound/VOICE/Sissela/S004/ko/Sissela_moveInFireStation_3_ko.wav,0.000
Sissela,Sissela_moveInForest_1_ko.wav,S004,Assets/Addressables/Sound/VOICE/Sissela/S004/ko/Sissela_moveInForest_1_ko.wav,0.000
Sissela,Sissela_moveInForest_1_ko_0.wav,S000,Assets/Addressables/Sound/VOICE/Sissela/S000/ko/Sissela_moveInForest_1_ko.wav,0.000
Sissela,Sissela_moveInForest_2_ko.wav,S004,Assets/Addressables/Sound/VOICE/Sissela/S004/ko/Sissela_moveInForest_2_ko.wav,0.000
Sissela,Sissela_moveInForest_2_ko_0.wav,S000,Assets/Addressables/Sound/VOICE/Sissela/S000/ko/Sissela_moveInForest_2_ko.wav,0.000
Sissela,Sissela_moveInForest_3_ko.wav,S004,Assets/Addressables/Sound/VOICE/Sissela/S004/ko/Sissela_moveInForest_3_ko.wav,0.000
Sissela,Sissela_moveInForest_3_ko_0.wav,S000,Assets/Addressables/Sound/VOICE/Sissela/S000/ko/Sissela_moveInForest_3_ko.wav,0.000
Sissela,Sissela_moveInGasStation_1_ko.wav,S004,Assets/Addressables/Sound/VOICE/Sissela/S004/ko/Sissela_moveInGasStation_1_ko.wav,0.000
Sissela,Sissela_moveInGasStation_1_ko_0.wav,S000,Assets/Addressables/Sound/VOICE/Sissela/S000/ko/Sissela_moveInGasStation_1_ko.wav,0.000
Sissela,Sissela_moveInGasStation_2_ko.wav,S004,Assets/Addressables/Sound/VOICE/Sissela/S004/ko/Sissela_moveInGasStation_2_ko.wav,0.000
Sissela,Sissela_moveInGasStation_2_ko_0.wav,S000,Assets/Addressables/Sound/VOICE/Sissela/S000/ko/Sissela_moveInGasStation_2_ko.wav,0.000
Sissela,Sissela_moveInGasStation_3_ko.wav,S004,Assets/Addressables/Sound/VOICE/Sissela/S004/ko/Sissela_moveInGasStation_3_ko.wav,0.000
Sissela,Sissela_moveInGasStation_3_ko_0.wav,S000,Assets/Addressables/Sound/VOICE/Sissela/S000/ko/Sissela_moveInGasStation_3_ko.wav,0.000
Sissela,Sissela_moveInHarbor_1_ko.wav,S000,Assets/Addressables/Sound/VOICE/Sissela/S000/ko/Sissela_moveInHarbor_1_ko.wav,0.000
Sissela,Sissela_moveInHarbor_1_ko_0.wav,S004,Assets/Addressables/Sound/VOICE/Sissela/S004/ko/Sissela_moveInHarbor_1_ko.wav,0.000
Sissela,Sissela_moveInHarbor_2_ko.wav,S004,Assets/Addressables/Sound/VOICE/Sissela/S004/ko/Sissela_moveInHarbor_2_ko.wav,0.010
Sissela,Sissela_moveInHarbor_2_ko_0.wav,S000,Assets/Addressables/Sound/VOICE/Sissela/S000/ko/Sissela_moveInHarbor_2_ko.wav,0.000
Sissela,Sissela_moveInHarbor_3_ko.wav,S004,Assets/Addressables/Sound/VOICE/Sissela/S004/ko/Sissela_moveInHarbor_3_ko.wav,0.000
Sissela,Sissela_moveInHarbor_3_ko_0.wav,S000,Assets/Addressables/Sound/VOICE/Sissela/S000/ko/Sissela_moveInHarbor_3_ko.wav,0.000
Sissela,Sissela_moveInHospital_1_ko.wav,S000,Assets/Addressables/Sound/VOICE/Sissela/S000/ko/Sissela_moveInHospital_1_ko.wav,0.000
Sissela,Sissela_moveInHospital_1_ko_0.wav,S004,Assets/Addressables/Sound/VOICE/Sissela/S004/ko/Sissela_moveInHospital_1_ko.wav,0.000
Sissela,Sissela_moveInHospital_2_ko.wav,S004,Assets/Addressables/Sound/VOICE/Sissela/S004/ko/Sissela_moveInHospital_2_ko.wav,0.000
Sissela,Sissela_moveInHospital_2_ko_0.wav,S000,Assets/Addressables/Sound/VOICE/Sissela/S000/ko/Sissela_moveInHospital_2_ko.wav,0.000
Sissela,Sissela_moveInHospital_3_ko.wav,S000,Assets/Addressables/Sound/VOICE/Sissela/S000/ko/Sissela_moveInHospital_3_ko.wav,0.000
Sissela,Sissela_moveInHospital_3_ko_0.wav,S004,Assets/Addressables/Sound/VOICE/Sissela/S004/ko/Sissela_moveInHospital_3_ko.wav,0.009
Sissela,Sissela_moveInHotel_1_ko.wav,S000,Assets/Addressables/Sound/VOICE/Sissela/S000/ko/Sissela_moveInHotel_1_ko.wav,0.000
Sissela,Sissela_moveInHotel_1_ko_0.wav,S004,Assets/Addressables/Sound/VOICE/Sissela/S004/ko/Sissela_moveInHotel_1_ko.wav,0.000
Sissela,Sissela_moveInHotel_2_ko.wav,S000,Assets/Addressables/Sound/VOICE/Sissela/S000/ko/Sissela_moveInHotel_2_ko.wav,0.000
Sissela,Sissela_moveInHotel_2_ko_0.wav,S004,Assets/Addressables/Sound/VOICE/Sissela/S004/ko/Sissela_moveInHotel_2_ko.wav,0.000
Sissela,Sissela_moveInHotel_3_ko.wav,S004,Assets/Addressables/Sound/VOICE/Sissela/S004/ko/Sissela_moveInHotel_3_ko.wav,0.010
Sissela,Sissela_moveInHotel_3_ko_0.wav,S000,Assets/Addressables/Sound/VOICE/Sissela/S000/ko/Sissela_moveInHotel_3_ko.wav,0.000
Sissela,Sissela_moveInLaboratoryOutside_1_ko.wav,S000,Assets/Addressables/Sound/VOICE/Sissela/S000/ko/Sissela_moveInLaboratoryOutside_1_ko.wav,0.000
Sissela,Sissela_moveInLaboratoryOutside_2_ko.wav,S000,Assets/Addressables/Sound/VOICE/Sissela/S000/ko/Sissela_moveInLaboratoryOutside_2_ko.wav,0.010
Sissela,Sissela_moveInLaboratoryOutside_3_ko.wav,S000,Assets/Addressables/Sound/VOICE/Sissela/S000/ko/Sissela_moveInLaboratoryOutside_3_ko.wav,0.000
Sissela,Sissela_moveInLaboratory_1_ko.wav,S004,Assets/Addressables/Sound/VOICE/Sissela/S004/ko/Sissela_moveInLaboratory_1_ko.wav,0.000
Sissela,Sissela_moveInLaboratory_1_ko_0.wav,S000,Assets/Addressables/Sound/VOICE/Sissela/S000/ko/Sissela_moveInLaboratory_1_ko.wav,0.000
Sissela,Sissela_moveInLaboratory_2_ko.wav,S004,Assets/Addressables/Sound/VOICE/Sissela/S004/ko/Sissela_moveInLaboratory_2_ko.wav,0.000
Sissela,Sissela_moveInLaboratory_2_ko_0.wav,S000,Assets/Addressables/Sound/VOICE/Sissela/S000/ko/Sissela_moveInLaboratory_2_ko.wav,0.010
Sissela,Sissela_moveInLaboratory_3_ko.wav,S000,Assets/Addressables/Sound/VOICE/Sissela/S000/ko/Sissela_moveInLaboratory_3_ko.wav,0.000
Sissela,Sissela_moveInLaboratory_3_ko_0.wav,S004,Assets/Addressables/Sound/VOICE/Sissela/S004/ko/Sissela_moveInLaboratory_3_ko.wav,0.000
Sissela,Sissela_moveInPoliceStation_1_ko.wav,S004,Assets/Addressables/Sound/VOICE/Sissela/S004/ko/Sissela_moveInPoliceStation_1_ko.wav,0.000
Sissela,Sissela_moveInPoliceStation_1_ko_0.wav,S000,Assets/Addressables/Sound/VOICE/Sissela/S000/ko/Sissela_moveInPoliceStation_1_ko.wav,0.000
Sissela,Sissela_moveInPoliceStation_2_ko.wav,S000,Assets/Addressables/Sound/VOICE/Sissela/S000/ko/Sissela_moveInPoliceStation_2_ko.wav,0.000
Sissela,Sissela_moveInPoliceStation_2_ko_0.wav,S004,Assets/Addressables/Sound/VOICE/Sissela/S004/ko/Sissela_moveInPoliceStation_2_ko.wav,0.000
Sissela,Sissela_moveInPoliceStation_3_ko.wav,S000,Assets/Addressables/Sound/VOICE/Sissela/S000/ko/Sissela_moveInPoliceStation_3_ko.wav,0.000
Sissela,Sissela_moveInPoliceStation_3_ko_0.wav,S004,Assets/Addressables/Sound/VOICE/Sissela/S004/ko/Sissela_moveInPoliceStation_3_ko.wav,0.000
Sissela,Sissela_moveInPond_1_ko.wav,S000,Assets/Addressables/Sound/VOICE/Sissela/S000/ko/Sissela_moveInPond_1_ko.wav,0.000
Sissela,Sissela_moveInPond_1_ko_0.wav,S004,Assets/Addressables/Sound/VOICE/Sissela/S004/ko/Sissela_moveInPond_1_ko.wav,0.000
Sissela,Sissela_moveInPond_2_ko.wav,S000,Assets/Addressables/Sound/VOICE/Sissela/S000/ko/Sissela_moveInPond_2_ko.wav,0.000
Sissela,Sissela_moveInPond_2_ko_0.wav,S004,Assets/Addressables/Sound/VOICE/Sissela/S004/ko/Sissela_moveInPond_2_ko.wav,0.000
Sissela,Sissela_moveInPond_3_ko.wav,S004,Assets/Addressables/Sound/VOICE/Sissela/S004/ko/Sissela_moveInPond_3_ko.wav,0.000
Sissela,Sissela_moveInPond_3_ko_0.wav,S000,Assets/Addressables/Sound/VOICE/Sissela/S000/ko/Sissela_moveInPond_3_ko.wav,0.000
Sissela,Sissela_moveInSandyBeach_1_ko.wav,S004,Assets/Addressables/Sound/VOICE/Sissela/S004/ko/Sissela_moveInSandyBeach_1_ko.wav,0.000
Sissela,Sissela_moveInSandyBeach_1_ko_0.wav,S000,Assets/Addressables/Sound/VOICE/Sissela/S000/ko/Sissela_moveInSandyBeach_1_ko.wav,0.000
Sissela,Sissela_moveInSandyBeach_2_ko.wav,S000,Assets/Addressables/Sound/VOICE/Sissela/S000/ko/Sissela_moveInSandyBeach_2_ko.wav,0.000
Sissela,Sissela_moveInSandyBeach_2_ko_0.wav,S004,Assets/Addressables/Sound/VOICE/Sissela/S004/ko/Sissela_moveInSandyBeach_2_ko.wav,0.000
Sissela,Sissela_moveInSandyBeach_3_ko.wav,S000,Assets/Addressables/Sound/VOICE/Sissela/S000/ko/Sissela_moveInSandyBeach_3_ko.wav,0.000
Sissela,Sissela_moveInSandyBeach_3_ko_0.wav,S004,Assets/Addressables/Sound/VOICE/Sissela/S004/ko/Sissela_moveInSandyBeach_3_ko.wav,0.000
Sissela,Sissela_moveInSchool_1_ko.wav,S004,Assets/Addressables/Sound/VOICE/Sissela/S004/ko/Sissela_moveInSchool_1_ko.wav,0.010
Sissela,Sissela_moveInSchool_1_ko_0.wav,S000,Assets/Addressables/Sound/VOICE/Sissela/S000/ko/Sissela_moveInSchool_1_ko.wav,0.003
Sissela,Sissela_moveInSchool_2_ko.wav,S000,Assets/Addressables/Sound/VOICE/Sissela/S000/ko/Sissela_moveInSchool_2_ko.wav,0.000
Sissela,Sissela_moveInSchool_2_ko_0.wav,S004,Assets/Addressables/Sound/VOICE/Sissela/S004/ko/Sissela_moveInSchool_2_ko.wav,0.000
Sissela,Sissela_moveInSchool_3_ko.wav,S004,Assets/Addressables/Sound/VOICE/Sissela/S004/ko/Sissela_moveInSchool_3_ko.wav,0.000
Sissela,Sissela_moveInSchool_3_ko_0.wav,S000,Assets/Addressables/Sound/VOICE/Sissela/S000/ko/Sissela_moveInSchool_3_ko.wav,0.010
Sissela,Sissela_moveInStream_1_ko.wav,S000,Assets/Addressables/Sound/VOICE/Sissela/S000/ko/Sissela_moveInStream_1_ko.wav,0.000
Sissela,Sissela_moveInStream_1_ko_0.wav,S004,Assets/Addressables/Sound/VOICE/Sissela/S004/ko/Sissela_moveInStream_1_ko.wav,0.000
Sissela,Sissela_moveInStream_2_ko.wav,S004,Assets/Addressables/Sound/VOICE/Sissela/S004/ko/Sissela_moveInStream_2_ko.wav,0.000
Sissela,Sissela_moveInStream_2_ko_0.wav,S000,Assets/Addressables/Sound/VOICE/Sissela/S000/ko/Sissela_moveInStream_2_ko.wav,0.000
Sissela,Sissela_moveInStream_3_ko.wav,S000,Assets/Addressables/Sound/VOICE/Sissela/S000/ko/Sissela_moveInStream_3_ko.wav,0.000
Sissela,Sissela_moveInStream_3_ko_0.wav,S004,Assets/Addressables/Sound/VOICE/Sissela/S004/ko/Sissela_moveInStream_3_ko.wav,0.000
Sissela,Sissela_moveInTemple_1_ko.wav,S000,Assets/Addressables/Sound/VOICE/Sissela/S000/ko/Sissela_moveInTemple_1_ko.wav,0.000
Sissela,Sissela_moveInTemple_1_ko_0.wav,S004,Assets/Addressables/Sound/VOICE/Sissela/S004/ko/Sissela_moveInTemple_1_ko.wav,0.000
Sissela,Sissela_moveInTemple_2_ko.wav,S004,Assets/Addressables/Sound/VOICE/Sissela/S004/ko/Sissela_moveInTemple_2_ko.wav,0.000
Sissela,Sissela_moveInTemple_2_ko_0.wav,S000,Assets/Addressables/Sound/VOICE/Sissela/S000/ko/Sissela_moveInTemple_2_ko.wav,0.000
Sissela,Sissela_moveInTemple_3_ko.wav,S000,Assets/Addressables/Sound/VOICE/Sissela/S000/ko/Sissela_moveInTemple_3_ko.wav,0.000
Sissela,Sissela_moveInTemple_3_ko_0.wav,S004,Assets/Addressables/Sound/VOICE/Sissela/S004/ko/Sissela_moveInTemple_3_ko.wav,0.000
Sissela,Sissela_moveInUptown_1_ko.wav,S004,Assets/Addressables/Sound/VOICE/Sissela/S004/ko/Sissela_moveInUptown_1_ko.wav,0.000
Sissela,Sissela_moveInUptown_1_ko_0.wav,S000,Assets/Addressables/Sound/VOICE/Sissela/S000/ko/Sissela_moveInUptown_1_ko.wav,0.000
Sissela,Sissela_moveInUptown_2_ko.wav,S000,Assets/Addressables/Sound/VOICE/Sissela/S000/ko/Sissela_moveInUptown_2_ko.wav,0.000
Sissela,Sissela_moveInUptown_2_ko_0.wav,S004,Assets/Addressables/Sound/VOICE/Sissela/S004/ko/Sissela_moveInUptown_2_ko.wav,0.000
Sissela,Sissela_moveInUptown_3_ko.wav,S004,Assets/Addressables/Sound/VOICE/Sissela/S004/ko/Sissela_moveInUptown_3_ko.wav,0.000
Sissela,Sissela_moveInUptown_3_ko_0.wav,S000,Assets/Addressables/Sound/VOICE/Sissela/S000/ko/Sissela_moveInUptown_3_ko.wav,0.000
Sissela,Sissela_moveInWarehouse_1_ko.wav,S004,Assets/Addressables/Sound/VOICE/Sissela/S004/ko/Sissela_moveInWarehouse_1_ko.wav,0.000
Sissela,Sissela_moveInWarehouse_1_ko_0.wav,S000,Assets/Addressables/Sound/VOICE/Sissela/S000/ko/Sissela_moveInWarehouse_1_ko.wav,0.000
Sissela,Sissela_moveInWarehouse_2_ko.wav,S004,Assets/Addressables/Sound/VOICE/Sissela/S004/ko/Sissela_moveInWarehouse_2_ko.wav,0.010
Sissela,Sissela_moveInWarehouse_2_ko_0.wav,S000,Assets/Addressables/Sound/VOICE/Sissela/S000/ko/Sissela_moveInWarehouse_2_ko.wav,0.000
Sissela,Sissela_moveInWarehouse_3_ko.wav,S004,Assets/Addressables/Sound/VOICE/Sissela/S004/ko/Sissela_moveInWarehouse_3_ko.wav,0.000
Sissela,Sissela_moveInWarehouse_3_ko_0.wav,S000,Assets/Addressables/Sound/VOICE/Sissela/S000/ko/Sissela_moveInWarehouse_3_ko.wav,0.000
Sissela,Sissela_moveRestrictedArea_1_ko.wav,S000,Assets/Addressables/Sound/VOICE/Sissela/S000/ko/Sissela_moveRestrictedArea_1_ko.wav,0.000
Sissela,Sissela_moveRestrictedArea_1_ko_0.wav,S004,Assets/Addressables/Sound/VOICE/Sissela/S004/ko/Sissela_moveRestrictedArea_1_ko.wav,0.000
Sissela,Sissela_moveRestrictedArea_2_ko.wav,S000,Assets/Addressables/Sound/VOICE/Sissela/S000/ko/Sissela_moveRestrictedArea_2_ko.wav,0.000
Sissela,Sissela_moveRestrictedArea_2_ko_0.wav,S004,Assets/Addressables/Sound/VOICE/Sissela/S004/ko/Sissela_moveRestrictedArea_2_ko.wav,0.000
Sissela,Sissela_moveRestrictedArea_3_ko.wav,S000,Assets/Addressables/Sound/VOICE/Sissela/S000/ko/Sissela_moveRestrictedArea_3_ko.wav,0.000
Sissela,Sissela_moveRestrictedArea_3_ko_0.wav,S004,Assets/Addressables/Sound/VOICE/Sissela/S004/ko/Sissela_moveRestrictedArea_3_ko.wav,0.010
Sissela,Sissela_moveinBargeship_1_ko.wav,S004,Assets/Addressables/Sound/VOICE/Sissela/S004/ko/Sissela_moveinBargeship_1_ko.wav,0.000
Sissela,Sissela_moveinBargeship_1_ko_0.wav,S000,Assets/Addressables/Sound/VOICE/Sissela/S000/ko/Sissela_moveinBargeship_1_ko.wav,0.000
Sissela,Sissela_moveinBargeship_2_ko.wav,S000,Assets/Addressables/Sound/VOICE/Sissela/S000/ko/Sissela_moveinBargeship_2_ko.wav,0.000
Sissela,Sissela_moveinBargeship_2_ko_0.wav,S004,Assets/Addressables/Sound/VOICE/Sissela/S004/ko/Sissela_moveinBargeship_2_ko.wav,0.010
Sissela,Sissela_moveinBargeship_3_ko.wav,S000,Assets/Addressables/Sound/VOICE/Sissela/S000/ko/Sissela_moveinBargeship_3_ko.wav,0.000
Sissela,Sissela_moveinBargeship_3_ko_0.wav,S004,Assets/Addressables/Sound/VOICE/Sissela/S004/ko/Sissela_moveinBargeship_3_ko.wav,0.000
Sissela,Sissela_rest_1_ko.wav,S000,Assets/Addressables/Sound/VOICE/Sissela/S000/ko/Sissela_rest_1_ko.wav,0.000
Sissela,Sissela_rest_1_ko_0.wav,S004,Assets/Addressables/Sound/VOICE/Sissela/S004/ko/Sissela_rest_1_ko.wav,0.000
Sissela,Sissela_resurrection_1_ko.wav,S000,Assets/Addressables/Sound/VOICE/Sissela/S000/ko/Sissela_resurrection_1_ko.wav,0.000
Sissela,Sissela_resurrection_2_ko.wav,S000,Assets/Addressables/Sound/VOICE/Sissela/S000/ko/Sissela_resurrection_2_ko.wav,0.000
Sissela,Sissela_resurrection_3_ko.wav,S000,Assets/Addressables/Sound/VOICE/Sissela/S000/ko/Sissela_resurrection_3_ko.wav,0.000
Sissela,Sissela_revive_1_ko.wav,S000,Assets/Addressables/Sound/VOICE/Sissela/S000/ko/Sissela_revive_1_ko.wav,0.000
Sissela,Sissela_revive_2_ko.wav,S000,Assets/Addressables/Sound/VOICE/Sissela/S000/ko/Sissela_revive_2_ko.wav,0.010
Sissela,Sissela_revive_3_ko.wav,S000,Assets/Addressables/Sound/VOICE/Sissela/S000/ko/Sissela_revive_3_ko.wav,0.002
Sissela,Sissela_save_1_ko.wav,S000,Assets/Addressables/Sound/VOICE/Sissela/S000/ko/Sissela_save_1_ko.wav,0.000
Sissela,Sissela_selected2_1_ko.wav,S000,Assets/Addressables/Sound/VOICE/Sissela/S000/ko/Sissela_selected2_1_ko.wav,0.000
Sissela,Sissela_selected2_1_ko_0.wav,S004,Assets/Addressables/Sound/VOICE/Sissela/S004/ko/Sissela_selected2_1_ko.wav,0.000
Sissela,Sissela_selected_1_ko.wav,S004,Assets/Addressables/Sound/VOICE/Sissela/S004/ko/Sissela_selected_1_ko.wav,0.004
Sissela,Sissela_selected_1_ko_0.wav,S000,Assets/Addressables/Sound/VOICE/Sissela/S000/ko/Sissela_selected_1_ko.wav,0.000
Sissela,Sissela_setting1_1_ko.wav,S000,Assets/Addressables/Sound/VOICE/Sissela/S000/ko/Sissela_setting1_1_ko.wav,0.009
Sissela,Sissela_setting1_1_ko_0.wav,S004,Assets/Addressables/Sound/VOICE/Sissela/S004/ko/Sissela_setting1_1_ko.wav,0.000
Sissela,Sissela_setting2_1_ko.wav,S004,Assets/Addressables/Sound/VOICE/Sissela/S004/ko/Sissela_setting2_1_ko.wav,0.000
Sissela,Sissela_setting2_1_ko_0.wav,S000,Assets/Addressables/Sound/VOICE/Sissela/S000/ko/Sissela_setting2_1_ko.wav,0.000
Sissela,Sissela_setting3_1_ko.wav,S004,Assets/Addressables/Sound/VOICE/Sissela/S004/ko/Sissela_setting3_1_ko.wav,0.000
Sissela,Sissela_setting3_1_ko_0.wav,S000,Assets/Addressables/Sound/VOICE/Sissela/S000/ko/Sissela_setting3_1_ko.wav,0.000
Sissela,Sissela_setting4_1_ko.wav,S000,Assets/Addressables/Sound/VOICE/Sissela/S000/ko/Sissela_setting4_1_ko.wav,0.000
Sissela,Sissela_setting4_1_ko_0.wav,S004,Assets/Addressables/Sound/VOICE/Sissela/S004/ko/Sissela_setting4_1_ko.wav,0.000
Sissela,Sissela_setting5_1_ko.wav,S000,Assets/Addressables/Sound/VOICE/Sissela/S000/ko/Sissela_setting5_1_ko.wav,0.000
Sissela,Sissela_setting5_1_ko_0.wav,S004,Assets/Addressables/Sound/VOICE/Sissela/S004/ko/Sissela_setting5_1_ko.wav,0.000
Sissela,Sissela_setting6_1_ko.wav,S000,Assets/Addressables/Sound/VOICE/Sissela/S000/ko/Sissela_setting6_1_ko.wav,0.000
Sissela,Sissela_setting6_1_ko_0.wav,S004,Assets/Addressables/Sound/VOICE/Sissela/S004/ko/Sissela_setting6_1_ko.wav,0.000
Sissela,Sissela_targetOn_1_ko.wav,S000,Assets/Addressables/Sound/VOICE/Sissela/S000/ko/Sissela_targetOn_1_ko.wav,0.000
Sissela,Sissela_targetOn_1_ko_0.wav,S004,Assets/Addressables/Sound/VOICE/Sissela/S004/ko/Sissela_targetOn_1_ko.wav,0.000
Sissela,Sissela_targetOn_2_ko.wav,S004,Assets/Addressables/Sound/VOICE/Sissela/S004/ko/Sissela_targetOn_2_ko.wav,0.000
Sissela,Sissela_targetOn_2_ko_0.wav,S000,Assets/Addressables/Sound/VOICE/Sissela/S000/ko/Sissela_targetOn_2_ko.wav,0.000
Sissela,Sissela_terminateActivate_1_ko.wav,S000,Assets/Addressables/Sound/VOICE/Sissela/S000/ko/Sissela_terminateActivate_1_ko.wav,0.000
Sissela,Sissela_terminateActivate_1_ko_0.wav,S004,Assets/Addressables/Sound/VOICE/Sissela/S004/ko/Sissela_terminateActivate_1_ko.wav,0.000
Sissela,Sissela_trap_1_ko.wav,S004,Assets/Addressables/Sound/VOICE/Sissela/S004/ko/Sissela_trap_1_ko.wav,0.000
Sissela,Sissela_trap_1_ko_0.wav,S000,Assets/Addressables/Sound/VOICE/Sissela/S000/ko/Sissela_trap_1_ko.wav,0.000
Sissela,Sissela_trap_2_ko.wav,S000,Assets/Addressables/Sound/VOICE/Sissela/S000/ko/Sissela_trap_2_ko.wav,0.000
Sissela,Sissela_trap_2_ko_0.wav,S004,Assets/Addressables/Sound/VOICE/Sissela/S004/ko/Sissela_trap_2_ko.wav,0.000
Sissela,Sissela_victory_1_ko.wav,S000,Assets/Addressables/Sound/VOICE/Sissela/S000/ko/Sissela_victory_1_ko.wav,0.000
Sissela,Sissela_victory_1_ko_0.wav,S004,Assets/Addressables/Sound/VOICE/Sissela/S004/ko/Sissela_victory_1_ko.wav,0.003
Sissela,Sissela_victory_2_ko.wav,S004,Assets/Addressables/Sound/VOICE/Sissela/S004/ko/Sissela_victory_2_ko.wav,0.000
Sissela,Sissela_victory_2_ko_0.wav,S000,Assets/Addressables/Sound/VOICE/Sissela/S000/ko/Sissela_victory_2_ko.wav,0.010
